Shipping_Mode,Order_Priority,Customer_Segment,Market,Product_Category,Order_Quantity,Discount,Price,Days_for_Shipment_Scheduled,Order_Weekday,Order_Month,Late_Delivery_Risk
Standard Class,Critical,Consumer,Europe,Furniture,6,0.37,680.89,7,Tuesday,10,1
Same Day,Low,Consumer,Pacific Asia,Apparel,2,0.36,1131.42,1,Saturday,8,0
Second Class,High,Consumer,LATAM,Electronics,9,0.02,747.89,1,Wednesday,3,0
Second Class,Low,Consumer,Europe,Apparel,8,0.05,110.16,1,Tuesday,8,0
Standard Class,Low,Consumer,USCA,Office Supplies,1,0.15,604.08,5,Thursday,8,0
Standard Class,Medium,Corporate,LATAM,Apparel,17,0.37,1074.27,1,Saturday,4,1
Standard Class,Critical,Consumer,Pacific Asia,Electronics,13,0.34,500.39,3,Friday,11,1
First Class,Critical,Corporate,Pacific Asia,Furniture,5,0.02,1019.07,6,Thursday,5,0
Second Class,Low,Consumer,Africa,Furniture,7,0.2,955.08,4,Wednesday,1,0
Second Class,Low,Consumer,USCA,Office Supplies,9,0.29,1088.65,1,Wednesday,9,0
Standard Class,Medium,Consumer,Europe,Apparel,14,0.11,323.06,7,Wednesday,9,0
Same Day,Medium,Home Office,Africa,Office Supplies,19,0.29,600.9,3,Monday,4,0
First Class,Medium,Consumer,Pacific Asia,Apparel,1,0.15,408.9,5,Tuesday,5,0
Standard Class,Low,Corporate,Europe,Grocery,3,0.11,645.78,4,Sunday,5,0
Standard Class,Critical,Corporate,Pacific Asia,Office Supplies,16,0.16,32.76,6,Saturday,3,1
Standard Class,Medium,Consumer,Pacific Asia,Apparel,8,0.38,297.59,5,Wednesday,7,0
Standard Class,High,Corporate,USCA,Grocery,7,0.36,1169.1,4,Thursday,10,0
Standard Class,Medium,Home Office,LATAM,Office Supplies,11,0.37,727.73,3,Friday,8,0
Standard Class,Medium,Corporate,Europe,Furniture,15,0.37,216.26,3,Friday,12,1
Standard Class,Critical,Consumer,USCA,Grocery,13,0.07,614.9,4,Saturday,3,1
Second Class,Medium,Corporate,Pacific Asia,Office Supplies,6,0.36,840.6,7,Thursday,10,0
Standard Class,High,Corporate,Pacific Asia,Electronics,5,0.08,728.43,3,Wednesday,1,0
Standard Class,Critical,Consumer,USCA,Furniture,4,0.34,607.29,6,Wednesday,6,1
Standard Class,Medium,Consumer,Europe,Grocery,19,0.22,812.01,2,Wednesday,9,1
Standard Class,Medium,Consumer,Pacific Asia,Apparel,15,0.1,208.66,4,Tuesday,7,0
First Class,Low,Consumer,Europe,Electronics,5,0.16,531.44,1,Wednesday,3,0
Standard Class,Low,Consumer,USCA,Apparel,11,0.17,902.81,6,Tuesday,4,0
Standard Class,Low,Consumer,Pacific Asia,Electronics,18,0.29,699.55,1,Thursday,4,1
Second Class,Low,Consumer,Africa,Office Supplies,10,0.24,1088.47,7,Monday,8,0
Standard Class,Low,Home Office,Africa,Office Supplies,16,0.33,538.08,1,Saturday,4,1
Second Class,Low,Corporate,Pacific Asia,Apparel,4,0.16,167.29,1,Sunday,3,0
Standard Class,Low,Home Office,LATAM,Apparel,19,0.3,68.02,1,Wednesday,2,1
Standard Class,Medium,Corporate,Pacific Asia,Apparel,5,0.32,578.16,6,Monday,7,1
Same Day,Low,Consumer,Pacific Asia,Grocery,15,0.03,530.71,2,Sunday,2,0
Same Day,Low,Consumer,Pacific Asia,Furniture,6,0.15,315.25,1,Sunday,10,0
First Class,Medium,Home Office,USCA,Apparel,2,0.35,712.71,3,Monday,11,0
Standard Class,Medium,Consumer,Pacific Asia,Office Supplies,10,0.28,307.71,5,Thursday,5,0
Standard Class,Medium,Consumer,Pacific Asia,Office Supplies,6,0.17,267.42,3,Wednesday,12,0
Second Class,Medium,Consumer,USCA,Apparel,19,0.07,750.44,7,Saturday,6,0
Standard Class,High,Consumer,Pacific Asia,Apparel,6,0.04,1134.48,3,Thursday,10,0
Standard Class,Medium,Consumer,Africa,Office Supplies,15,0.09,251.3,7,Thursday,4,1
Standard Class,Medium,Consumer,Africa,Grocery,1,0.1,227.56,2,Friday,6,1
Standard Class,Critical,Consumer,Pacific Asia,Electronics,8,0.15,628.03,2,Tuesday,11,1
Same Day,High,Corporate,USCA,Office Supplies,11,0.07,152.13,7,Saturday,11,0
Standard Class,Medium,Consumer,Pacific Asia,Electronics,14,0.06,359.96,3,Thursday,10,0
Second Class,Medium,Corporate,Pacific Asia,Apparel,1,0.34,1189.0,3,Tuesday,11,0
Standard Class,Low,Corporate,Europe,Furniture,14,0.1,1010.84,1,Wednesday,5,1
Standard Class,Medium,Corporate,LATAM,Apparel,10,0.22,850.29,6,Wednesday,4,0
Standard Class,Critical,Consumer,USCA,Apparel,17,0.08,40.97,5,Sunday,8,1
Standard Class,Medium,Corporate,LATAM,Apparel,11,0.2,325.44,7,Monday,12,0
Same Day,High,Consumer,Europe,Office Supplies,10,0.11,687.91,6,Monday,11,0
First Class,Medium,Consumer,LATAM,Office Supplies,15,0.03,855.23,2,Sunday,9,0
Same Day,Critical,Corporate,Pacific Asia,Furniture,12,0.39,805.37,5,Monday,10,0
First Class,Medium,Consumer,Africa,Electronics,3,0.18,230.7,7,Saturday,10,0
Second Class,Low,Consumer,USCA,Electronics,18,0.16,564.88,5,Thursday,1,0
Same Day,Medium,Consumer,USCA,Electronics,7,0.08,246.22,6,Monday,12,0
Standard Class,Low,Consumer,Pacific Asia,Apparel,11,0.2,1109.05,7,Sunday,7,0
Standard Class,Low,Consumer,LATAM,Furniture,18,0.25,673.32,2,Friday,12,1
Standard Class,High,Home Office,USCA,Apparel,17,0.12,474.41,5,Monday,5,0
Standard Class,Low,Consumer,Europe,Furniture,16,0.19,1102.44,1,Wednesday,3,1
Standard Class,High,Consumer,Europe,Grocery,3,0.09,1085.71,6,Wednesday,8,0
Standard Class,Low,Corporate,LATAM,Office Supplies,13,0.21,609.88,2,Saturday,10,1
First Class,Low,Corporate,Europe,Apparel,8,0.31,827.27,3,Saturday,1,0
Standard Class,Critical,Home Office,Africa,Grocery,5,0.02,389.43,4,Tuesday,2,1
Standard Class,Low,Home Office,Pacific Asia,Electronics,7,0.21,376.12,1,Monday,2,1
Standard Class,Medium,Corporate,USCA,Grocery,19,0.16,663.98,7,Thursday,8,0
Standard Class,Medium,Home Office,Pacific Asia,Office Supplies,19,0.03,1017.51,2,Sunday,11,1
First Class,Medium,Consumer,LATAM,Office Supplies,12,0.38,720.62,7,Sunday,4,0
Standard Class,High,Corporate,Pacific Asia,Office Supplies,9,0.1,556.26,5,Tuesday,4,0
Same Day,Medium,Home Office,USCA,Grocery,17,0.23,800.33,6,Friday,4,0
First Class,Medium,Corporate,USCA,Electronics,10,0.15,976.63,3,Friday,6,0
Standard Class,High,Home Office,LATAM,Apparel,18,0.11,946.94,7,Monday,2,0
Standard Class,Low,Consumer,USCA,Electronics,1,0.21,451.01,7,Sunday,5,0
First Class,Medium,Consumer,Europe,Furniture,15,0.28,1123.43,4,Sunday,8,0
Second Class,Critical,Home Office,Pacific Asia,Furniture,11,0.31,28.75,2,Friday,8,1
Second Class,Medium,Consumer,Africa,Apparel,4,0.25,546.44,7,Tuesday,4,0
First Class,High,Corporate,Africa,Office Supplies,6,0.21,1089.96,6,Tuesday,9,0
Standard Class,Medium,Consumer,Africa,Apparel,13,0.31,838.25,1,Saturday,6,1
Standard Class,High,Corporate,LATAM,Grocery,8,0.21,847.75,1,Wednesday,1,1
Standard Class,High,Home Office,Africa,Office Supplies,7,0.39,196.2,3,Sunday,6,1
First Class,Low,Consumer,Pacific Asia,Apparel,5,0.21,702.65,1,Friday,7,0
Second Class,Low,Consumer,USCA,Apparel,5,0.13,1160.67,2,Wednesday,10,0
Standard Class,Medium,Consumer,Europe,Grocery,16,0.18,261.74,3,Saturday,2,0
Standard Class,Medium,Home Office,Africa,Grocery,6,0.2,399.35,7,Saturday,5,1
Standard Class,Low,Corporate,Africa,Electronics,16,0.11,472.46,4,Wednesday,7,1
Standard Class,Low,Consumer,Africa,Furniture,15,0.06,438.27,6,Sunday,6,1
Second Class,Low,Consumer,Europe,Apparel,6,0.17,756.19,2,Tuesday,2,0
Second Class,Critical,Home Office,Pacific Asia,Electronics,8,0.36,289.14,1,Wednesday,8,1
First Class,Medium,Home Office,Africa,Office Supplies,3,0.1,611.77,4,Sunday,2,0
Standard Class,Medium,Consumer,USCA,Office Supplies,9,0.14,486.28,7,Sunday,8,0
Standard Class,Low,Consumer,LATAM,Furniture,9,0.3,776.93,4,Tuesday,11,0
Second Class,Low,Corporate,Europe,Office Supplies,5,0.03,297.91,6,Friday,6,0
First Class,Low,Corporate,Pacific Asia,Furniture,19,0.33,668.22,3,Thursday,7,0
Second Class,Low,Home Office,USCA,Office Supplies,16,0.29,891.04,1,Wednesday,5,1
First Class,High,Consumer,Europe,Office Supplies,16,0.22,834.62,5,Monday,12,0
Standard Class,Critical,Corporate,Europe,Apparel,18,0.08,1002.79,4,Monday,9,1
Standard Class,Low,Corporate,LATAM,Grocery,12,0.04,1147.83,7,Wednesday,10,0
Standard Class,Low,Home Office,LATAM,Apparel,16,0.09,1026.22,4,Wednesday,10,0
Standard Class,Low,Consumer,Pacific Asia,Electronics,5,0.3,1126.46,2,Monday,1,1
Standard Class,Medium,Consumer,Africa,Grocery,3,0.37,30.84,3,Sunday,10,1
Standard Class,Low,Consumer,LATAM,Apparel,7,0.3,758.43,5,Friday,8,0
Second Class,Low,Home Office,Pacific Asia,Grocery,14,0.21,328.59,1,Tuesday,12,0
Standard Class,Low,Consumer,Europe,Grocery,16,0.38,972.7,7,Friday,12,1
Standard Class,High,Consumer,Africa,Grocery,1,0.33,984.66,7,Friday,4,1
Same Day,Medium,Corporate,USCA,Office Supplies,5,0.26,66.84,1,Thursday,9,0
Standard Class,Medium,Consumer,Europe,Grocery,8,0.02,718.71,2,Friday,9,1
Standard Class,Low,Consumer,Pacific Asia,Office Supplies,2,0.12,1022.55,5,Saturday,2,0
First Class,High,Consumer,USCA,Grocery,7,0.12,709.02,1,Tuesday,12,0
Standard Class,Critical,Corporate,Europe,Office Supplies,6,0.14,516.39,4,Tuesday,4,1
Standard Class,Low,Corporate,LATAM,Grocery,10,0.16,101.37,6,Tuesday,8,0
Standard Class,Low,Home Office,Pacific Asia,Electronics,3,0.38,879.02,4,Tuesday,7,0
Standard Class,Medium,Home Office,USCA,Apparel,6,0.3,98.82,7,Saturday,6,0
Same Day,Low,Consumer,LATAM,Grocery,19,0.28,721.52,2,Tuesday,7,1
First Class,Medium,Corporate,USCA,Electronics,2,0.17,1101.98,1,Monday,1,0
Second Class,Medium,Consumer,Africa,Apparel,19,0.14,508.74,2,Sunday,4,1
First Class,Medium,Consumer,Africa,Furniture,17,0.05,926.5,7,Friday,4,0
First Class,Low,Consumer,Pacific Asia,Grocery,4,0.18,961.77,6,Wednesday,11,0
Standard Class,Medium,Consumer,USCA,Furniture,3,0.08,22.31,2,Wednesday,5,1
First Class,Critical,Consumer,Africa,Apparel,14,0.16,1098.78,3,Thursday,10,1
Standard Class,Low,Consumer,Europe,Apparel,3,0.06,234.65,1,Friday,8,1
First Class,Medium,Corporate,Europe,Grocery,11,0.14,346.41,1,Monday,6,0
First Class,Low,Consumer,Africa,Electronics,10,0.02,1046.22,2,Sunday,10,0
Standard Class,Low,Corporate,Africa,Grocery,3,0.0,827.04,2,Tuesday,2,1
Standard Class,Medium,Consumer,Pacific Asia,Electronics,9,0.35,452.51,6,Sunday,2,0
Standard Class,Low,Consumer,Pacific Asia,Grocery,16,0.26,114.58,4,Monday,12,1
Standard Class,Low,Consumer,Europe,Electronics,18,0.24,469.62,3,Monday,2,0
First Class,Low,Consumer,LATAM,Office Supplies,5,0.21,1159.94,2,Monday,7,0
First Class,Medium,Consumer,USCA,Electronics,15,0.29,134.49,1,Tuesday,3,1
Standard Class,Medium,Corporate,LATAM,Electronics,16,0.29,1016.9,3,Monday,12,1
Standard Class,Low,Corporate,Pacific Asia,Apparel,18,0.37,397.11,1,Sunday,8,1
Standard Class,Medium,Consumer,LATAM,Furniture,6,0.1,788.93,7,Thursday,3,0
Standard Class,Low,Consumer,Pacific Asia,Grocery,4,0.31,761.54,3,Thursday,11,0
Standard Class,Medium,Home Office,LATAM,Apparel,13,0.4,397.45,4,Wednesday,10,1
Standard Class,Medium,Consumer,Europe,Furniture,1,0.01,74.61,6,Friday,1,0
Same Day,Medium,Consumer,Pacific Asia,Apparel,2,0.15,187.09,6,Wednesday,5,0
Standard Class,Critical,Corporate,Europe,Apparel,15,0.17,683.36,6,Thursday,3,1
Standard Class,High,Corporate,LATAM,Grocery,4,0.33,1139.14,6,Sunday,7,0
Second Class,Low,Corporate,Africa,Office Supplies,13,0.01,1111.66,6,Sunday,8,0
Standard Class,High,Corporate,Africa,Apparel,14,0.24,145.03,5,Wednesday,12,1
Same Day,Low,Consumer,USCA,Grocery,15,0.36,1051.52,5,Tuesday,5,0
Same Day,Critical,Consumer,Africa,Electronics,8,0.06,288.23,2,Thursday,11,1
Standard Class,Low,Consumer,USCA,Furniture,9,0.05,1092.75,5,Tuesday,12,0
Standard Class,Low,Corporate,LATAM,Grocery,5,0.4,912.61,6,Monday,3,0
Standard Class,Low,Home Office,USCA,Office Supplies,3,0.33,1153.9,1,Sunday,6,1
Standard Class,Low,Consumer,USCA,Grocery,7,0.28,535.66,1,Wednesday,2,1
Standard Class,Medium,Consumer,USCA,Grocery,8,0.16,880.59,3,Saturday,2,0
Second Class,High,Consumer,Europe,Electronics,16,0.34,884.98,4,Friday,12,0
Standard Class,Medium,Consumer,USCA,Furniture,17,0.37,600.44,2,Monday,12,1
Standard Class,Medium,Consumer,Pacific Asia,Furniture,10,0.29,1169.68,7,Wednesday,5,0
Standard Class,High,Corporate,LATAM,Office Supplies,1,0.16,299.96,2,Sunday,7,1
Same Day,Low,Home Office,Europe,Furniture,19,0.23,1183.59,1,Tuesday,11,0
Standard Class,Low,Consumer,Pacific Asia,Electronics,18,0.04,976.42,1,Monday,6,1
Standard Class,Low,Consumer,LATAM,Office Supplies,18,0.06,743.16,6,Sunday,10,1
Standard Class,Low,Consumer,Europe,Electronics,5,0.31,99.95,5,Saturday,1,0
Same Day,Low,Consumer,LATAM,Electronics,11,0.01,318.64,2,Wednesday,7,0
Standard Class,Low,Consumer,Africa,Grocery,1,0.02,1011.13,3,Thursday,7,1
Second Class,Low,Corporate,LATAM,Grocery,11,0.2,876.5,7,Monday,11,0
First Class,Low,Consumer,Africa,Grocery,11,0.07,1155.6,4,Tuesday,1,0
Standard Class,High,Home Office,Africa,Apparel,5,0.12,482.18,6,Sunday,11,1
Second Class,Low,Corporate,LATAM,Electronics,18,0.16,1074.4,7,Tuesday,10,0
Standard Class,Medium,Corporate,Africa,Furniture,8,0.21,1035.57,2,Thursday,8,1
Second Class,Medium,Consumer,Europe,Office Supplies,15,0.11,1159.7,6,Saturday,4,0
Second Class,Medium,Corporate,Africa,Apparel,3,0.19,334.22,3,Sunday,8,0
Standard Class,Low,Consumer,USCA,Grocery,16,0.15,598.49,1,Friday,3,1
Standard Class,Low,Consumer,Europe,Apparel,12,0.03,106.35,3,Sunday,1,0
First Class,Low,Consumer,Europe,Apparel,2,0.35,713.19,3,Sunday,1,0
Standard Class,Low,Home Office,Europe,Electronics,13,0.11,881.46,6,Sunday,7,0
Standard Class,Low,Consumer,USCA,Electronics,19,0.24,293.23,6,Wednesday,5,0
Standard Class,Medium,Consumer,USCA,Furniture,13,0.23,211.89,2,Thursday,3,1
Second Class,Medium,Consumer,USCA,Office Supplies,18,0.08,771.04,3,Sunday,5,0
Second Class,Medium,Consumer,USCA,Office Supplies,16,0.01,477.82,2,Tuesday,3,0
Standard Class,Medium,Consumer,USCA,Grocery,10,0.34,517.61,5,Saturday,6,0
Standard Class,Low,Consumer,Pacific Asia,Furniture,7,0.2,570.63,7,Wednesday,2,0
Standard Class,High,Corporate,Pacific Asia,Office Supplies,2,0.17,618.65,5,Wednesday,5,0
Second Class,Low,Consumer,USCA,Apparel,4,0.31,242.68,3,Tuesday,1,0
Standard Class,Medium,Corporate,Europe,Apparel,4,0.01,697.51,7,Friday,1,0
Second Class,High,Corporate,Africa,Office Supplies,1,0.31,92.23,3,Monday,7,0
Standard Class,Medium,Consumer,Africa,Apparel,16,0.16,145.08,7,Thursday,1,1
Same Day,Low,Corporate,Pacific Asia,Apparel,6,0.22,856.72,4,Sunday,6,0
Standard Class,Medium,Corporate,USCA,Grocery,19,0.3,880.41,1,Saturday,10,1
Standard Class,Low,Corporate,LATAM,Apparel,5,0.22,326.92,5,Monday,10,0
Standard Class,Low,Corporate,Africa,Office Supplies,6,0.02,229.79,3,Wednesday,12,1
Same Day,Low,Corporate,Africa,Electronics,7,0.29,74.25,3,Saturday,12,0
First Class,Low,Consumer,Europe,Apparel,5,0.31,508.47,3,Tuesday,8,0
Standard Class,Medium,Corporate,Africa,Office Supplies,1,0.18,615.76,7,Sunday,10,1
Second Class,High,Consumer,Pacific Asia,Apparel,2,0.18,1080.36,7,Friday,6,0
First Class,Low,Corporate,USCA,Furniture,10,0.1,12.93,6,Sunday,12,0
Second Class,High,Consumer,USCA,Grocery,2,0.26,492.97,3,Wednesday,4,0
Standard Class,Critical,Home Office,Africa,Electronics,14,0.35,508.95,3,Tuesday,4,1
Standard Class,Critical,Consumer,LATAM,Apparel,7,0.26,1065.0,4,Sunday,7,1
Standard Class,High,Corporate,Pacific Asia,Office Supplies,10,0.31,243.29,6,Tuesday,5,0
First Class,Low,Corporate,Africa,Electronics,8,0.33,88.76,1,Sunday,11,1
Same Day,Low,Home Office,Pacific Asia,Apparel,1,0.09,464.12,4,Wednesday,4,0
Second Class,Medium,Corporate,LATAM,Furniture,8,0.16,738.66,2,Sunday,12,0
Standard Class,Medium,Consumer,Pacific Asia,Office Supplies,16,0.17,1031.19,4,Friday,5,1
Standard Class,High,Home Office,Pacific Asia,Grocery,14,0.22,330.14,1,Thursday,4,1
Second Class,Critical,Corporate,Pacific Asia,Apparel,19,0.02,309.06,1,Wednesday,3,1
First Class,Medium,Corporate,USCA,Office Supplies,10,0.24,397.91,2,Wednesday,4,0
First Class,Low,Home Office,LATAM,Apparel,18,0.04,150.7,2,Friday,1,0
First Class,Low,Consumer,USCA,Grocery,2,0.32,1172.89,1,Wednesday,10,0
Second Class,Low,Consumer,Europe,Furniture,5,0.39,653.34,5,Wednesday,4,0
Standard Class,Medium,Corporate,Africa,Grocery,2,0.12,333.95,1,Wednesday,11,1
Standard Class,Medium,Corporate,USCA,Grocery,3,0.2,440.47,2,Sunday,9,1
First Class,High,Consumer,Pacific Asia,Grocery,9,0.33,1040.49,7,Saturday,9,0
Second Class,Medium,Corporate,Europe,Electronics,11,0.13,811.73,5,Sunday,4,0
Standard Class,High,Consumer,LATAM,Office Supplies,16,0.06,668.31,2,Friday,7,1
Standard Class,Medium,Corporate,LATAM,Apparel,14,0.3,872.52,4,Tuesday,3,1
Second Class,High,Home Office,USCA,Furniture,14,0.28,909.43,1,Sunday,1,1
Standard Class,Low,Consumer,Pacific Asia,Apparel,11,0.23,241.11,4,Saturday,4,0
Standard Class,High,Corporate,Pacific Asia,Electronics,11,0.38,198.83,3,Tuesday,7,0
Standard Class,Medium,Corporate,LATAM,Furniture,18,0.38,1160.37,4,Wednesday,8,1
Second Class,Low,Consumer,Pacific Asia,Electronics,11,0.34,231.01,3,Sunday,6,0
Second Class,Low,Consumer,Africa,Apparel,14,0.12,563.07,1,Friday,12,1
Standard Class,High,Consumer,USCA,Furniture,19,0.09,1179.51,6,Saturday,7,0
Second Class,Low,Corporate,USCA,Apparel,18,0.33,506.48,2,Monday,1,1
Standard Class,Medium,Consumer,Pacific Asia,Office Supplies,4,0.26,622.67,5,Wednesday,7,0
Standard Class,Low,Consumer,LATAM,Electronics,13,0.16,960.05,5,Friday,9,1
Second Class,Medium,Consumer,Africa,Office Supplies,2,0.16,415.07,3,Thursday,8,0
Second Class,High,Consumer,Africa,Office Supplies,19,0.34,522.93,7,Thursday,3,0
First Class,Low,Corporate,Africa,Apparel,9,0.07,405.29,2,Saturday,1,1
Second Class,Medium,Corporate,Europe,Apparel,11,0.38,352.0,3,Saturday,9,0
Second Class,Critical,Consumer,Pacific Asia,Grocery,17,0.25,571.46,5,Tuesday,12,0
Standard Class,High,Corporate,Africa,Grocery,5,0.32,897.6,5,Thursday,5,1
Standard Class,High,Corporate,Pacific Asia,Furniture,9,0.15,1042.07,6,Tuesday,3,0
Standard Class,Medium,Consumer,LATAM,Apparel,16,0.23,569.44,6,Saturday,11,0
Standard Class,Low,Consumer,LATAM,Electronics,12,0.3,391.99,6,Thursday,8,0
Same Day,Medium,Home Office,LATAM,Apparel,1,0.17,1094.8,1,Monday,4,0
Standard Class,Medium,Corporate,Europe,Apparel,17,0.2,409.75,6,Wednesday,9,0
First Class,Low,Corporate,LATAM,Office Supplies,14,0.23,932.26,6,Tuesday,4,0
Second Class,Low,Consumer,Pacific Asia,Office Supplies,7,0.03,900.86,3,Wednesday,8,0
First Class,Low,Home Office,USCA,Grocery,16,0.35,69.23,3,Wednesday,8,0
Standard Class,Medium,Corporate,USCA,Furniture,15,0.35,221.39,6,Tuesday,3,1
Second Class,High,Home Office,Pacific Asia,Furniture,4,0.11,691.69,5,Sunday,8,0
Standard Class,Low,Home Office,USCA,Apparel,15,0.35,1042.48,5,Monday,2,1
Standard Class,Medium,Home Office,Africa,Electronics,17,0.3,716.85,1,Tuesday,11,1
Second Class,High,Home Office,USCA,Office Supplies,2,0.19,893.82,2,Tuesday,10,0
Standard Class,Low,Consumer,Europe,Electronics,8,0.14,883.95,2,Thursday,10,1
Standard Class,Medium,Home Office,LATAM,Office Supplies,6,0.16,598.3,2,Wednesday,8,1
Second Class,Critical,Consumer,USCA,Apparel,7,0.21,677.35,7,Saturday,10,0
Standard Class,Critical,Home Office,USCA,Furniture,16,0.17,94.83,6,Sunday,1,1
Same Day,Low,Consumer,Europe,Apparel,5,0.17,1114.0,4,Wednesday,5,0
Same Day,Low,Corporate,Europe,Office Supplies,18,0.08,812.47,7,Thursday,12,0
Same Day,Low,Consumer,USCA,Furniture,11,0.28,193.85,2,Wednesday,3,0
Standard Class,Medium,Corporate,Africa,Electronics,2,0.24,300.37,6,Monday,8,1
Standard Class,Medium,Consumer,USCA,Electronics,7,0.4,15.54,1,Saturday,11,1
Same Day,Medium,Consumer,Africa,Grocery,15,0.06,324.17,3,Tuesday,10,0
Standard Class,Low,Home Office,LATAM,Electronics,9,0.05,386.78,3,Thursday,6,0
Same Day,Low,Corporate,Pacific Asia,Grocery,2,0.21,822.94,2,Monday,8,0
Same Day,Medium,Consumer,LATAM,Furniture,4,0.06,577.22,4,Tuesday,2,0
First Class,Medium,Consumer,USCA,Apparel,15,0.24,1012.91,3,Monday,5,0
Standard Class,Medium,Consumer,USCA,Apparel,8,0.08,113.28,7,Sunday,2,0
Standard Class,Medium,Corporate,Africa,Furniture,4,0.19,851.36,6,Tuesday,10,1
First Class,Low,Home Office,Europe,Furniture,8,0.24,1051.12,4,Tuesday,8,0
Standard Class,Low,Corporate,Africa,Office Supplies,7,0.18,511.38,6,Wednesday,6,1
Standard Class,Low,Consumer,Europe,Electronics,13,0.13,353.59,2,Friday,3,1
Second Class,Low,Consumer,Europe,Electronics,5,0.31,540.22,4,Saturday,3,0
Same Day,Low,Home Office,Europe,Electronics,18,0.34,948.72,5,Thursday,1,0
Second Class,Low,Consumer,Europe,Grocery,19,0.11,1103.66,5,Sunday,1,0
Second Class,Low,Corporate,USCA,Electronics,11,0.33,88.05,5,Wednesday,2,0
Standard Class,Low,Consumer,Pacific Asia,Office Supplies,6,0.16,638.94,7,Sunday,11,0
Second Class,Medium,Corporate,Pacific Asia,Apparel,4,0.2,771.26,6,Saturday,10,0
Same Day,Low,Home Office,LATAM,Apparel,3,0.09,30.8,6,Wednesday,5,0
Standard Class,Medium,Consumer,LATAM,Grocery,6,0.25,225.69,1,Thursday,12,1
Standard Class,Medium,Corporate,LATAM,Office Supplies,15,0.04,84.45,1,Wednesday,7,1
First Class,Medium,Corporate,Africa,Furniture,3,0.24,355.54,2,Friday,12,1
Second Class,Critical,Consumer,LATAM,Apparel,17,0.4,254.43,6,Saturday,9,1
Second Class,Low,Consumer,LATAM,Office Supplies,2,0.3,589.29,4,Saturday,4,0
Second Class,Medium,Corporate,LATAM,Furniture,16,0.36,789.86,4,Sunday,11,0
Standard Class,Critical,Consumer,USCA,Grocery,17,0.19,1012.24,6,Thursday,10,1
Standard Class,High,Home Office,LATAM,Electronics,11,0.06,372.13,5,Friday,7,0
First Class,Low,Consumer,Pacific Asia,Office Supplies,4,0.12,69.98,6,Monday,4,0
First Class,Low,Consumer,USCA,Apparel,12,0.02,14.58,5,Monday,5,0
First Class,Low,Consumer,Europe,Grocery,8,0.2,1015.02,7,Wednesday,2,0
Same Day,Medium,Consumer,Africa,Office Supplies,3,0.26,1054.98,6,Thursday,1,0
Standard Class,Medium,Consumer,USCA,Grocery,11,0.17,130.18,5,Thursday,8,0
Standard Class,Low,Consumer,USCA,Furniture,13,0.23,22.11,4,Wednesday,3,0
First Class,Medium,Corporate,Pacific Asia,Office Supplies,9,0.13,962.32,4,Wednesday,11,0
Second Class,Medium,Home Office,LATAM,Electronics,15,0.03,772.47,6,Saturday,2,0
Second Class,Medium,Corporate,Europe,Furniture,12,0.17,671.81,5,Monday,11,0
First Class,High,Consumer,Pacific Asia,Electronics,10,0.22,644.51,4,Tuesday,8,0
First Class,High,Home Office,Pacific Asia,Grocery,4,0.39,930.77,1,Saturday,4,0
Standard Class,Low,Consumer,USCA,Electronics,7,0.14,359.04,2,Wednesday,3,1
Standard Class,Medium,Consumer,Europe,Furniture,9,0.27,473.05,5,Sunday,6,0
Standard Class,Low,Consumer,Pacific Asia,Furniture,6,0.33,102.64,3,Sunday,8,0
Second Class,Medium,Consumer,Africa,Furniture,7,0.13,683.69,1,Saturday,10,1
Standard Class,Critical,Home Office,Africa,Grocery,17,0.37,1153.37,7,Thursday,6,1
Standard Class,High,Consumer,Pacific Asia,Apparel,4,0.14,347.78,5,Wednesday,8,0
Standard Class,Medium,Corporate,USCA,Grocery,2,0.39,1115.81,5,Monday,11,0
Standard Class,Low,Consumer,Africa,Furniture,17,0.0,877.76,4,Sunday,6,1
Second Class,Low,Corporate,USCA,Grocery,7,0.25,288.32,1,Tuesday,6,0
Standard Class,Medium,Corporate,LATAM,Office Supplies,11,0.32,798.8,2,Wednesday,12,1
Standard Class,Low,Consumer,LATAM,Office Supplies,18,0.11,445.82,6,Wednesday,10,0
First Class,Medium,Corporate,USCA,Apparel,7,0.05,155.54,3,Sunday,2,0
Standard Class,Low,Corporate,Pacific Asia,Grocery,18,0.01,120.34,7,Thursday,8,0
Standard Class,Low,Corporate,LATAM,Grocery,19,0.03,30.5,5,Thursday,11,0
Standard Class,Low,Corporate,LATAM,Office Supplies,14,0.22,959.39,2,Tuesday,3,1
First Class,Critical,Corporate,Africa,Furniture,8,0.34,1062.97,6,Saturday,11,1
Standard Class,Medium,Consumer,Pacific Asia,Electronics,7,0.03,584.22,3,Saturday,2,0
Second Class,Low,Corporate,USCA,Furniture,1,0.05,628.71,7,Sunday,7,0
Standard Class,Low,Consumer,LATAM,Apparel,6,0.0,832.99,6,Monday,10,0
Standard Class,Medium,Consumer,Pacific Asia,Electronics,4,0.11,844.08,2,Friday,11,1
Standard Class,Low,Home Office,LATAM,Furniture,16,0.37,395.71,4,Sunday,5,1
Standard Class,Medium,Consumer,Africa,Grocery,15,0.11,199.43,1,Monday,5,1
Second Class,High,Consumer,Pacific Asia,Grocery,18,0.18,522.2,5,Tuesday,1,0
Second Class,Medium,Consumer,Europe,Office Supplies,18,0.07,839.45,3,Wednesday,7,0
Same Day,Medium,Consumer,Africa,Grocery,8,0.05,967.01,6,Wednesday,6,0
Standard Class,Medium,Consumer,USCA,Grocery,10,0.07,116.1,5,Monday,3,0
Standard Class,High,Home Office,Pacific Asia,Apparel,5,0.08,710.09,3,Friday,12,0
First Class,High,Consumer,LATAM,Electronics,7,0.05,74.38,7,Saturday,4,0
Standard Class,Medium,Corporate,Pacific Asia,Furniture,17,0.32,991.49,2,Wednesday,1,1
Standard Class,Low,Consumer,USCA,Furniture,6,0.19,803.5,5,Wednesday,3,0
Standard Class,Medium,Corporate,Pacific Asia,Apparel,11,0.22,838.98,1,Saturday,7,1
Standard Class,Low,Home Office,LATAM,Electronics,10,0.15,916.44,3,Wednesday,7,0
Same Day,Medium,Consumer,Africa,Grocery,7,0.08,599.81,4,Tuesday,3,0
First Class,Medium,Home Office,Africa,Apparel,7,0.04,365.69,6,Wednesday,5,0
Second Class,Low,Home Office,LATAM,Grocery,10,0.03,944.94,2,Sunday,2,0
Standard Class,Low,Corporate,Europe,Furniture,13,0.07,935.07,7,Sunday,8,1
Standard Class,Medium,Consumer,Europe,Apparel,3,0.34,170.58,6,Monday,1,0
Standard Class,High,Corporate,Africa,Apparel,9,0.09,1084.29,7,Wednesday,10,1
Standard Class,Medium,Home Office,USCA,Apparel,5,0.14,273.24,4,Monday,8,0
Standard Class,Medium,Consumer,Pacific Asia,Furniture,16,0.23,374.69,2,Friday,12,1
Second Class,Low,Consumer,LATAM,Furniture,11,0.2,266.94,1,Thursday,3,0
Second Class,Medium,Consumer,USCA,Office Supplies,18,0.27,1159.06,4,Saturday,3,0
Standard Class,Medium,Consumer,Pacific Asia,Furniture,15,0.08,366.36,2,Wednesday,1,1
Same Day,Medium,Home Office,Africa,Furniture,5,0.21,1165.97,4,Wednesday,8,0
Second Class,Low,Consumer,LATAM,Grocery,8,0.31,769.15,2,Monday,6,0
Second Class,Medium,Consumer,USCA,Furniture,8,0.16,220.11,1,Monday,4,0
Second Class,Low,Corporate,Pacific Asia,Electronics,19,0.39,669.07,5,Thursday,2,0
Standard Class,Low,Consumer,Africa,Grocery,5,0.23,1059.89,7,Tuesday,8,1
Standard Class,Critical,Consumer,Africa,Office Supplies,4,0.27,678.39,6,Thursday,8,1
Standard Class,Low,Corporate,Pacific Asia,Electronics,18,0.18,167.79,2,Friday,5,1
First Class,Low,Consumer,Europe,Office Supplies,12,0.34,351.45,3,Wednesday,6,0
Standard Class,Medium,Consumer,Europe,Apparel,1,0.18,277.52,5,Wednesday,9,0
Standard Class,High,Consumer,Pacific Asia,Apparel,8,0.38,159.77,4,Tuesday,2,0
Standard Class,Medium,Corporate,Pacific Asia,Apparel,9,0.12,399.47,6,Friday,2,0
Standard Class,Medium,Home Office,Pacific Asia,Furniture,13,0.35,796.66,4,Saturday,6,1
First Class,High,Home Office,Africa,Furniture,1,0.26,465.19,4,Thursday,3,0
Second Class,Low,Consumer,LATAM,Grocery,6,0.32,538.12,3,Friday,7,0
Standard Class,Low,Corporate,Africa,Electronics,1,0.02,391.59,3,Friday,11,1
Standard Class,Low,Home Office,Africa,Electronics,14,0.11,1193.42,6,Sunday,8,1
Standard Class,High,Consumer,Europe,Apparel,5,0.34,707.58,3,Tuesday,12,0
Standard Class,Low,Home Office,Pacific Asia,Apparel,13,0.13,1002.32,3,Sunday,11,0
Standard Class,Low,Home Office,Africa,Furniture,5,0.29,535.18,3,Thursday,7,1
Standard Class,Medium,Consumer,Africa,Office Supplies,15,0.4,210.68,3,Saturday,2,1
Standard Class,Medium,Consumer,Pacific Asia,Electronics,3,0.07,1017.7,6,Wednesday,10,0
Second Class,Medium,Consumer,LATAM,Electronics,4,0.17,918.49,5,Tuesday,11,0
Second Class,Medium,Consumer,Europe,Office Supplies,3,0.07,402.47,7,Thursday,8,0
Standard Class,Low,Home Office,USCA,Electronics,12,0.06,731.64,5,Thursday,12,0
Standard Class,Medium,Home Office,Africa,Electronics,14,0.25,121.23,4,Sunday,12,1
Second Class,Medium,Consumer,LATAM,Furniture,6,0.08,41.32,3,Friday,6,0
Standard Class,High,Corporate,USCA,Electronics,19,0.19,980.75,1,Tuesday,6,1
First Class,Low,Corporate,Pacific Asia,Apparel,5,0.39,1130.89,6,Thursday,8,0
Second Class,High,Consumer,USCA,Apparel,17,0.13,419.43,4,Saturday,7,0
Standard Class,Medium,Corporate,Pacific Asia,Grocery,19,0.35,721.11,4,Thursday,7,1
Standard Class,Low,Home Office,LATAM,Furniture,18,0.16,863.58,2,Wednesday,6,1
Second Class,Medium,Consumer,USCA,Furniture,12,0.11,897.79,4,Sunday,5,0
Standard Class,Low,Consumer,Europe,Apparel,18,0.13,582.47,4,Monday,2,0
Second Class,Critical,Consumer,LATAM,Furniture,5,0.05,739.81,4,Saturday,10,0
Same Day,High,Consumer,USCA,Furniture,13,0.27,791.89,2,Sunday,6,1
Second Class,Low,Consumer,Africa,Grocery,4,0.2,132.87,6,Monday,2,0
Standard Class,Low,Consumer,USCA,Office Supplies,18,0.25,777.68,1,Wednesday,4,1
Second Class,Low,Corporate,USCA,Electronics,9,0.12,617.92,3,Saturday,3,0
Standard Class,Low,Corporate,Europe,Grocery,2,0.26,460.41,2,Friday,4,1
Standard Class,Low,Consumer,LATAM,Office Supplies,10,0.07,321.47,3,Saturday,3,0
Same Day,Low,Consumer,Africa,Electronics,13,0.26,769.12,5,Saturday,2,0
Standard Class,Medium,Home Office,LATAM,Apparel,6,0.03,208.44,6,Tuesday,1,0
Same Day,Low,Home Office,LATAM,Office Supplies,8,0.16,974.89,4,Thursday,6,0
Same Day,High,Consumer,Africa,Electronics,13,0.24,214.44,4,Tuesday,8,0
Standard Class,High,Consumer,Africa,Grocery,4,0.34,928.22,4,Monday,6,1
Standard Class,Medium,Home Office,Europe,Electronics,19,0.32,982.73,6,Saturday,3,1
Standard Class,High,Consumer,Pacific Asia,Furniture,7,0.21,1128.19,4,Wednesday,8,0
Standard Class,Low,Consumer,Europe,Electronics,15,0.35,561.32,6,Friday,11,1
Standard Class,Low,Consumer,Africa,Apparel,5,0.2,85.79,1,Saturday,2,1
Second Class,Medium,Consumer,USCA,Grocery,17,0.21,816.44,3,Thursday,5,0
Standard Class,Medium,Consumer,USCA,Office Supplies,19,0.29,346.32,2,Tuesday,5,1
Standard Class,Medium,Consumer,LATAM,Electronics,5,0.35,120.34,6,Monday,3,0
First Class,High,Corporate,LATAM,Grocery,11,0.24,1028.36,7,Thursday,10,0
Standard Class,Critical,Home Office,Pacific Asia,Apparel,4,0.38,176.29,7,Thursday,7,1
First Class,Medium,Home Office,Pacific Asia,Office Supplies,14,0.09,612.58,2,Sunday,10,0
Standard Class,High,Consumer,Pacific Asia,Electronics,4,0.37,948.33,6,Friday,11,0
Standard Class,Low,Consumer,Pacific Asia,Apparel,4,0.09,246.92,1,Friday,5,1
Second Class,Low,Corporate,USCA,Furniture,2,0.21,1077.0,6,Friday,5,0
Second Class,Medium,Corporate,Africa,Grocery,7,0.32,404.59,1,Wednesday,2,1
First Class,Medium,Consumer,Pacific Asia,Grocery,19,0.32,481.74,5,Wednesday,8,0
Second Class,Medium,Consumer,Europe,Electronics,1,0.11,166.48,3,Monday,7,0
First Class,Low,Consumer,Pacific Asia,Apparel,12,0.39,776.91,4,Friday,5,0
Standard Class,Medium,Consumer,USCA,Office Supplies,19,0.03,599.43,4,Friday,6,0
Standard Class,Low,Consumer,LATAM,Office Supplies,12,0.01,1169.25,1,Tuesday,1,1
First Class,Medium,Home Office,Europe,Office Supplies,9,0.34,841.01,1,Wednesday,2,0
First Class,Low,Consumer,Pacific Asia,Office Supplies,7,0.33,913.2,2,Thursday,9,0
Same Day,Low,Home Office,USCA,Electronics,1,0.29,246.91,2,Tuesday,5,0
Standard Class,Low,Home Office,LATAM,Electronics,6,0.34,858.2,1,Thursday,7,1
Standard Class,Low,Consumer,Pacific Asia,Grocery,10,0.06,673.3,5,Sunday,12,0
First Class,High,Corporate,USCA,Apparel,1,0.04,490.56,5,Thursday,3,0
Standard Class,Low,Corporate,USCA,Furniture,18,0.39,941.36,4,Wednesday,11,1
Same Day,Low,Consumer,Africa,Electronics,3,0.25,1174.47,5,Monday,8,0
First Class,Medium,Consumer,USCA,Office Supplies,11,0.37,122.79,4,Tuesday,6,0
Standard Class,Medium,Corporate,Pacific Asia,Furniture,14,0.36,948.78,5,Saturday,7,1
First Class,Low,Corporate,USCA,Grocery,6,0.26,1104.18,5,Sunday,7,0
First Class,Low,Corporate,Europe,Office Supplies,11,0.25,385.07,1,Tuesday,5,0
Standard Class,Critical,Consumer,USCA,Apparel,7,0.14,442.0,5,Saturday,11,1
Same Day,Medium,Consumer,USCA,Furniture,8,0.06,955.78,4,Friday,5,0
Standard Class,Low,Consumer,Europe,Grocery,5,0.27,1144.83,3,Saturday,10,0
First Class,Medium,Consumer,Pacific Asia,Electronics,18,0.33,1127.32,6,Tuesday,9,0
Standard Class,Low,Corporate,LATAM,Apparel,15,0.22,76.2,3,Friday,5,1
First Class,Low,Home Office,Africa,Office Supplies,18,0.02,1047.0,2,Friday,6,1
Standard Class,Medium,Corporate,LATAM,Furniture,3,0.06,707.88,7,Thursday,9,0
Standard Class,High,Corporate,Pacific Asia,Grocery,10,0.04,511.14,6,Monday,4,0
Same Day,Low,Corporate,Pacific Asia,Furniture,15,0.26,1016.19,4,Friday,12,0
Standard Class,High,Corporate,Europe,Apparel,8,0.23,962.52,1,Wednesday,9,1
Standard Class,Low,Corporate,LATAM,Electronics,8,0.19,616.12,1,Monday,2,1
Same Day,Low,Consumer,USCA,Electronics,14,0.22,498.76,2,Monday,4,0
Same Day,Low,Home Office,Europe,Apparel,10,0.11,572.24,3,Monday,9,0
Second Class,Low,Consumer,Europe,Office Supplies,13,0.32,388.84,4,Tuesday,1,0
Second Class,High,Consumer,Africa,Furniture,10,0.13,819.82,5,Saturday,11,0
Standard Class,Medium,Consumer,Europe,Office Supplies,6,0.26,1071.52,2,Saturday,9,1
Standard Class,Low,Consumer,LATAM,Grocery,18,0.16,308.1,4,Wednesday,7,1
Standard Class,Critical,Corporate,Pacific Asia,Office Supplies,16,0.03,992.35,5,Wednesday,7,1
Second Class,High,Consumer,Africa,Apparel,18,0.1,439.29,5,Tuesday,1,0
First Class,High,Home Office,USCA,Electronics,6,0.39,166.88,4,Monday,10,0
First Class,High,Consumer,LATAM,Apparel,9,0.08,58.19,1,Sunday,11,0
First Class,Low,Consumer,USCA,Apparel,16,0.04,580.44,6,Wednesday,2,0
Standard Class,High,Consumer,Europe,Furniture,6,0.12,686.29,4,Friday,10,0
Standard Class,Medium,Corporate,LATAM,Apparel,11,0.35,17.18,4,Wednesday,5,0
Standard Class,High,Home Office,Africa,Grocery,3,0.12,786.63,1,Tuesday,10,1
Standard Class,High,Consumer,Africa,Furniture,8,0.17,627.05,2,Wednesday,1,1
Standard Class,Low,Consumer,USCA,Furniture,1,0.12,1196.93,1,Friday,10,1
First Class,High,Home Office,Pacific Asia,Office Supplies,15,0.4,134.37,5,Tuesday,4,0
Standard Class,Low,Consumer,Africa,Apparel,15,0.4,848.97,7,Wednesday,9,1
Standard Class,Low,Consumer,USCA,Office Supplies,19,0.19,268.27,3,Tuesday,8,0
Standard Class,Low,Consumer,Pacific Asia,Office Supplies,10,0.31,255.55,2,Tuesday,7,1
First Class,High,Consumer,LATAM,Furniture,19,0.09,32.28,7,Sunday,11,0
Second Class,Low,Consumer,Africa,Office Supplies,9,0.15,17.79,4,Saturday,6,0
Standard Class,Medium,Consumer,Africa,Office Supplies,7,0.27,232.08,4,Saturday,12,1
Standard Class,Low,Home Office,USCA,Furniture,14,0.11,218.85,6,Saturday,2,0
Second Class,Critical,Corporate,Africa,Furniture,2,0.09,10.52,5,Wednesday,3,0
Standard Class,Low,Home Office,USCA,Electronics,13,0.37,863.41,5,Sunday,5,1
First Class,High,Corporate,Africa,Apparel,4,0.1,609.37,7,Friday,7,0
Second Class,High,Corporate,USCA,Electronics,7,0.02,481.41,7,Sunday,7,0
Standard Class,Medium,Corporate,Africa,Furniture,8,0.3,133.52,2,Sunday,1,1
Standard Class,Low,Home Office,LATAM,Grocery,16,0.1,407.34,2,Sunday,11,1
Same Day,Medium,Consumer,LATAM,Office Supplies,9,0.18,570.0,7,Tuesday,11,0
Standard Class,High,Consumer,USCA,Office Supplies,11,0.04,1197.68,7,Monday,12,0
Standard Class,High,Corporate,LATAM,Furniture,14,0.03,617.61,7,Tuesday,3,0
First Class,Low,Home Office,USCA,Office Supplies,4,0.18,33.21,2,Friday,3,0
Same Day,High,Home Office,USCA,Electronics,19,0.13,257.21,5,Thursday,3,0
Same Day,Low,Corporate,Europe,Office Supplies,15,0.2,431.88,3,Friday,12,0
First Class,Medium,Consumer,LATAM,Grocery,14,0.39,552.55,1,Wednesday,7,1
Standard Class,High,Consumer,Europe,Apparel,16,0.16,812.39,5,Wednesday,7,0
Standard Class,Low,Home Office,Europe,Electronics,3,0.24,712.81,3,Wednesday,9,0
First Class,High,Consumer,Africa,Apparel,6,0.04,616.03,5,Saturday,8,0
Second Class,Medium,Consumer,USCA,Apparel,4,0.35,1007.09,1,Monday,11,0
Standard Class,High,Home Office,Pacific Asia,Grocery,1,0.32,243.54,2,Saturday,5,1
Same Day,Low,Consumer,Europe,Grocery,18,0.21,102.68,3,Thursday,1,0
Standard Class,Medium,Corporate,Africa,Grocery,8,0.07,1007.46,2,Wednesday,6,1
Standard Class,High,Corporate,LATAM,Grocery,16,0.17,559.98,1,Tuesday,6,1
Standard Class,Low,Consumer,Pacific Asia,Electronics,16,0.12,668.49,5,Saturday,12,0
Standard Class,Low,Consumer,USCA,Grocery,15,0.4,1006.49,4,Wednesday,4,1
Standard Class,Critical,Consumer,Africa,Electronics,2,0.2,1135.52,1,Tuesday,4,1
Standard Class,Low,Corporate,Pacific Asia,Office Supplies,12,0.17,666.88,7,Thursday,5,0
Standard Class,Critical,Consumer,USCA,Apparel,4,0.07,976.59,1,Thursday,11,1
Second Class,Low,Consumer,USCA,Office Supplies,11,0.1,658.29,6,Sunday,10,0
Second Class,Low,Home Office,Pacific Asia,Office Supplies,2,0.28,49.66,3,Tuesday,6,0
Second Class,High,Consumer,Africa,Furniture,6,0.21,1147.47,6,Monday,5,0
Same Day,Medium,Consumer,Pacific Asia,Office Supplies,17,0.14,983.14,4,Sunday,9,0
Standard Class,Medium,Consumer,Europe,Office Supplies,19,0.12,906.57,3,Monday,5,0
Standard Class,Medium,Consumer,USCA,Furniture,9,0.08,535.77,7,Thursday,12,0
First Class,High,Home Office,LATAM,Office Supplies,5,0.01,1131.63,6,Saturday,7,0
Standard Class,Low,Consumer,Pacific Asia,Furniture,14,0.39,592.92,3,Sunday,9,1
Same Day,Medium,Consumer,Pacific Asia,Electronics,16,0.3,867.74,6,Friday,10,0
Standard Class,Low,Home Office,USCA,Apparel,1,0.37,129.71,2,Friday,9,1
Same Day,Medium,Corporate,USCA,Grocery,3,0.17,270.44,1,Saturday,6,0
Standard Class,Low,Consumer,Pacific Asia,Office Supplies,10,0.35,514.8,1,Monday,12,1
First Class,Low,Home Office,LATAM,Electronics,15,0.1,701.74,1,Monday,10,0
Standard Class,Medium,Corporate,USCA,Apparel,3,0.2,968.61,4,Monday,7,0
Same Day,Low,Consumer,USCA,Electronics,1,0.08,296.64,2,Sunday,12,0
Standard Class,Low,Corporate,Europe,Furniture,13,0.31,931.48,7,Tuesday,2,1
Second Class,Medium,Home Office,Africa,Electronics,15,0.2,1069.09,4,Sunday,3,0
Same Day,Medium,Consumer,Europe,Office Supplies,10,0.21,983.96,5,Tuesday,6,0
Standard Class,High,Corporate,LATAM,Office Supplies,3,0.34,750.67,3,Thursday,2,0
Second Class,Medium,Home Office,Africa,Grocery,18,0.3,973.89,3,Monday,10,0
Second Class,Low,Corporate,Pacific Asia,Grocery,19,0.39,1054.23,4,Saturday,10,0
Standard Class,Medium,Consumer,LATAM,Office Supplies,5,0.16,670.57,6,Thursday,8,0
Second Class,Low,Consumer,LATAM,Electronics,10,0.18,974.09,4,Tuesday,2,0
Second Class,High,Corporate,Europe,Office Supplies,16,0.25,511.14,3,Wednesday,6,0
Same Day,Critical,Consumer,Africa,Electronics,18,0.18,631.75,2,Monday,1,1
Standard Class,Medium,Home Office,LATAM,Office Supplies,8,0.17,72.61,2,Tuesday,12,1
Standard Class,Medium,Consumer,Africa,Apparel,13,0.14,1061.35,6,Monday,4,1
Same Day,Low,Consumer,Pacific Asia,Electronics,8,0.33,177.04,6,Saturday,1,0
First Class,Medium,Corporate,Africa,Furniture,13,0.21,338.67,6,Wednesday,10,0
Standard Class,High,Corporate,Europe,Furniture,12,0.24,387.78,6,Sunday,10,0
Second Class,Low,Consumer,Europe,Grocery,13,0.08,147.92,3,Saturday,10,0
Standard Class,Low,Consumer,LATAM,Apparel,17,0.1,1106.89,5,Saturday,11,0
Standard Class,Medium,Corporate,Africa,Furniture,15,0.14,1164.34,4,Saturday,1,1
Standard Class,Medium,Home Office,Europe,Office Supplies,9,0.19,1039.58,1,Sunday,1,1
Standard Class,Low,Corporate,USCA,Furniture,4,0.02,422.17,5,Thursday,2,0
Second Class,High,Consumer,Europe,Office Supplies,12,0.36,75.73,7,Friday,5,0
Standard Class,Low,Consumer,Pacific Asia,Apparel,4,0.36,227.64,7,Wednesday,9,0
Same Day,Low,Home Office,USCA,Grocery,13,0.26,928.8,2,Friday,3,1
Same Day,Medium,Home Office,Africa,Furniture,3,0.13,350.31,1,Wednesday,8,1
Second Class,Low,Consumer,LATAM,Grocery,5,0.15,1072.2,7,Tuesday,10,0
Standard Class,Medium,Corporate,USCA,Apparel,13,0.29,1003.8,6,Friday,6,1
Standard Class,Low,Consumer,Europe,Electronics,14,0.11,291.96,1,Tuesday,3,1
First Class,Low,Corporate,LATAM,Apparel,8,0.24,835.21,6,Sunday,8,0
Second Class,Low,Home Office,LATAM,Apparel,11,0.36,536.33,5,Friday,1,0
Standard Class,High,Consumer,LATAM,Apparel,8,0.16,265.79,5,Monday,10,0
Same Day,Medium,Corporate,LATAM,Electronics,12,0.23,712.23,4,Saturday,5,0
First Class,High,Consumer,Africa,Electronics,11,0.37,1006.46,5,Thursday,12,0
Same Day,Low,Consumer,Africa,Apparel,17,0.14,1112.88,3,Friday,8,0
Second Class,Medium,Corporate,Africa,Electronics,13,0.3,79.89,2,Tuesday,4,1
Second Class,Medium,Consumer,Europe,Office Supplies,4,0.3,508.29,4,Sunday,6,0
Standard Class,High,Corporate,Africa,Apparel,13,0.37,729.26,6,Tuesday,11,1
Same Day,Medium,Consumer,LATAM,Furniture,9,0.34,412.21,4,Tuesday,2,0
First Class,Medium,Corporate,USCA,Office Supplies,14,0.3,388.02,3,Tuesday,1,0
Standard Class,Low,Consumer,USCA,Apparel,12,0.25,928.6,1,Friday,1,1
Standard Class,Medium,Corporate,USCA,Furniture,13,0.1,941.18,5,Saturday,12,0
Standard Class,Medium,Corporate,USCA,Furniture,8,0.27,877.42,1,Wednesday,5,1
First Class,High,Home Office,USCA,Grocery,5,0.11,1079.24,6,Tuesday,10,0
Same Day,Low,Home Office,Pacific Asia,Grocery,11,0.18,598.7,2,Wednesday,8,0
Standard Class,Low,Consumer,USCA,Furniture,6,0.28,947.5,2,Sunday,8,1
Second Class,Medium,Consumer,USCA,Apparel,7,0.27,23.34,4,Monday,9,0
Standard Class,Low,Corporate,USCA,Apparel,15,0.16,1185.04,5,Friday,2,0
Same Day,Low,Corporate,Europe,Apparel,5,0.07,1103.89,1,Wednesday,5,0
First Class,High,Consumer,Pacific Asia,Apparel,9,0.19,1011.21,5,Tuesday,5,0
First Class,Medium,Consumer,USCA,Furniture,19,0.11,709.44,6,Thursday,1,0
Standard Class,High,Corporate,Africa,Electronics,5,0.1,657.54,4,Thursday,5,1
Standard Class,High,Home Office,Europe,Electronics,13,0.13,188.65,4,Monday,7,0
Standard Class,Low,Home Office,Pacific Asia,Apparel,12,0.28,74.22,1,Saturday,5,1
Standard Class,Medium,Consumer,Africa,Grocery,5,0.2,314.49,5,Tuesday,1,1
First Class,Low,Consumer,Africa,Furniture,7,0.15,189.67,3,Wednesday,12,0
First Class,High,Consumer,Europe,Electronics,3,0.36,677.38,2,Saturday,3,0
Same Day,Medium,Consumer,Africa,Furniture,13,0.28,405.73,2,Monday,1,1
Same Day,Low,Corporate,LATAM,Grocery,11,0.2,471.55,2,Friday,5,0
Second Class,Low,Corporate,Europe,Furniture,10,0.17,41.41,6,Monday,7,0
First Class,Medium,Consumer,Europe,Grocery,9,0.33,662.86,7,Thursday,8,0
Same Day,Low,Consumer,LATAM,Grocery,6,0.07,790.84,7,Sunday,4,0
First Class,Low,Consumer,Europe,Office Supplies,14,0.27,407.94,4,Tuesday,4,0
Standard Class,High,Home Office,Africa,Grocery,10,0.01,166.19,7,Saturday,10,1
Standard Class,High,Consumer,Africa,Office Supplies,17,0.0,847.44,3,Thursday,8,1
Standard Class,Low,Consumer,Africa,Grocery,2,0.37,163.49,4,Tuesday,2,1
Same Day,Medium,Corporate,LATAM,Grocery,2,0.21,982.06,1,Monday,8,0
Second Class,High,Corporate,Africa,Furniture,4,0.13,659.77,5,Sunday,4,0
Standard Class,Low,Home Office,LATAM,Office Supplies,7,0.32,292.56,7,Friday,4,0
Second Class,High,Consumer,LATAM,Electronics,4,0.39,1079.49,5,Friday,11,0
Second Class,Low,Corporate,LATAM,Electronics,8,0.01,178.71,6,Thursday,2,0
Standard Class,Medium,Consumer,Europe,Furniture,14,0.02,725.41,5,Monday,12,0
Standard Class,Medium,Home Office,Pacific Asia,Electronics,3,0.34,744.84,5,Wednesday,4,0
Second Class,Medium,Corporate,LATAM,Electronics,11,0.22,54.4,4,Monday,9,0
Standard Class,High,Home Office,Africa,Grocery,3,0.35,735.56,5,Saturday,4,1
First Class,Low,Consumer,LATAM,Apparel,5,0.28,836.12,1,Sunday,5,0
Standard Class,Low,Corporate,USCA,Apparel,16,0.19,1093.06,3,Tuesday,2,0
First Class,Medium,Consumer,Europe,Electronics,11,0.06,853.63,4,Saturday,5,0
Second Class,High,Consumer,Africa,Furniture,1,0.16,586.47,1,Tuesday,6,1
Second Class,Low,Consumer,Europe,Furniture,9,0.31,1025.43,1,Friday,2,0
First Class,High,Corporate,Europe,Office Supplies,5,0.09,431.0,2,Tuesday,3,0
Standard Class,Low,Consumer,USCA,Furniture,11,0.28,1028.06,3,Saturday,12,0
Standard Class,Low,Home Office,LATAM,Furniture,2,0.1,1014.32,2,Saturday,3,1
Standard Class,High,Corporate,Africa,Grocery,10,0.19,728.36,5,Tuesday,10,1
First Class,Low,Consumer,Pacific Asia,Grocery,5,0.03,420.1,1,Monday,7,0
Second Class,Medium,Corporate,Europe,Electronics,17,0.18,713.53,2,Monday,8,0
Second Class,Low,Consumer,Pacific Asia,Furniture,12,0.25,1088.02,6,Monday,1,0
Standard Class,Low,Consumer,Pacific Asia,Apparel,3,0.23,767.48,1,Wednesday,12,1
Standard Class,Medium,Corporate,LATAM,Furniture,7,0.16,1009.62,6,Tuesday,7,0
Standard Class,Medium,Home Office,Pacific Asia,Furniture,11,0.15,420.11,5,Friday,6,0
Standard Class,Medium,Consumer,Africa,Electronics,11,0.11,357.85,5,Monday,2,1
Second Class,Medium,Home Office,LATAM,Apparel,12,0.31,314.46,3,Sunday,1,0
Standard Class,Low,Corporate,Pacific Asia,Electronics,5,0.31,594.59,6,Sunday,4,0
Standard Class,Medium,Consumer,LATAM,Furniture,10,0.19,524.05,7,Tuesday,12,0
Same Day,Critical,Corporate,Africa,Apparel,12,0.15,1026.52,5,Monday,6,0
Standard Class,High,Corporate,Europe,Furniture,14,0.25,144.0,7,Friday,11,0
Standard Class,Low,Consumer,USCA,Electronics,1,0.22,669.32,3,Wednesday,8,0
First Class,Low,Home Office,LATAM,Electronics,14,0.27,490.05,5,Monday,11,0
Standard Class,High,Corporate,USCA,Grocery,7,0.12,1125.71,5,Tuesday,4,0
Second Class,Medium,Consumer,Europe,Apparel,10,0.32,948.18,7,Saturday,8,0
First Class,Medium,Home Office,Africa,Grocery,12,0.13,525.69,7,Saturday,10,0
Same Day,High,Consumer,Europe,Apparel,6,0.17,772.33,6,Sunday,7,0
Standard Class,Low,Home Office,USCA,Office Supplies,16,0.05,897.25,3,Thursday,12,0
Same Day,Medium,Consumer,Africa,Apparel,10,0.34,94.66,2,Sunday,4,1
Standard Class,Critical,Corporate,Pacific Asia,Furniture,12,0.26,811.73,7,Thursday,10,1
Standard Class,Medium,Consumer,Pacific Asia,Apparel,10,0.09,175.99,4,Tuesday,10,0
Standard Class,Low,Corporate,LATAM,Grocery,10,0.34,234.85,2,Friday,1,1
Same Day,Low,Consumer,Pacific Asia,Electronics,11,0.28,558.84,7,Sunday,3,0
Standard Class,Low,Consumer,USCA,Electronics,9,0.18,1175.55,5,Tuesday,5,0
Standard Class,High,Consumer,Pacific Asia,Apparel,9,0.4,1143.07,1,Saturday,1,1
Second Class,Low,Home Office,LATAM,Office Supplies,12,0.13,1083.7,7,Wednesday,8,0
Standard Class,Low,Consumer,Africa,Electronics,2,0.04,50.85,4,Thursday,7,1
Standard Class,High,Corporate,Pacific Asia,Electronics,14,0.29,1024.88,7,Thursday,11,1
Standard Class,Low,Home Office,LATAM,Electronics,9,0.3,933.64,7,Saturday,9,0
Standard Class,Low,Home Office,Pacific Asia,Office Supplies,18,0.02,603.55,5,Wednesday,1,1
Standard Class,Low,Consumer,Pacific Asia,Grocery,13,0.33,397.26,3,Monday,3,1
Standard Class,Low,Home Office,USCA,Apparel,16,0.31,909.15,1,Wednesday,12,1
Second Class,Medium,Consumer,LATAM,Office Supplies,13,0.37,137.36,7,Thursday,6,0
Standard Class,High,Corporate,LATAM,Apparel,8,0.05,784.03,7,Saturday,4,0
Standard Class,High,Corporate,Europe,Furniture,12,0.24,809.53,4,Sunday,9,0
First Class,Medium,Consumer,Europe,Apparel,19,0.09,668.9,7,Saturday,8,0
Standard Class,Medium,Consumer,LATAM,Electronics,10,0.16,1054.56,4,Tuesday,1,0
Second Class,Medium,Consumer,USCA,Office Supplies,2,0.11,402.53,4,Wednesday,6,0
Standard Class,Low,Consumer,Pacific Asia,Office Supplies,15,0.18,579.01,1,Saturday,7,1
Standard Class,Low,Home Office,Africa,Grocery,17,0.05,912.81,6,Monday,1,1
Standard Class,High,Consumer,Pacific Asia,Furniture,6,0.12,862.86,7,Thursday,1,0
Standard Class,Low,Home Office,Africa,Grocery,3,0.03,679.33,1,Wednesday,7,1
Standard Class,Low,Consumer,USCA,Grocery,11,0.2,333.84,3,Monday,11,0
Standard Class,Medium,Home Office,Europe,Furniture,5,0.12,360.16,1,Monday,3,1
Standard Class,Medium,Corporate,LATAM,Electronics,13,0.24,892.03,1,Thursday,8,1
Standard Class,Low,Home Office,USCA,Office Supplies,16,0.18,16.84,2,Saturday,3,1
Standard Class,Low,Consumer,Africa,Apparel,10,0.1,786.75,3,Saturday,11,1
Standard Class,Low,Corporate,LATAM,Furniture,13,0.04,305.45,3,Thursday,11,0
Standard Class,Medium,Consumer,Africa,Grocery,11,0.3,810.86,4,Wednesday,1,1
Standard Class,Low,Consumer,Pacific Asia,Apparel,16,0.25,232.46,5,Tuesday,10,0
Second Class,Medium,Corporate,Pacific Asia,Furniture,6,0.01,457.96,4,Monday,4,0
Standard Class,Medium,Corporate,Pacific Asia,Furniture,1,0.4,907.04,3,Sunday,1,0
First Class,High,Consumer,LATAM,Electronics,8,0.26,908.69,6,Sunday,4,0
Second Class,Low,Corporate,Europe,Electronics,17,0.08,259.53,3,Sunday,10,0
Standard Class,Low,Corporate,Europe,Office Supplies,10,0.34,457.78,5,Tuesday,12,0
First Class,Medium,Consumer,Africa,Office Supplies,2,0.35,607.98,5,Friday,12,0
Same Day,Medium,Corporate,Europe,Apparel,19,0.23,708.96,5,Wednesday,10,0
Standard Class,Low,Corporate,Europe,Office Supplies,6,0.35,893.5,7,Wednesday,8,0
Standard Class,Medium,Consumer,Africa,Furniture,2,0.01,38.13,5,Tuesday,9,0
First Class,Low,Corporate,Africa,Furniture,18,0.38,147.24,4,Thursday,12,0
Second Class,Low,Corporate,Africa,Furniture,14,0.02,197.69,1,Monday,8,1
Standard Class,Medium,Home Office,LATAM,Furniture,6,0.26,236.89,7,Friday,4,0
Standard Class,Low,Consumer,Africa,Electronics,12,0.14,46.03,4,Saturday,12,1
Standard Class,High,Home Office,LATAM,Furniture,8,0.02,1105.36,7,Monday,11,0
Standard Class,Medium,Consumer,LATAM,Furniture,3,0.37,203.01,5,Thursday,2,0
Second Class,Medium,Consumer,LATAM,Furniture,5,0.05,97.63,4,Monday,11,0
Standard Class,Medium,Consumer,Africa,Grocery,17,0.34,571.35,4,Sunday,6,1
Standard Class,Medium,Home Office,Europe,Apparel,5,0.13,1130.01,4,Thursday,2,0
Second Class,Low,Corporate,Europe,Apparel,14,0.3,1157.62,5,Monday,12,0
Standard Class,High,Consumer,Africa,Furniture,14,0.1,814.92,5,Monday,2,1
Standard Class,Critical,Consumer,Europe,Furniture,9,0.23,222.24,5,Saturday,1,1
Second Class,Low,Consumer,Africa,Apparel,8,0.32,14.52,2,Wednesday,5,1
First Class,Low,Consumer,LATAM,Office Supplies,11,0.23,408.69,6,Sunday,7,0
Standard Class,Low,Corporate,Pacific Asia,Grocery,18,0.12,159.29,1,Monday,3,1
Standard Class,Medium,Corporate,USCA,Grocery,9,0.09,908.56,7,Friday,11,0
Standard Class,Medium,Home Office,Africa,Office Supplies,2,0.07,1163.24,3,Sunday,1,1
Standard Class,High,Home Office,LATAM,Furniture,2,0.34,109.63,2,Sunday,6,1
Standard Class,High,Corporate,Pacific Asia,Apparel,6,0.24,482.35,2,Monday,4,1
Standard Class,Medium,Consumer,LATAM,Grocery,6,0.2,1083.94,2,Wednesday,3,1
Standard Class,Medium,Consumer,USCA,Office Supplies,11,0.1,876.67,7,Tuesday,8,0
Standard Class,Medium,Corporate,Europe,Office Supplies,10,0.17,1045.04,2,Monday,1,1
Standard Class,Medium,Consumer,Europe,Electronics,13,0.25,1108.34,4,Monday,8,0
Standard Class,Medium,Corporate,LATAM,Office Supplies,19,0.03,501.01,7,Sunday,4,0
Standard Class,Medium,Home Office,USCA,Electronics,2,0.14,835.46,7,Tuesday,3,0
Standard Class,Medium,Home Office,LATAM,Electronics,14,0.1,854.11,2,Monday,10,1
Standard Class,Medium,Consumer,Europe,Grocery,1,0.26,760.67,1,Wednesday,7,1
First Class,Medium,Consumer,LATAM,Furniture,12,0.24,397.67,5,Thursday,2,0
Second Class,Medium,Home Office,Pacific Asia,Furniture,18,0.12,1000.28,3,Friday,5,0
Second Class,Medium,Home Office,USCA,Office Supplies,16,0.02,924.99,7,Wednesday,7,0
First Class,Medium,Consumer,Europe,Apparel,5,0.07,539.8,6,Wednesday,1,0
Standard Class,Medium,Corporate,LATAM,Apparel,19,0.06,510.95,1,Wednesday,2,1
Standard Class,Medium,Corporate,USCA,Electronics,14,0.23,22.83,2,Monday,11,1
Standard Class,Low,Consumer,LATAM,Office Supplies,11,0.07,1013.7,5,Friday,1,0
Second Class,Low,Consumer,Europe,Office Supplies,17,0.19,347.94,7,Wednesday,5,0
Second Class,Medium,Home Office,USCA,Furniture,15,0.25,570.26,2,Wednesday,5,0
Standard Class,Medium,Corporate,Europe,Apparel,16,0.35,499.45,3,Monday,3,1
Standard Class,Critical,Consumer,Pacific Asia,Grocery,14,0.1,816.99,2,Sunday,2,1
Standard Class,Low,Corporate,Pacific Asia,Office Supplies,17,0.07,474.22,4,Saturday,11,0
Standard Class,Low,Corporate,Africa,Office Supplies,4,0.07,223.89,6,Saturday,3,1
Second Class,Low,Home Office,USCA,Furniture,14,0.14,1043.65,7,Sunday,4,0
Second Class,Low,Consumer,Pacific Asia,Grocery,4,0.26,228.42,4,Saturday,7,0
Standard Class,High,Home Office,Africa,Grocery,3,0.27,43.83,7,Saturday,9,1
Same Day,Low,Consumer,USCA,Grocery,4,0.08,243.53,2,Sunday,12,0
Second Class,Medium,Corporate,Europe,Grocery,6,0.05,551.62,5,Monday,2,0
Standard Class,Medium,Corporate,LATAM,Apparel,4,0.18,513.64,6,Thursday,10,0
Standard Class,Medium,Consumer,LATAM,Electronics,7,0.06,957.62,7,Saturday,11,0
Standard Class,High,Consumer,Europe,Grocery,7,0.33,241.97,3,Thursday,5,0
Standard Class,Medium,Home Office,Pacific Asia,Electronics,18,0.03,932.98,2,Wednesday,12,1
Standard Class,Low,Corporate,LATAM,Electronics,12,0.3,124.68,3,Thursday,11,0
Standard Class,High,Consumer,Europe,Furniture,16,0.02,573.66,2,Friday,9,1
Standard Class,High,Consumer,Africa,Grocery,6,0.32,1039.74,6,Sunday,9,1
Standard Class,Low,Consumer,Africa,Apparel,5,0.25,501.39,3,Wednesday,5,1
First Class,Low,Consumer,Europe,Furniture,10,0.13,1156.3,2,Friday,6,0
Standard Class,Low,Home Office,USCA,Furniture,17,0.16,760.94,4,Saturday,7,0
Standard Class,Low,Corporate,Pacific Asia,Electronics,3,0.27,910.42,7,Tuesday,12,0
Standard Class,Critical,Home Office,Pacific Asia,Office Supplies,9,0.07,616.73,2,Wednesday,9,1
Same Day,Medium,Consumer,Europe,Apparel,10,0.36,521.41,4,Sunday,11,0
Standard Class,Low,Corporate,LATAM,Grocery,10,0.19,110.77,5,Wednesday,8,0
Standard Class,High,Consumer,Pacific Asia,Grocery,6,0.3,152.74,2,Tuesday,9,1
Same Day,Medium,Corporate,Pacific Asia,Apparel,4,0.2,690.33,3,Wednesday,1,0
First Class,Low,Consumer,Africa,Grocery,11,0.18,740.22,5,Thursday,8,0
First Class,High,Consumer,Africa,Office Supplies,9,0.19,1181.86,4,Sunday,8,0
Standard Class,High,Corporate,Africa,Office Supplies,12,0.15,1030.71,7,Monday,5,1
Standard Class,High,Consumer,Pacific Asia,Grocery,10,0.29,1014.94,5,Wednesday,6,0
Second Class,Medium,Corporate,Pacific Asia,Furniture,6,0.34,351.06,2,Monday,8,0
Same Day,High,Corporate,Pacific Asia,Grocery,13,0.34,500.02,1,Saturday,12,1
Second Class,Low,Corporate,LATAM,Grocery,5,0.05,131.53,7,Saturday,12,0
Second Class,Medium,Home Office,LATAM,Apparel,4,0.3,702.03,2,Wednesday,4,0
Standard Class,Critical,Consumer,LATAM,Office Supplies,3,0.08,92.75,4,Sunday,7,1
First Class,Low,Consumer,USCA,Furniture,5,0.0,541.73,5,Sunday,1,0
Standard Class,High,Home Office,Pacific Asia,Apparel,18,0.11,683.78,1,Tuesday,5,1
Standard Class,Medium,Corporate,Pacific Asia,Apparel,3,0.12,281.54,6,Friday,11,0
Standard Class,Low,Consumer,Europe,Furniture,5,0.32,932.78,7,Tuesday,5,0
Standard Class,High,Home Office,Europe,Furniture,9,0.3,813.07,6,Saturday,5,0
Standard Class,Low,Consumer,USCA,Apparel,6,0.03,185.96,6,Thursday,4,0
Standard Class,Medium,Consumer,Europe,Grocery,15,0.13,1180.58,3,Sunday,4,0
Second Class,Low,Consumer,LATAM,Furniture,18,0.1,655.03,5,Thursday,3,0
Standard Class,High,Consumer,USCA,Electronics,8,0.24,41.44,5,Tuesday,9,0
Second Class,Low,Consumer,USCA,Furniture,12,0.22,426.63,2,Saturday,10,0
Standard Class,Low,Consumer,USCA,Apparel,6,0.27,1175.38,3,Saturday,11,0
Standard Class,Low,Consumer,Africa,Electronics,8,0.36,1083.75,1,Thursday,7,1
Standard Class,High,Consumer,Europe,Apparel,15,0.17,189.88,5,Friday,2,0
Standard Class,Medium,Consumer,Pacific Asia,Office Supplies,16,0.26,1027.46,2,Friday,7,1
Standard Class,Medium,Corporate,Africa,Office Supplies,5,0.37,745.91,2,Saturday,12,1
Standard Class,Medium,Consumer,LATAM,Grocery,11,0.22,35.86,1,Monday,7,1
Standard Class,Medium,Consumer,Africa,Furniture,17,0.12,911.34,3,Thursday,2,1
Same Day,Low,Consumer,LATAM,Apparel,13,0.16,501.28,3,Sunday,9,0
Standard Class,Medium,Consumer,Pacific Asia,Electronics,16,0.3,481.41,2,Sunday,2,1
First Class,Low,Consumer,Pacific Asia,Furniture,18,0.29,465.53,3,Thursday,5,0
Standard Class,Critical,Consumer,Europe,Grocery,13,0.3,719.9,3,Friday,4,1
Second Class,High,Corporate,Africa,Apparel,3,0.3,859.92,2,Thursday,5,1
First Class,Medium,Corporate,Pacific Asia,Apparel,3,0.37,780.69,5,Sunday,10,0
Second Class,Low,Home Office,LATAM,Office Supplies,6,0.31,297.7,5,Tuesday,2,0
Standard Class,High,Corporate,Pacific Asia,Grocery,15,0.34,851.09,6,Friday,9,1
Standard Class,Low,Consumer,Europe,Apparel,19,0.23,171.27,3,Monday,10,0
Standard Class,Low,Consumer,LATAM,Office Supplies,3,0.26,1165.9,2,Sunday,6,1
Same Day,Low,Corporate,USCA,Office Supplies,3,0.39,573.6,5,Monday,2,0
First Class,Medium,Consumer,Europe,Electronics,3,0.35,118.7,6,Monday,1,0
Same Day,High,Consumer,Europe,Grocery,18,0.31,696.18,6,Tuesday,9,0
Standard Class,Low,Consumer,USCA,Grocery,8,0.27,696.61,5,Saturday,11,0
Second Class,Low,Corporate,Pacific Asia,Apparel,16,0.14,56.19,6,Friday,6,0
Same Day,Medium,Home Office,Europe,Electronics,3,0.22,22.93,2,Sunday,11,0
Standard Class,Medium,Home Office,USCA,Furniture,11,0.02,1195.36,1,Friday,9,1
Standard Class,Low,Consumer,USCA,Apparel,16,0.17,474.2,7,Monday,2,0
Second Class,Low,Consumer,Europe,Office Supplies,2,0.04,302.09,6,Tuesday,2,0
Second Class,High,Home Office,Africa,Furniture,1,0.29,661.79,7,Friday,1,0
First Class,Critical,Corporate,Europe,Furniture,8,0.36,19.92,3,Monday,2,0
Standard Class,Critical,Consumer,Africa,Apparel,12,0.07,25.35,7,Monday,6,1
First Class,High,Corporate,Pacific Asia,Electronics,19,0.1,144.21,3,Monday,1,0
Standard Class,Low,Corporate,USCA,Grocery,18,0.34,965.01,6,Thursday,3,1
Standard Class,Low,Home Office,LATAM,Electronics,18,0.23,305.42,5,Thursday,9,1
Standard Class,Low,Corporate,Europe,Apparel,11,0.24,609.11,2,Sunday,2,1
First Class,Low,Consumer,LATAM,Grocery,18,0.23,276.11,4,Sunday,1,0
Second Class,Critical,Corporate,Pacific Asia,Furniture,6,0.09,658.35,7,Friday,11,0
Standard Class,High,Home Office,Europe,Office Supplies,1,0.1,615.48,7,Sunday,5,0
Standard Class,Medium,Corporate,LATAM,Electronics,9,0.38,486.86,6,Thursday,8,0
First Class,Low,Corporate,Pacific Asia,Grocery,16,0.29,525.51,7,Tuesday,12,0
Standard Class,High,Home Office,Africa,Electronics,5,0.04,787.52,4,Tuesday,3,1
First Class,High,Corporate,Pacific Asia,Grocery,19,0.09,1012.16,7,Sunday,1,0
Standard Class,Low,Consumer,Europe,Office Supplies,17,0.25,390.1,2,Saturday,2,1
Standard Class,High,Corporate,Europe,Apparel,8,0.11,643.25,2,Sunday,11,1
Standard Class,Low,Corporate,Europe,Apparel,19,0.1,1026.47,1,Tuesday,7,1
Standard Class,Low,Consumer,Pacific Asia,Grocery,18,0.08,209.83,7,Friday,9,1
Second Class,Medium,Consumer,Europe,Grocery,12,0.07,1175.67,4,Tuesday,9,0
Standard Class,Medium,Corporate,Pacific Asia,Apparel,16,0.25,903.25,7,Monday,6,0
Standard Class,Low,Consumer,USCA,Furniture,14,0.36,445.67,2,Tuesday,7,1
First Class,Low,Corporate,USCA,Furniture,4,0.14,456.46,2,Tuesday,4,0
Standard Class,Critical,Consumer,USCA,Furniture,8,0.05,254.36,3,Friday,10,1
Standard Class,Medium,Home Office,LATAM,Office Supplies,12,0.05,328.82,4,Sunday,1,0
Same Day,Medium,Consumer,USCA,Grocery,11,0.37,708.57,2,Sunday,2,0
Second Class,Low,Consumer,USCA,Electronics,13,0.21,14.45,4,Saturday,5,0
Standard Class,Low,Consumer,Pacific Asia,Electronics,8,0.19,37.56,2,Sunday,1,1
Same Day,Low,Corporate,Pacific Asia,Grocery,18,0.36,1183.91,6,Sunday,12,0
Second Class,Low,Consumer,Europe,Apparel,13,0.2,290.28,7,Thursday,12,0
Standard Class,Low,Consumer,Europe,Grocery,4,0.19,997.18,4,Wednesday,8,0
Standard Class,Low,Corporate,Europe,Furniture,1,0.37,738.76,7,Monday,6,0
First Class,Medium,Consumer,Pacific Asia,Furniture,10,0.19,540.72,1,Sunday,10,0
Second Class,Low,Corporate,Pacific Asia,Electronics,6,0.16,881.29,1,Monday,11,0
Standard Class,High,Corporate,USCA,Grocery,11,0.23,69.53,1,Thursday,3,1
First Class,Low,Corporate,Africa,Electronics,7,0.39,909.73,5,Monday,2,0
First Class,Medium,Consumer,Pacific Asia,Apparel,10,0.39,1029.82,7,Thursday,6,0
Standard Class,Low,Corporate,Africa,Office Supplies,12,0.31,343.47,2,Friday,10,1
Standard Class,Medium,Consumer,Pacific Asia,Office Supplies,6,0.2,368.92,7,Friday,2,0
Standard Class,Low,Home Office,Pacific Asia,Apparel,6,0.35,132.59,3,Friday,2,0
Second Class,Critical,Home Office,LATAM,Furniture,4,0.17,1028.51,7,Thursday,4,0
Standard Class,High,Consumer,Africa,Furniture,2,0.26,971.41,5,Thursday,3,1
Second Class,Medium,Consumer,LATAM,Furniture,7,0.07,516.0,4,Wednesday,1,0
First Class,Low,Consumer,USCA,Electronics,7,0.26,459.49,2,Saturday,6,0
First Class,Medium,Consumer,LATAM,Electronics,2,0.11,518.76,2,Thursday,11,0
Standard Class,High,Corporate,LATAM,Office Supplies,10,0.31,510.21,7,Monday,2,0
First Class,Low,Corporate,USCA,Furniture,14,0.17,521.24,5,Wednesday,5,0
Standard Class,Medium,Consumer,Africa,Furniture,5,0.16,183.43,7,Thursday,2,1
First Class,High,Corporate,Europe,Apparel,8,0.3,26.04,2,Tuesday,10,0
Standard Class,High,Home Office,Pacific Asia,Office Supplies,18,0.17,917.3,2,Monday,6,1
Standard Class,High,Corporate,Africa,Electronics,5,0.29,419.06,4,Friday,7,1
First Class,High,Consumer,USCA,Office Supplies,4,0.34,594.16,3,Sunday,7,0
Standard Class,High,Corporate,LATAM,Furniture,19,0.05,375.85,4,Saturday,3,0
Standard Class,Medium,Corporate,Europe,Furniture,11,0.19,464.15,6,Monday,8,0
Second Class,Medium,Home Office,LATAM,Electronics,5,0.38,99.09,5,Wednesday,3,0
Second Class,High,Consumer,Pacific Asia,Electronics,16,0.32,450.64,2,Thursday,6,1
Second Class,Medium,Consumer,USCA,Office Supplies,9,0.39,561.11,7,Tuesday,8,0
Second Class,Critical,Corporate,Europe,Grocery,6,0.34,1001.08,2,Monday,11,1
Standard Class,Low,Corporate,Africa,Furniture,8,0.12,393.42,3,Thursday,6,1
Standard Class,Low,Corporate,Africa,Furniture,1,0.07,115.37,3,Thursday,1,1
Standard Class,Low,Consumer,USCA,Grocery,1,0.08,913.44,1,Wednesday,2,1
Standard Class,Low,Corporate,USCA,Office Supplies,5,0.09,457.01,7,Friday,10,0
Same Day,Low,Consumer,LATAM,Apparel,18,0.03,1099.28,3,Thursday,5,0
Second Class,Medium,Consumer,Europe,Apparel,4,0.36,1151.25,4,Friday,2,0
Standard Class,Low,Corporate,Pacific Asia,Furniture,16,0.2,1047.5,6,Wednesday,12,0
Standard Class,Medium,Consumer,USCA,Apparel,19,0.04,279.71,2,Friday,7,1
Same Day,Medium,Consumer,Europe,Office Supplies,7,0.31,312.03,4,Saturday,9,0
Standard Class,Low,Corporate,USCA,Apparel,15,0.13,955.01,4,Wednesday,12,0
Second Class,Low,Corporate,USCA,Electronics,18,0.03,540.87,4,Thursday,10,0
Standard Class,Medium,Consumer,Africa,Office Supplies,9,0.08,364.38,4,Saturday,4,1
Second Class,High,Corporate,Europe,Grocery,7,0.26,359.75,4,Friday,5,0
Standard Class,High,Consumer,Africa,Furniture,1,0.32,697.18,4,Friday,8,1
First Class,High,Consumer,Africa,Office Supplies,13,0.1,1075.09,2,Sunday,2,1
Same Day,Critical,Consumer,Europe,Apparel,4,0.23,746.52,4,Saturday,4,0
Second Class,Medium,Consumer,Africa,Office Supplies,2,0.0,748.13,5,Tuesday,8,0
Second Class,High,Home Office,LATAM,Grocery,10,0.11,898.86,4,Friday,12,0
Same Day,High,Consumer,Pacific Asia,Office Supplies,5,0.07,914.76,1,Wednesday,5,0
Second Class,High,Corporate,Pacific Asia,Grocery,3,0.03,1092.25,6,Thursday,4,0
Standard Class,Low,Home Office,LATAM,Grocery,5,0.19,202.91,4,Monday,3,0
Second Class,Critical,Home Office,USCA,Office Supplies,11,0.25,1181.71,1,Wednesday,11,1
Second Class,Medium,Consumer,Africa,Furniture,18,0.02,401.31,2,Friday,4,1
Standard Class,High,Home Office,Pacific Asia,Furniture,2,0.06,345.07,5,Wednesday,12,0
Second Class,Low,Home Office,Europe,Apparel,16,0.37,616.65,7,Thursday,2,0
Same Day,Low,Consumer,USCA,Office Supplies,18,0.09,324.59,2,Sunday,1,0
Same Day,Low,Consumer,Pacific Asia,Office Supplies,6,0.3,287.16,2,Monday,6,0
Standard Class,Low,Consumer,Africa,Electronics,15,0.3,1160.5,4,Saturday,6,1
Standard Class,Low,Corporate,Pacific Asia,Furniture,12,0.13,133.75,1,Wednesday,7,1
Same Day,High,Corporate,Africa,Grocery,4,0.08,1188.03,5,Sunday,1,0
First Class,Low,Consumer,USCA,Electronics,12,0.1,750.75,4,Sunday,10,0
Standard Class,Low,Corporate,LATAM,Office Supplies,11,0.23,1150.71,7,Thursday,3,0
Same Day,Low,Consumer,Africa,Electronics,9,0.15,1077.91,1,Friday,1,1
First Class,Medium,Home Office,Africa,Furniture,1,0.2,781.6,6,Sunday,7,0
Standard Class,Low,Consumer,USCA,Office Supplies,18,0.32,711.91,4,Friday,4,1
Second Class,Low,Corporate,USCA,Furniture,6,0.2,1191.23,7,Thursday,12,0
Standard Class,Medium,Consumer,Europe,Electronics,12,0.4,623.1,2,Monday,9,1
Standard Class,Medium,Consumer,USCA,Apparel,3,0.27,222.72,1,Tuesday,6,1
Standard Class,Low,Corporate,Pacific Asia,Grocery,1,0.08,1191.6,6,Sunday,6,0
First Class,Low,Consumer,Africa,Grocery,7,0.2,394.99,3,Monday,8,0
Standard Class,Low,Corporate,LATAM,Apparel,18,0.33,114.02,4,Wednesday,8,1
Standard Class,Critical,Home Office,USCA,Apparel,12,0.09,863.1,2,Monday,7,1
Standard Class,Low,Consumer,Africa,Apparel,16,0.29,540.8,1,Sunday,3,1
Standard Class,Medium,Home Office,LATAM,Furniture,7,0.01,471.75,2,Monday,8,1
Same Day,Low,Consumer,Europe,Office Supplies,17,0.38,761.61,4,Saturday,3,0
Standard Class,Medium,Consumer,Pacific Asia,Apparel,4,0.27,72.89,6,Saturday,8,0
Standard Class,Low,Consumer,Europe,Furniture,10,0.07,840.88,7,Wednesday,8,0
Second Class,Low,Home Office,USCA,Electronics,6,0.35,609.1,4,Sunday,5,0
Standard Class,Medium,Consumer,Pacific Asia,Electronics,2,0.03,593.39,4,Tuesday,6,0
Standard Class,Low,Home Office,Europe,Apparel,4,0.16,1081.04,5,Sunday,8,0
Standard Class,Low,Home Office,Africa,Electronics,18,0.29,999.14,7,Saturday,4,1
Standard Class,Medium,Consumer,USCA,Apparel,1,0.37,642.59,7,Tuesday,8,0
Standard Class,Critical,Corporate,Europe,Electronics,1,0.14,698.23,7,Tuesday,9,1
Standard Class,Low,Corporate,Pacific Asia,Electronics,16,0.33,970.29,5,Friday,6,1
Standard Class,Medium,Consumer,Pacific Asia,Office Supplies,13,0.08,499.43,4,Wednesday,7,0
Same Day,Critical,Consumer,LATAM,Office Supplies,14,0.01,808.77,6,Sunday,8,0
Standard Class,High,Consumer,Pacific Asia,Electronics,11,0.01,653.52,5,Saturday,7,0
Second Class,Medium,Corporate,Pacific Asia,Office Supplies,8,0.26,604.56,6,Wednesday,8,0
Second Class,Medium,Corporate,USCA,Apparel,10,0.06,1181.82,7,Tuesday,4,0
Standard Class,Low,Consumer,Pacific Asia,Grocery,16,0.02,30.83,2,Friday,2,1
Second Class,Medium,Consumer,LATAM,Apparel,7,0.39,503.4,1,Monday,2,0
Standard Class,Low,Home Office,Pacific Asia,Office Supplies,5,0.1,1116.91,5,Friday,9,0
Same Day,Low,Consumer,LATAM,Furniture,10,0.19,1114.5,5,Friday,3,0
Standard Class,Medium,Corporate,Africa,Electronics,18,0.25,899.78,6,Thursday,12,1
Standard Class,Low,Consumer,LATAM,Office Supplies,7,0.06,714.37,6,Sunday,7,0
Standard Class,Medium,Home Office,USCA,Office Supplies,4,0.14,832.11,5,Tuesday,12,0
Same Day,Medium,Home Office,Europe,Office Supplies,10,0.26,310.98,5,Thursday,5,0
Standard Class,Medium,Consumer,Europe,Apparel,18,0.26,591.19,6,Tuesday,5,1
Second Class,Low,Consumer,Africa,Electronics,18,0.34,647.91,3,Thursday,11,1
Standard Class,Low,Consumer,USCA,Grocery,3,0.17,85.83,1,Sunday,2,1
Second Class,Medium,Consumer,Africa,Office Supplies,13,0.36,1040.8,2,Wednesday,5,1
Standard Class,Critical,Consumer,Africa,Furniture,14,0.27,553.46,5,Tuesday,8,1
First Class,Low,Corporate,Pacific Asia,Electronics,14,0.22,1079.69,7,Friday,7,0
Standard Class,Low,Consumer,Pacific Asia,Grocery,1,0.05,474.05,3,Monday,6,0
Standard Class,High,Consumer,USCA,Furniture,5,0.23,496.55,4,Tuesday,5,0
Standard Class,Low,Corporate,Europe,Grocery,10,0.24,300.62,4,Wednesday,10,0
Standard Class,High,Corporate,LATAM,Grocery,14,0.3,776.74,3,Thursday,5,1
Second Class,Medium,Consumer,Pacific Asia,Electronics,19,0.29,662.71,2,Monday,1,1
Standard Class,Medium,Corporate,USCA,Apparel,7,0.21,1096.43,3,Sunday,3,0
First Class,Low,Corporate,USCA,Furniture,15,0.24,520.79,4,Wednesday,7,0
Standard Class,Low,Corporate,Europe,Office Supplies,9,0.31,781.21,5,Saturday,9,0
Standard Class,Low,Consumer,USCA,Grocery,10,0.14,852.0,4,Saturday,4,0
Standard Class,High,Consumer,USCA,Furniture,8,0.05,390.63,7,Friday,6,0
Standard Class,Medium,Home Office,Europe,Electronics,9,0.35,1058.18,1,Sunday,3,1
Second Class,Medium,Home Office,Pacific Asia,Furniture,11,0.39,463.21,1,Monday,8,0
Standard Class,High,Corporate,Europe,Office Supplies,8,0.17,768.46,4,Sunday,5,0
Standard Class,Low,Consumer,Africa,Office Supplies,18,0.4,742.85,4,Friday,12,1
First Class,Medium,Corporate,Pacific Asia,Electronics,5,0.13,511.48,5,Sunday,12,0
Same Day,Medium,Home Office,Africa,Furniture,8,0.03,228.18,5,Saturday,7,0
Standard Class,High,Consumer,USCA,Apparel,2,0.23,715.07,1,Sunday,1,1
Standard Class,Low,Consumer,Africa,Apparel,18,0.35,456.89,7,Wednesday,9,1
Second Class,Medium,Corporate,Europe,Grocery,19,0.25,461.12,6,Wednesday,6,0
Standard Class,High,Home Office,Europe,Grocery,18,0.0,596.58,7,Sunday,6,0
Standard Class,Medium,Consumer,LATAM,Furniture,16,0.0,815.92,7,Saturday,9,0
Standard Class,Low,Corporate,USCA,Grocery,4,0.29,878.25,2,Sunday,2,1
Second Class,Medium,Corporate,Europe,Office Supplies,17,0.34,518.22,7,Saturday,8,0
Second Class,Low,Corporate,Pacific Asia,Electronics,6,0.1,152.66,6,Sunday,12,0
Standard Class,Medium,Corporate,Europe,Grocery,12,0.19,952.14,4,Thursday,4,0
Standard Class,Critical,Corporate,Pacific Asia,Apparel,7,0.38,806.6,5,Wednesday,10,1
Standard Class,Medium,Consumer,USCA,Office Supplies,14,0.18,962.82,7,Saturday,11,1
Second Class,Medium,Consumer,LATAM,Apparel,12,0.05,385.91,4,Tuesday,2,0
Standard Class,Medium,Corporate,LATAM,Grocery,2,0.36,1091.85,1,Friday,12,1
Standard Class,Low,Consumer,Africa,Grocery,4,0.2,322.65,5,Friday,7,1
First Class,Low,Corporate,Europe,Office Supplies,8,0.14,354.82,6,Sunday,6,0
Standard Class,High,Corporate,USCA,Apparel,10,0.04,648.29,3,Monday,8,0
Second Class,Medium,Consumer,Africa,Electronics,17,0.18,1196.84,1,Wednesday,1,1
Standard Class,Low,Corporate,USCA,Electronics,7,0.31,250.56,4,Wednesday,7,0
Standard Class,Low,Corporate,USCA,Office Supplies,10,0.29,1007.82,5,Sunday,10,0
Standard Class,Medium,Consumer,Africa,Grocery,17,0.2,12.8,1,Tuesday,3,1
Second Class,High,Consumer,USCA,Office Supplies,16,0.29,292.65,4,Monday,11,0
First Class,High,Home Office,Africa,Apparel,13,0.14,421.91,2,Friday,12,1
First Class,Low,Consumer,Europe,Electronics,18,0.29,781.84,6,Friday,7,0
Standard Class,High,Corporate,Africa,Grocery,5,0.03,145.37,5,Friday,5,1
Second Class,Medium,Consumer,Europe,Apparel,8,0.08,163.15,7,Wednesday,10,0
Standard Class,Medium,Consumer,LATAM,Electronics,7,0.35,184.17,2,Wednesday,3,1
Standard Class,Medium,Consumer,Africa,Electronics,18,0.12,798.44,1,Monday,4,1
First Class,Low,Corporate,LATAM,Furniture,6,0.08,146.42,5,Tuesday,3,0
Standard Class,Critical,Consumer,Africa,Grocery,13,0.04,483.89,4,Friday,12,1
Standard Class,Low,Consumer,USCA,Office Supplies,9,0.16,196.45,2,Monday,12,1
Standard Class,Low,Corporate,LATAM,Furniture,8,0.03,464.66,1,Tuesday,6,1
Standard Class,High,Consumer,Pacific Asia,Electronics,12,0.2,859.71,4,Thursday,12,0
Standard Class,Medium,Consumer,Pacific Asia,Grocery,10,0.37,340.49,4,Tuesday,4,0
Second Class,High,Consumer,Pacific Asia,Grocery,7,0.31,745.0,7,Tuesday,12,0
Standard Class,Medium,Consumer,LATAM,Furniture,7,0.02,305.72,4,Thursday,2,0
First Class,Low,Corporate,Europe,Apparel,17,0.12,887.71,4,Thursday,4,0
First Class,High,Consumer,Africa,Apparel,5,0.08,934.71,6,Saturday,9,0
Standard Class,Low,Consumer,USCA,Office Supplies,10,0.03,379.37,2,Sunday,10,1
Standard Class,High,Home Office,USCA,Grocery,15,0.04,38.31,4,Thursday,9,0
Standard Class,Low,Home Office,LATAM,Furniture,13,0.36,163.61,3,Thursday,5,1
Second Class,High,Home Office,Pacific Asia,Electronics,14,0.12,594.24,5,Wednesday,1,0
Standard Class,Low,Home Office,USCA,Apparel,17,0.16,464.65,4,Wednesday,2,0
Second Class,Medium,Corporate,USCA,Furniture,7,0.19,421.22,4,Saturday,4,0
Standard Class,High,Corporate,Europe,Office Supplies,4,0.3,699.37,6,Wednesday,10,0
Second Class,Medium,Corporate,USCA,Office Supplies,9,0.32,202.19,3,Saturday,3,0
Standard Class,Medium,Corporate,USCA,Grocery,19,0.39,553.45,7,Wednesday,4,1
Standard Class,High,Corporate,Africa,Office Supplies,14,0.08,252.03,5,Thursday,11,1
Same Day,Medium,Consumer,USCA,Office Supplies,3,0.12,1177.46,6,Monday,7,0
First Class,High,Home Office,Africa,Apparel,4,0.13,67.86,6,Monday,1,0
Standard Class,Medium,Corporate,Pacific Asia,Apparel,2,0.18,28.78,4,Sunday,12,0
First Class,Low,Home Office,Europe,Office Supplies,8,0.32,681.38,4,Thursday,10,0
Standard Class,Low,Consumer,USCA,Grocery,2,0.1,84.53,7,Tuesday,2,0
First Class,Low,Consumer,Europe,Apparel,4,0.31,975.08,4,Monday,10,0
First Class,Low,Consumer,Europe,Apparel,2,0.08,985.32,3,Sunday,2,0
Standard Class,Medium,Corporate,Europe,Office Supplies,4,0.28,524.39,6,Monday,8,0
Standard Class,Low,Consumer,LATAM,Grocery,9,0.32,1007.66,5,Tuesday,5,0
Standard Class,Low,Consumer,Africa,Office Supplies,2,0.34,891.21,1,Saturday,2,1
Standard Class,Low,Consumer,Europe,Electronics,17,0.2,171.14,5,Sunday,7,0
Second Class,High,Consumer,Pacific Asia,Electronics,1,0.13,1032.93,3,Friday,5,0
Standard Class,Medium,Corporate,USCA,Grocery,6,0.31,1050.39,7,Friday,3,0
Standard Class,Low,Home Office,Europe,Electronics,16,0.13,394.03,5,Sunday,10,0
First Class,High,Consumer,Europe,Grocery,4,0.06,932.24,6,Friday,1,0
Same Day,Low,Corporate,USCA,Electronics,5,0.33,1077.86,7,Tuesday,10,0
Standard Class,Critical,Consumer,Pacific Asia,Furniture,5,0.16,897.32,7,Friday,4,1
Standard Class,Medium,Consumer,Europe,Apparel,9,0.23,121.87,6,Wednesday,6,0
Standard Class,Low,Corporate,Europe,Office Supplies,5,0.37,122.63,4,Sunday,2,0
Standard Class,Medium,Corporate,Pacific Asia,Grocery,2,0.05,1179.05,3,Thursday,10,0
Same Day,High,Home Office,Europe,Electronics,7,0.22,654.21,3,Monday,2,0
Standard Class,Medium,Consumer,Pacific Asia,Furniture,15,0.22,776.89,5,Friday,3,0
Second Class,High,Home Office,Europe,Electronics,8,0.34,1095.59,5,Tuesday,5,0
Standard Class,Low,Consumer,USCA,Furniture,3,0.14,18.85,2,Monday,3,1
Second Class,Low,Consumer,Pacific Asia,Office Supplies,11,0.16,517.76,5,Sunday,7,0
Second Class,Low,Consumer,USCA,Apparel,10,0.21,684.02,7,Monday,2,0
First Class,Low,Corporate,USCA,Apparel,4,0.07,12.55,5,Tuesday,8,0
Standard Class,Low,Consumer,Europe,Furniture,12,0.19,753.05,4,Tuesday,10,0
Standard Class,High,Consumer,Pacific Asia,Electronics,13,0.17,1022.62,1,Wednesday,1,1
Standard Class,Low,Corporate,LATAM,Apparel,7,0.08,75.34,7,Monday,11,0
Same Day,Medium,Consumer,USCA,Electronics,19,0.33,967.03,7,Sunday,5,0
First Class,Medium,Consumer,USCA,Grocery,16,0.17,1173.26,7,Friday,9,0
Second Class,High,Consumer,USCA,Electronics,10,0.12,1105.14,1,Wednesday,10,0
Second Class,Critical,Consumer,Europe,Grocery,7,0.05,649.05,1,Thursday,11,1
Second Class,High,Corporate,Europe,Grocery,3,0.04,1033.95,5,Thursday,2,0
Standard Class,Critical,Corporate,USCA,Apparel,2,0.38,927.06,6,Thursday,4,1
Same Day,High,Consumer,Europe,Grocery,1,0.4,983.02,1,Sunday,10,0
Standard Class,Critical,Consumer,Europe,Electronics,16,0.36,483.68,6,Thursday,11,1
Standard Class,Medium,Home Office,Europe,Office Supplies,13,0.18,575.99,7,Monday,8,0
Standard Class,Low,Corporate,Africa,Electronics,3,0.32,294.56,7,Saturday,9,1
Standard Class,Medium,Corporate,Pacific Asia,Furniture,14,0.33,71.37,2,Thursday,3,1
Standard Class,Medium,Consumer,Europe,Furniture,18,0.12,720.7,7,Wednesday,10,0
Second Class,Low,Consumer,Africa,Electronics,11,0.23,378.4,3,Monday,11,0
Standard Class,Low,Home Office,Africa,Furniture,19,0.38,608.22,2,Wednesday,10,1
Second Class,Medium,Corporate,Europe,Office Supplies,3,0.11,1155.6,2,Friday,7,0
Standard Class,High,Consumer,Africa,Furniture,2,0.27,85.15,1,Tuesday,12,1
Standard Class,Low,Consumer,LATAM,Apparel,6,0.27,1049.45,1,Sunday,10,1
Standard Class,High,Consumer,Africa,Office Supplies,4,0.18,113.25,2,Monday,9,1
Standard Class,Medium,Consumer,Pacific Asia,Apparel,13,0.2,787.76,2,Tuesday,8,1
Second Class,Critical,Home Office,Africa,Apparel,8,0.18,418.48,2,Friday,4,1
Standard Class,High,Home Office,Europe,Office Supplies,15,0.21,129.18,2,Tuesday,6,1
Second Class,High,Consumer,USCA,Apparel,1,0.06,910.76,2,Thursday,3,0
Standard Class,Medium,Consumer,LATAM,Furniture,16,0.32,841.31,5,Saturday,3,1
Second Class,Low,Corporate,Africa,Electronics,5,0.26,771.91,2,Tuesday,6,1
Same Day,Medium,Consumer,LATAM,Office Supplies,13,0.39,1158.21,3,Saturday,9,0
Second Class,High,Corporate,Pacific Asia,Electronics,17,0.1,38.18,1,Tuesday,11,0
Standard Class,High,Corporate,Africa,Office Supplies,2,0.06,527.25,3,Sunday,2,1
Standard Class,High,Corporate,Africa,Office Supplies,13,0.14,679.57,4,Saturday,3,1
Standard Class,Low,Corporate,LATAM,Apparel,2,0.2,435.66,1,Tuesday,10,1
Second Class,Medium,Corporate,Africa,Electronics,11,0.08,806.7,7,Thursday,12,0
Standard Class,Low,Home Office,Africa,Furniture,15,0.18,1080.05,3,Thursday,7,1
Standard Class,Low,Consumer,USCA,Electronics,9,0.26,839.41,2,Wednesday,4,1
Second Class,Low,Home Office,LATAM,Office Supplies,19,0.02,687.56,2,Tuesday,1,0
Standard Class,Low,Consumer,Europe,Furniture,4,0.3,888.03,1,Tuesday,10,1
First Class,High,Consumer,Europe,Apparel,17,0.38,140.46,5,Tuesday,9,0
Standard Class,Low,Consumer,Pacific Asia,Furniture,15,0.11,759.69,2,Monday,8,1
Standard Class,Low,Corporate,USCA,Furniture,7,0.31,494.62,3,Wednesday,6,0
Second Class,Critical,Consumer,LATAM,Electronics,13,0.17,389.37,1,Wednesday,7,1
Standard Class,Low,Home Office,LATAM,Office Supplies,8,0.27,613.46,5,Monday,8,0
Second Class,Low,Corporate,USCA,Office Supplies,1,0.3,967.63,6,Wednesday,8,0
Standard Class,Low,Consumer,USCA,Office Supplies,9,0.12,500.96,2,Sunday,8,1
Standard Class,Low,Corporate,Pacific Asia,Grocery,18,0.31,845.91,5,Thursday,9,1
First Class,Low,Home Office,Europe,Apparel,17,0.04,710.78,3,Wednesday,10,0
First Class,Low,Corporate,LATAM,Electronics,17,0.39,1100.23,1,Thursday,1,1
Second Class,Medium,Consumer,USCA,Office Supplies,8,0.13,539.36,2,Tuesday,9,0
Standard Class,Low,Home Office,LATAM,Furniture,3,0.09,985.7,5,Friday,7,0
Second Class,Low,Corporate,Europe,Grocery,11,0.06,1011.95,1,Thursday,5,0
Standard Class,High,Consumer,LATAM,Apparel,2,0.32,562.37,3,Thursday,9,0
Standard Class,Medium,Consumer,LATAM,Office Supplies,2,0.23,591.42,1,Saturday,1,1
Same Day,High,Consumer,USCA,Grocery,16,0.38,406.76,7,Sunday,3,0
Standard Class,Medium,Home Office,USCA,Apparel,17,0.26,599.71,2,Sunday,8,1
Same Day,Low,Consumer,USCA,Furniture,9,0.14,306.61,4,Saturday,3,0
Standard Class,High,Consumer,Europe,Grocery,1,0.33,1031.34,6,Sunday,10,0
Standard Class,Low,Home Office,Africa,Electronics,12,0.11,307.4,1,Monday,10,1
Standard Class,Low,Consumer,Europe,Apparel,6,0.12,316.57,2,Friday,5,1
First Class,Medium,Home Office,USCA,Grocery,11,0.01,1075.83,6,Friday,11,0
Second Class,Medium,Consumer,Pacific Asia,Grocery,6,0.1,643.27,5,Wednesday,1,0
First Class,High,Corporate,LATAM,Apparel,5,0.1,135.11,1,Saturday,11,0
Second Class,High,Consumer,LATAM,Grocery,13,0.12,421.41,1,Wednesday,4,0
Second Class,Low,Home Office,LATAM,Grocery,1,0.15,849.41,6,Friday,2,0
First Class,Medium,Corporate,LATAM,Apparel,16,0.23,492.91,4,Friday,10,0
Standard Class,Medium,Home Office,Pacific Asia,Furniture,19,0.09,513.58,7,Monday,6,0
Standard Class,Critical,Corporate,USCA,Electronics,11,0.25,603.44,4,Monday,9,1
Standard Class,High,Consumer,Africa,Apparel,2,0.05,274.78,4,Monday,5,1
Same Day,High,Consumer,LATAM,Office Supplies,1,0.37,514.63,4,Thursday,9,0
Same Day,Low,Consumer,Africa,Grocery,13,0.01,266.26,2,Tuesday,3,1
Standard Class,High,Corporate,Europe,Electronics,17,0.36,427.39,6,Monday,12,1
Second Class,Low,Home Office,Europe,Electronics,14,0.22,643.52,4,Thursday,4,0
Same Day,Low,Consumer,LATAM,Apparel,17,0.28,835.53,4,Tuesday,1,0
Standard Class,High,Corporate,USCA,Office Supplies,10,0.12,764.37,3,Sunday,7,0
Second Class,Low,Home Office,Pacific Asia,Office Supplies,17,0.07,694.87,4,Friday,10,0
Same Day,Critical,Consumer,LATAM,Furniture,13,0.38,718.69,7,Tuesday,6,1
Standard Class,Low,Home Office,Europe,Office Supplies,6,0.18,618.0,7,Tuesday,6,0
Second Class,High,Consumer,Europe,Apparel,4,0.19,741.39,7,Friday,1,0
Standard Class,Low,Corporate,Africa,Electronics,4,0.39,456.87,2,Wednesday,7,1
Same Day,Low,Consumer,Pacific Asia,Electronics,14,0.13,1080.34,7,Wednesday,11,0
Same Day,Low,Consumer,LATAM,Office Supplies,4,0.04,712.77,2,Friday,7,0
Same Day,Medium,Consumer,USCA,Grocery,5,0.23,1124.54,2,Friday,11,0
Standard Class,Low,Home Office,Africa,Furniture,14,0.22,491.45,5,Saturday,9,1
First Class,Medium,Home Office,Pacific Asia,Office Supplies,15,0.31,479.47,5,Sunday,12,0
First Class,Low,Consumer,Africa,Apparel,8,0.38,1158.37,3,Friday,7,0
Standard Class,Low,Home Office,USCA,Furniture,11,0.12,877.58,6,Sunday,5,0
First Class,Low,Corporate,Europe,Office Supplies,7,0.29,627.3,5,Sunday,4,0
Standard Class,Medium,Home Office,LATAM,Furniture,13,0.17,865.02,7,Thursday,8,0
Second Class,High,Consumer,LATAM,Grocery,14,0.31,482.1,3,Friday,7,0
Standard Class,High,Consumer,USCA,Apparel,9,0.07,912.98,5,Thursday,5,0
Standard Class,Low,Corporate,LATAM,Office Supplies,15,0.2,259.4,6,Monday,4,0
Standard Class,Medium,Consumer,LATAM,Electronics,8,0.03,1141.55,1,Sunday,10,1
Second Class,High,Consumer,Africa,Apparel,2,0.22,558.42,3,Wednesday,11,0
Standard Class,Low,Consumer,USCA,Grocery,12,0.07,120.56,7,Friday,11,0
Second Class,Medium,Consumer,Africa,Grocery,16,0.38,1015.57,5,Monday,9,1
Standard Class,Medium,Consumer,LATAM,Electronics,8,0.22,1074.29,1,Friday,4,1
Standard Class,Low,Home Office,Pacific Asia,Apparel,1,0.21,878.65,3,Monday,4,0
Standard Class,Low,Consumer,Pacific Asia,Office Supplies,17,0.39,759.35,3,Sunday,11,1
First Class,Low,Consumer,Africa,Electronics,19,0.2,1114.82,1,Sunday,4,1
Standard Class,Medium,Corporate,Europe,Office Supplies,13,0.27,750.25,3,Sunday,12,1
Second Class,Low,Corporate,Europe,Furniture,15,0.02,951.78,7,Thursday,1,0
First Class,Low,Corporate,USCA,Office Supplies,13,0.28,570.78,1,Thursday,5,1
Second Class,Low,Corporate,Pacific Asia,Furniture,3,0.04,875.37,1,Saturday,8,0
Standard Class,Low,Consumer,Pacific Asia,Office Supplies,16,0.31,1198.79,3,Monday,1,1
Standard Class,Low,Consumer,Africa,Furniture,9,0.35,465.18,3,Wednesday,11,1
First Class,High,Corporate,LATAM,Apparel,19,0.13,866.93,4,Saturday,11,0
Standard Class,Low,Home Office,USCA,Grocery,8,0.35,187.18,4,Friday,1,0
First Class,Medium,Corporate,Africa,Apparel,8,0.19,765.77,6,Monday,2,0
Standard Class,Low,Consumer,Europe,Electronics,14,0.23,394.24,2,Thursday,2,1
Same Day,Medium,Consumer,LATAM,Apparel,19,0.16,1041.25,2,Tuesday,7,0
First Class,Medium,Consumer,USCA,Apparel,13,0.19,437.97,1,Wednesday,12,0
Same Day,Low,Corporate,LATAM,Grocery,3,0.36,539.72,3,Wednesday,5,0
Standard Class,High,Consumer,Europe,Apparel,5,0.38,1176.57,1,Wednesday,11,1
First Class,Medium,Consumer,Africa,Electronics,8,0.18,266.29,4,Monday,1,0
Standard Class,High,Consumer,Africa,Apparel,6,0.21,682.07,2,Saturday,6,1
Standard Class,Medium,Consumer,Pacific Asia,Apparel,5,0.05,1037.87,6,Thursday,5,0
Second Class,Critical,Consumer,Africa,Apparel,12,0.13,384.64,1,Saturday,8,1
First Class,High,Consumer,Pacific Asia,Apparel,6,0.21,28.18,3,Thursday,9,0
Same Day,Critical,Corporate,Africa,Grocery,8,0.08,1076.65,2,Thursday,9,1
First Class,Medium,Consumer,USCA,Grocery,7,0.23,747.36,1,Saturday,1,0
Standard Class,Medium,Corporate,Europe,Electronics,14,0.27,284.21,7,Tuesday,1,1
Standard Class,High,Consumer,LATAM,Electronics,9,0.26,338.84,7,Sunday,5,0
Second Class,High,Consumer,Europe,Electronics,17,0.18,961.51,2,Tuesday,4,0
Standard Class,Critical,Corporate,Europe,Apparel,19,0.31,774.1,3,Sunday,5,1
Standard Class,Low,Consumer,Pacific Asia,Office Supplies,6,0.13,881.79,7,Wednesday,4,0
Standard Class,High,Corporate,Pacific Asia,Apparel,19,0.19,696.89,2,Tuesday,4,1
Standard Class,Low,Corporate,USCA,Office Supplies,18,0.11,950.15,1,Tuesday,1,1
Standard Class,Medium,Home Office,LATAM,Electronics,1,0.24,987.07,1,Wednesday,4,1
Standard Class,Low,Consumer,Africa,Apparel,5,0.18,470.41,2,Saturday,11,1
Standard Class,Low,Consumer,Africa,Electronics,13,0.09,1082.14,7,Monday,1,1
Standard Class,High,Corporate,Europe,Grocery,11,0.12,611.19,6,Thursday,6,0
Same Day,Low,Consumer,USCA,Electronics,9,0.11,200.6,3,Friday,11,0
Standard Class,Medium,Consumer,LATAM,Apparel,10,0.36,269.98,6,Wednesday,2,0
Standard Class,Medium,Corporate,Africa,Grocery,19,0.21,883.25,6,Sunday,11,1
Second Class,Low,Consumer,Europe,Grocery,2,0.26,459.04,1,Friday,4,0
Standard Class,Low,Consumer,USCA,Office Supplies,8,0.37,322.3,6,Sunday,1,0
Same Day,Medium,Corporate,LATAM,Furniture,18,0.07,729.68,5,Tuesday,8,0
First Class,Low,Home Office,Europe,Grocery,18,0.37,940.9,2,Monday,8,1
Standard Class,High,Home Office,Europe,Furniture,2,0.22,139.98,4,Thursday,3,0
Standard Class,Critical,Consumer,USCA,Electronics,15,0.34,544.46,1,Saturday,2,1
First Class,Low,Corporate,USCA,Electronics,17,0.07,928.05,4,Friday,4,0
Same Day,Low,Consumer,USCA,Grocery,15,0.11,1085.32,4,Saturday,11,0
Standard Class,Medium,Consumer,USCA,Office Supplies,15,0.08,26.12,3,Friday,8,1
Second Class,Medium,Corporate,LATAM,Electronics,13,0.26,790.75,3,Saturday,1,0
Standard Class,Low,Consumer,USCA,Furniture,18,0.06,720.87,3,Sunday,12,0
Same Day,Low,Consumer,USCA,Grocery,15,0.32,626.11,2,Friday,12,1
Standard Class,Medium,Home Office,USCA,Grocery,18,0.1,200.63,4,Saturday,6,0
Same Day,Critical,Home Office,LATAM,Office Supplies,19,0.1,892.73,1,Wednesday,8,1
Second Class,Low,Corporate,Africa,Grocery,18,0.11,477.43,4,Wednesday,5,0
Second Class,Medium,Home Office,Europe,Apparel,15,0.3,289.2,5,Friday,9,0
Standard Class,Critical,Corporate,Pacific Asia,Furniture,10,0.37,1021.53,4,Thursday,9,1
Standard Class,Medium,Consumer,Europe,Apparel,16,0.36,375.37,4,Friday,3,1
Standard Class,Medium,Corporate,LATAM,Apparel,9,0.04,246.11,2,Wednesday,3,1
Standard Class,Medium,Consumer,USCA,Furniture,2,0.1,381.34,1,Friday,3,1
Standard Class,Critical,Consumer,LATAM,Grocery,13,0.27,225.45,6,Sunday,4,1
First Class,Medium,Home Office,Africa,Grocery,1,0.25,934.96,5,Saturday,8,0
Standard Class,High,Consumer,Pacific Asia,Apparel,8,0.14,226.66,2,Tuesday,3,1
Standard Class,Medium,Consumer,Africa,Furniture,6,0.35,862.84,5,Friday,2,1
Same Day,Medium,Consumer,USCA,Electronics,19,0.05,203.38,7,Saturday,1,0
First Class,Low,Consumer,LATAM,Furniture,19,0.26,279.3,4,Friday,10,0
Same Day,Low,Home Office,LATAM,Apparel,2,0.11,417.6,1,Thursday,8,0
Same Day,High,Corporate,USCA,Furniture,18,0.21,1140.57,4,Thursday,8,0
Standard Class,Low,Corporate,USCA,Furniture,18,0.15,1097.44,2,Sunday,7,1
Standard Class,Medium,Corporate,Pacific Asia,Electronics,15,0.39,111.29,1,Thursday,9,1
First Class,Low,Corporate,Africa,Office Supplies,16,0.19,409.63,5,Thursday,6,0
Second Class,High,Corporate,USCA,Office Supplies,13,0.39,422.15,1,Thursday,8,1
Standard Class,Low,Corporate,USCA,Electronics,5,0.1,261.76,6,Friday,4,0
First Class,High,Home Office,Africa,Furniture,18,0.31,528.38,6,Friday,6,0
Standard Class,Medium,Home Office,USCA,Apparel,5,0.29,900.11,1,Friday,6,1
Standard Class,Low,Home Office,Pacific Asia,Electronics,16,0.34,128.22,2,Monday,1,1
Standard Class,Medium,Corporate,Pacific Asia,Office Supplies,6,0.28,809.26,2,Tuesday,1,1
Second Class,Low,Home Office,Africa,Office Supplies,7,0.27,320.31,4,Monday,5,0
Second Class,Low,Consumer,Europe,Electronics,1,0.26,774.5,7,Friday,11,0
Standard Class,Low,Home Office,Pacific Asia,Furniture,8,0.39,821.45,1,Wednesday,6,1
First Class,Low,Home Office,LATAM,Grocery,7,0.09,876.48,7,Sunday,10,0
Standard Class,Critical,Home Office,LATAM,Apparel,7,0.01,1035.43,6,Thursday,11,1
Standard Class,Low,Home Office,Europe,Grocery,7,0.27,1080.55,1,Thursday,6,1
First Class,Medium,Consumer,Pacific Asia,Apparel,1,0.07,913.36,6,Wednesday,9,0
Same Day,Low,Consumer,USCA,Grocery,12,0.27,582.51,3,Saturday,8,0
First Class,Medium,Consumer,Europe,Grocery,11,0.13,62.58,7,Sunday,4,0
First Class,Low,Corporate,USCA,Apparel,16,0.02,1125.16,4,Friday,5,0
Second Class,Medium,Consumer,LATAM,Apparel,1,0.31,725.58,3,Thursday,1,0
Second Class,Medium,Consumer,Europe,Office Supplies,6,0.02,646.14,2,Sunday,9,0
Standard Class,Medium,Corporate,Pacific Asia,Furniture,5,0.09,294.99,5,Tuesday,5,0
Standard Class,Low,Corporate,LATAM,Furniture,12,0.13,824.24,4,Tuesday,12,0
Standard Class,Medium,Home Office,Pacific Asia,Office Supplies,17,0.05,1193.73,1,Tuesday,10,1
Standard Class,Low,Corporate,USCA,Grocery,13,0.37,402.73,3,Tuesday,10,1
Second Class,Low,Corporate,Pacific Asia,Apparel,5,0.25,961.5,1,Friday,11,0
Standard Class,Medium,Corporate,Europe,Electronics,15,0.35,356.44,5,Thursday,12,1
Standard Class,Medium,Home Office,USCA,Grocery,2,0.27,590.4,7,Tuesday,5,0
Standard Class,Medium,Consumer,Europe,Furniture,2,0.4,263.81,1,Thursday,11,1
Second Class,Medium,Consumer,USCA,Apparel,16,0.21,620.21,3,Saturday,9,0
Standard Class,Low,Home Office,Europe,Office Supplies,12,0.02,556.57,4,Friday,8,0
First Class,Low,Corporate,LATAM,Grocery,4,0.06,56.31,6,Tuesday,2,0
Standard Class,Low,Corporate,Europe,Electronics,9,0.24,464.35,6,Thursday,1,0
Standard Class,Medium,Consumer,LATAM,Grocery,12,0.14,84.64,6,Friday,7,0
Second Class,Medium,Consumer,Africa,Office Supplies,2,0.05,546.24,7,Thursday,8,0
First Class,Low,Corporate,Pacific Asia,Electronics,8,0.1,1176.4,1,Sunday,11,0
Standard Class,Medium,Consumer,USCA,Grocery,14,0.19,358.64,3,Sunday,6,0
Second Class,Medium,Consumer,Pacific Asia,Office Supplies,11,0.21,623.61,2,Friday,7,0
Second Class,Medium,Consumer,LATAM,Grocery,8,0.37,164.93,1,Tuesday,7,0
Standard Class,Medium,Corporate,LATAM,Apparel,9,0.04,193.23,1,Saturday,3,1
First Class,Medium,Corporate,LATAM,Grocery,7,0.14,433.01,5,Monday,2,0
First Class,Medium,Home Office,Europe,Office Supplies,14,0.2,592.79,1,Monday,11,0
Second Class,Low,Corporate,Pacific Asia,Furniture,7,0.05,844.68,6,Sunday,5,0
First Class,Low,Home Office,LATAM,Office Supplies,10,0.28,553.46,3,Thursday,7,0
First Class,Low,Corporate,Africa,Grocery,7,0.21,39.02,5,Monday,6,0
Second Class,Medium,Corporate,LATAM,Apparel,15,0.18,332.44,5,Sunday,7,0
First Class,High,Consumer,Pacific Asia,Furniture,18,0.26,39.48,1,Thursday,3,1
Second Class,Medium,Consumer,LATAM,Office Supplies,13,0.12,1102.35,6,Tuesday,10,0
Second Class,Low,Corporate,LATAM,Furniture,4,0.14,44.55,4,Wednesday,3,0
Second Class,High,Consumer,USCA,Apparel,12,0.07,69.01,2,Sunday,8,0
First Class,High,Corporate,LATAM,Electronics,18,0.21,364.95,4,Sunday,11,0
Standard Class,High,Corporate,Pacific Asia,Furniture,7,0.15,762.47,7,Thursday,7,0
First Class,Medium,Home Office,USCA,Office Supplies,4,0.1,435.97,3,Tuesday,4,0
First Class,High,Home Office,USCA,Apparel,8,0.05,83.26,1,Tuesday,8,0
Standard Class,Low,Consumer,LATAM,Office Supplies,18,0.01,1005.14,6,Sunday,10,0
First Class,Low,Consumer,LATAM,Apparel,6,0.08,843.26,1,Sunday,12,0
Standard Class,Low,Corporate,Africa,Office Supplies,9,0.1,481.68,2,Monday,12,1
Standard Class,Medium,Consumer,Pacific Asia,Apparel,12,0.19,815.52,4,Sunday,7,0
Second Class,Low,Consumer,Pacific Asia,Grocery,9,0.1,336.76,6,Sunday,8,0
Standard Class,Medium,Home Office,Europe,Office Supplies,15,0.33,638.16,7,Wednesday,4,1
First Class,Medium,Home Office,Europe,Apparel,13,0.19,1057.8,7,Thursday,11,0
First Class,Low,Corporate,Pacific Asia,Electronics,3,0.25,138.14,4,Thursday,3,0
Standard Class,High,Corporate,LATAM,Apparel,3,0.08,1017.8,6,Friday,12,0
Standard Class,Low,Consumer,USCA,Electronics,19,0.17,948.37,4,Saturday,9,0
Standard Class,Low,Corporate,Africa,Furniture,13,0.24,1139.43,4,Tuesday,1,1
Second Class,High,Consumer,LATAM,Apparel,12,0.12,621.39,5,Wednesday,12,0
Same Day,Low,Corporate,USCA,Furniture,6,0.13,337.14,2,Monday,10,0
Second Class,Medium,Consumer,Pacific Asia,Furniture,18,0.32,430.19,6,Friday,11,0
Standard Class,High,Home Office,LATAM,Grocery,9,0.33,771.37,6,Sunday,11,0
Second Class,High,Corporate,Africa,Apparel,17,0.21,177.55,7,Saturday,12,0
Standard Class,High,Corporate,Europe,Grocery,12,0.36,428.48,6,Thursday,1,0
First Class,Low,Home Office,USCA,Grocery,17,0.29,874.46,6,Thursday,12,0
Standard Class,Medium,Consumer,LATAM,Furniture,15,0.02,692.76,3,Monday,7,0
First Class,Low,Consumer,Africa,Office Supplies,2,0.22,84.68,7,Tuesday,5,0
Standard Class,Low,Home Office,LATAM,Furniture,4,0.28,601.26,4,Thursday,12,0
Same Day,Low,Home Office,Pacific Asia,Furniture,9,0.22,633.82,2,Saturday,3,0
Standard Class,Low,Corporate,USCA,Electronics,12,0.33,843.96,2,Thursday,6,1
Second Class,High,Consumer,Pacific Asia,Office Supplies,2,0.12,22.68,1,Tuesday,9,0
Same Day,Low,Corporate,Pacific Asia,Furniture,4,0.03,519.8,3,Monday,4,0
Standard Class,Medium,Consumer,Europe,Office Supplies,12,0.25,1065.07,6,Friday,2,0
Same Day,Medium,Corporate,Pacific Asia,Electronics,2,0.29,39.93,7,Sunday,12,0
Second Class,Medium,Consumer,Africa,Office Supplies,6,0.31,810.17,3,Friday,8,0
Standard Class,Critical,Home Office,USCA,Apparel,7,0.0,275.59,3,Sunday,8,1
Standard Class,Low,Consumer,Europe,Electronics,18,0.27,471.11,6,Wednesday,6,1
Second Class,Medium,Home Office,LATAM,Office Supplies,5,0.01,1062.09,5,Tuesday,6,0
Standard Class,Medium,Consumer,Pacific Asia,Grocery,10,0.31,441.41,4,Tuesday,7,0
Second Class,Low,Consumer,LATAM,Office Supplies,18,0.28,659.09,4,Wednesday,11,0
Standard Class,Medium,Home Office,Europe,Electronics,11,0.23,116.67,7,Wednesday,2,0
Second Class,High,Consumer,LATAM,Grocery,17,0.2,396.4,6,Thursday,8,0
Standard Class,Low,Corporate,Africa,Office Supplies,11,0.29,178.56,4,Thursday,8,1
First Class,Low,Consumer,Europe,Office Supplies,5,0.02,678.25,2,Tuesday,5,0
Same Day,Low,Corporate,USCA,Electronics,6,0.33,557.15,5,Monday,4,0
Same Day,High,Consumer,USCA,Grocery,14,0.08,324.85,3,Sunday,11,0
Second Class,Medium,Consumer,USCA,Grocery,16,0.19,1199.55,7,Friday,6,0
Standard Class,Medium,Corporate,USCA,Office Supplies,14,0.19,192.4,1,Wednesday,12,1
First Class,Medium,Consumer,Europe,Apparel,1,0.31,992.32,7,Friday,3,0
Standard Class,High,Consumer,Europe,Electronics,5,0.08,52.56,3,Tuesday,8,0
Standard Class,High,Corporate,Europe,Electronics,5,0.12,1017.74,6,Friday,5,0
Standard Class,High,Corporate,Pacific Asia,Furniture,8,0.27,577.62,2,Tuesday,10,1
Standard Class,High,Consumer,Europe,Grocery,14,0.17,995.55,6,Thursday,2,0
First Class,Medium,Corporate,Europe,Grocery,8,0.12,899.16,6,Friday,8,0
Second Class,Medium,Home Office,Europe,Furniture,9,0.25,691.43,4,Tuesday,11,0
Standard Class,High,Consumer,USCA,Office Supplies,3,0.03,452.16,6,Monday,3,0
Standard Class,High,Corporate,Africa,Office Supplies,10,0.32,801.96,1,Tuesday,5,1
Same Day,Low,Corporate,USCA,Electronics,16,0.21,1000.73,2,Saturday,5,0
Standard Class,Low,Consumer,Africa,Office Supplies,11,0.08,608.93,6,Wednesday,11,1
Standard Class,Critical,Consumer,Africa,Apparel,2,0.16,503.69,1,Wednesday,11,1
Standard Class,Low,Consumer,Africa,Apparel,1,0.05,180.04,5,Monday,6,1
First Class,High,Corporate,USCA,Apparel,10,0.25,1076.53,1,Tuesday,6,0
Second Class,Low,Consumer,Pacific Asia,Furniture,6,0.27,328.09,7,Tuesday,2,0
Standard Class,Low,Home Office,LATAM,Apparel,8,0.16,156.99,7,Wednesday,11,0
Standard Class,Low,Corporate,Pacific Asia,Furniture,6,0.14,88.8,1,Saturday,12,1
Second Class,Low,Consumer,USCA,Electronics,2,0.34,903.43,2,Thursday,11,0
Second Class,Low,Corporate,Africa,Electronics,8,0.23,813.25,6,Monday,4,0
Standard Class,Medium,Home Office,LATAM,Apparel,3,0.27,153.35,1,Thursday,1,1
Same Day,Medium,Consumer,Pacific Asia,Furniture,12,0.05,640.87,7,Monday,9,0
Standard Class,Critical,Consumer,Europe,Apparel,6,0.29,191.71,2,Tuesday,2,1
Standard Class,Medium,Corporate,Pacific Asia,Office Supplies,19,0.18,466.45,4,Monday,7,0
Same Day,Medium,Consumer,USCA,Furniture,7,0.15,941.61,2,Sunday,11,0
Standard Class,Medium,Consumer,LATAM,Furniture,13,0.37,281.12,4,Thursday,2,1
Second Class,Medium,Consumer,Europe,Furniture,4,0.02,42.98,5,Wednesday,2,0
Standard Class,Medium,Consumer,LATAM,Furniture,14,0.08,240.07,7,Sunday,10,0
Standard Class,Low,Consumer,LATAM,Office Supplies,4,0.15,486.59,3,Wednesday,9,0
Same Day,Low,Home Office,Pacific Asia,Apparel,18,0.13,297.6,4,Monday,12,0
Standard Class,Low,Home Office,Africa,Electronics,7,0.2,869.44,6,Tuesday,11,1
First Class,Low,Consumer,Pacific Asia,Grocery,13,0.16,949.12,5,Wednesday,7,0
Standard Class,Medium,Consumer,Europe,Grocery,3,0.32,296.2,6,Wednesday,7,0
Standard Class,Low,Consumer,USCA,Furniture,17,0.31,329.66,6,Tuesday,1,1
Standard Class,High,Consumer,Pacific Asia,Furniture,1,0.31,676.49,4,Friday,4,0
Second Class,High,Consumer,Africa,Electronics,11,0.15,905.49,1,Saturday,11,0
Standard Class,Critical,Consumer,Africa,Grocery,19,0.16,1151.65,3,Monday,5,1
First Class,High,Home Office,Pacific Asia,Furniture,7,0.29,367.66,5,Monday,12,0
Standard Class,Low,Consumer,Europe,Office Supplies,14,0.05,1094.17,7,Wednesday,5,1
Same Day,Medium,Consumer,Africa,Grocery,7,0.34,226.29,5,Friday,7,0
Standard Class,Low,Consumer,Africa,Office Supplies,11,0.22,58.86,1,Tuesday,8,1
First Class,High,Consumer,Europe,Electronics,19,0.34,953.07,7,Saturday,10,0
First Class,High,Home Office,Europe,Electronics,16,0.32,579.55,4,Sunday,3,0
First Class,High,Consumer,Europe,Grocery,17,0.15,101.46,5,Saturday,8,0
First Class,Medium,Home Office,Europe,Apparel,14,0.04,94.62,4,Thursday,2,0
First Class,High,Consumer,Pacific Asia,Grocery,15,0.37,26.21,4,Friday,6,0
Second Class,Low,Corporate,Pacific Asia,Office Supplies,18,0.14,374.53,1,Monday,12,0
Standard Class,Low,Home Office,LATAM,Apparel,12,0.15,885.08,4,Wednesday,11,0
Standard Class,High,Consumer,LATAM,Office Supplies,13,0.36,801.72,3,Friday,7,1
Same Day,Medium,Consumer,LATAM,Office Supplies,4,0.37,1199.6,1,Saturday,9,0
Second Class,Critical,Corporate,Africa,Office Supplies,10,0.11,716.78,1,Tuesday,1,1
First Class,Low,Consumer,Europe,Furniture,9,0.04,141.46,7,Friday,7,0
Standard Class,High,Corporate,Pacific Asia,Apparel,12,0.0,1174.42,7,Saturday,4,0
Standard Class,Medium,Consumer,Pacific Asia,Furniture,4,0.18,834.64,2,Tuesday,5,1
Standard Class,High,Consumer,Europe,Furniture,6,0.23,455.1,3,Monday,9,0
Second Class,High,Consumer,LATAM,Office Supplies,14,0.11,303.92,5,Friday,11,0
Standard Class,High,Home Office,Africa,Electronics,4,0.1,274.38,7,Saturday,5,1
Standard Class,Low,Consumer,Pacific Asia,Grocery,10,0.14,1147.92,4,Sunday,9,0
Standard Class,High,Consumer,USCA,Electronics,5,0.11,509.11,4,Sunday,10,0
Standard Class,Low,Corporate,Africa,Office Supplies,7,0.34,589.3,7,Saturday,9,1
Second Class,Low,Consumer,Africa,Grocery,7,0.26,1005.79,1,Saturday,5,1
Standard Class,Medium,Consumer,LATAM,Grocery,10,0.33,1157.0,4,Monday,10,0
First Class,High,Consumer,Europe,Office Supplies,13,0.34,15.23,3,Monday,12,0
Standard Class,Medium,Corporate,USCA,Furniture,15,0.17,1188.39,5,Thursday,12,0
Standard Class,High,Corporate,LATAM,Grocery,5,0.19,99.8,6,Wednesday,2,0
Standard Class,Medium,Consumer,Europe,Grocery,16,0.39,1005.83,6,Friday,12,1
Standard Class,Low,Consumer,USCA,Grocery,6,0.33,1140.88,4,Thursday,4,0
Standard Class,High,Corporate,Pacific Asia,Grocery,4,0.32,677.73,1,Wednesday,1,1
Standard Class,Low,Corporate,USCA,Apparel,6,0.23,666.54,6,Thursday,10,0
Second Class,High,Consumer,LATAM,Furniture,16,0.18,806.13,3,Sunday,5,0
Standard Class,Low,Consumer,USCA,Apparel,19,0.36,429.87,5,Friday,11,1
Second Class,Medium,Consumer,USCA,Apparel,6,0.32,207.31,6,Sunday,6,0
First Class,Medium,Corporate,USCA,Office Supplies,11,0.21,89.03,3,Tuesday,12,0
First Class,Low,Home Office,Pacific Asia,Furniture,14,0.11,1058.51,3,Monday,9,0
Standard Class,Low,Consumer,Europe,Electronics,15,0.06,661.32,6,Wednesday,1,1
Standard Class,Low,Consumer,USCA,Furniture,1,0.22,835.94,3,Saturday,7,0
Standard Class,Low,Consumer,Africa,Electronics,4,0.12,405.14,6,Tuesday,2,1
Standard Class,Low,Consumer,LATAM,Grocery,7,0.11,970.34,7,Wednesday,7,0
Same Day,Medium,Consumer,Africa,Electronics,10,0.04,426.41,4,Tuesday,9,0
Standard Class,High,Home Office,Europe,Electronics,1,0.01,45.42,3,Friday,12,0
Standard Class,Medium,Consumer,LATAM,Electronics,14,0.31,410.92,4,Wednesday,4,1
Second Class,High,Corporate,Europe,Grocery,6,0.04,1021.89,3,Monday,4,0
Second Class,Medium,Consumer,LATAM,Grocery,14,0.36,1052.31,5,Friday,1,0
Second Class,Medium,Home Office,Africa,Apparel,19,0.09,1122.32,7,Wednesday,2,0
Standard Class,Medium,Corporate,Africa,Electronics,6,0.3,604.38,1,Monday,11,1
Standard Class,Medium,Consumer,Pacific Asia,Furniture,6,0.33,1148.35,4,Friday,8,0
Standard Class,Medium,Home Office,Europe,Office Supplies,11,0.32,604.02,6,Thursday,3,0
Standard Class,Low,Consumer,Africa,Apparel,11,0.35,193.16,6,Saturday,4,1
Standard Class,High,Corporate,LATAM,Electronics,17,0.14,607.42,1,Saturday,6,1
Standard Class,High,Home Office,USCA,Apparel,9,0.39,1043.65,6,Saturday,8,0
Standard Class,Low,Consumer,USCA,Electronics,14,0.11,944.97,5,Wednesday,8,0
Standard Class,High,Corporate,USCA,Electronics,6,0.37,526.52,1,Wednesday,11,1
Standard Class,Low,Home Office,Pacific Asia,Apparel,4,0.17,262.93,3,Thursday,8,0
Second Class,Low,Home Office,Africa,Electronics,7,0.02,701.53,5,Friday,9,0
Second Class,Low,Corporate,Europe,Electronics,10,0.31,1118.16,4,Thursday,2,0
First Class,High,Consumer,Europe,Office Supplies,7,0.31,221.22,5,Tuesday,4,0
Standard Class,High,Corporate,Pacific Asia,Furniture,5,0.08,994.18,4,Monday,12,0
Standard Class,High,Corporate,LATAM,Grocery,4,0.33,185.32,6,Friday,3,0
Standard Class,Low,Corporate,Africa,Office Supplies,15,0.06,1104.33,6,Sunday,10,1
Second Class,Medium,Home Office,Africa,Grocery,4,0.06,834.97,3,Thursday,5,0
Second Class,Medium,Consumer,LATAM,Grocery,15,0.32,139.93,7,Sunday,2,0
Standard Class,Low,Consumer,LATAM,Furniture,7,0.12,250.89,2,Tuesday,11,1
Same Day,Medium,Corporate,Africa,Office Supplies,6,0.03,1113.04,3,Wednesday,2,0
Standard Class,Low,Home Office,Africa,Electronics,4,0.38,614.0,7,Saturday,5,1
Standard Class,Low,Consumer,USCA,Furniture,19,0.22,549.65,3,Wednesday,12,0
Second Class,Medium,Home Office,Europe,Electronics,2,0.18,79.34,6,Tuesday,11,0
First Class,Medium,Home Office,USCA,Electronics,15,0.2,110.01,7,Saturday,8,0
Second Class,Low,Home Office,USCA,Electronics,2,0.27,833.06,1,Wednesday,7,0
First Class,Low,Home Office,Europe,Electronics,13,0.34,934.55,2,Saturday,11,1
Standard Class,Low,Home Office,Pacific Asia,Office Supplies,14,0.27,1041.74,5,Sunday,9,1
First Class,Low,Home Office,Pacific Asia,Grocery,9,0.3,608.34,2,Sunday,5,0
Standard Class,Low,Corporate,Pacific Asia,Grocery,16,0.07,401.0,3,Saturday,9,0
First Class,Low,Consumer,Pacific Asia,Office Supplies,9,0.15,754.37,1,Saturday,6,0
Standard Class,Medium,Consumer,LATAM,Grocery,17,0.23,746.47,6,Wednesday,2,0
First Class,Medium,Consumer,USCA,Furniture,3,0.25,51.25,2,Sunday,3,0
Standard Class,High,Consumer,LATAM,Electronics,5,0.11,1127.18,5,Saturday,1,0
Second Class,Medium,Consumer,LATAM,Electronics,12,0.39,774.65,2,Sunday,10,0
Standard Class,Low,Home Office,Europe,Electronics,5,0.05,17.7,4,Monday,8,0
Second Class,Low,Corporate,Pacific Asia,Apparel,14,0.04,1151.96,4,Saturday,2,0
Standard Class,High,Consumer,Africa,Furniture,17,0.09,1143.65,5,Tuesday,11,1
Standard Class,Low,Corporate,Pacific Asia,Apparel,5,0.3,1135.64,2,Tuesday,9,1
Standard Class,Low,Consumer,USCA,Office Supplies,13,0.01,1067.79,1,Thursday,10,1
Standard Class,Low,Consumer,LATAM,Apparel,15,0.4,229.72,7,Saturday,12,1
First Class,Medium,Home Office,USCA,Grocery,17,0.4,1172.84,5,Friday,8,0
Standard Class,Medium,Consumer,LATAM,Grocery,10,0.06,916.7,3,Tuesday,9,0
Same Day,Critical,Corporate,LATAM,Furniture,16,0.16,772.5,3,Thursday,4,0
Standard Class,High,Consumer,LATAM,Apparel,16,0.08,1131.78,7,Tuesday,11,0
Standard Class,Medium,Corporate,Africa,Apparel,17,0.16,463.49,5,Saturday,7,1
First Class,Low,Home Office,Pacific Asia,Electronics,7,0.21,1118.33,3,Thursday,10,0
Second Class,Low,Consumer,LATAM,Furniture,11,0.33,730.76,6,Wednesday,12,0
Standard Class,Low,Home Office,Europe,Electronics,14,0.01,699.36,4,Saturday,10,0
Second Class,Low,Consumer,LATAM,Furniture,12,0.39,778.68,1,Sunday,1,0
Second Class,Low,Corporate,Pacific Asia,Furniture,9,0.38,907.45,1,Monday,2,0
Standard Class,Low,Home Office,Pacific Asia,Apparel,7,0.23,539.45,1,Friday,3,1
Same Day,Low,Home Office,Africa,Electronics,14,0.19,1176.92,2,Saturday,6,1
Same Day,Low,Consumer,LATAM,Office Supplies,16,0.22,115.34,5,Tuesday,1,0
Second Class,Critical,Consumer,Europe,Electronics,10,0.01,1097.45,3,Wednesday,11,0
Standard Class,Medium,Corporate,Africa,Office Supplies,5,0.3,792.33,2,Monday,1,1
Second Class,Critical,Consumer,Africa,Grocery,19,0.2,1092.8,3,Monday,11,1
Standard Class,Low,Consumer,LATAM,Furniture,7,0.11,448.82,5,Wednesday,4,0
Standard Class,Medium,Corporate,LATAM,Electronics,8,0.18,996.51,3,Thursday,8,0
Standard Class,Low,Corporate,Africa,Furniture,10,0.12,743.03,7,Thursday,2,1
Standard Class,Low,Consumer,Africa,Electronics,3,0.28,999.02,2,Tuesday,3,1
First Class,Low,Consumer,Africa,Grocery,14,0.25,396.78,2,Saturday,12,1
Second Class,High,Home Office,USCA,Electronics,3,0.16,1101.59,2,Tuesday,10,0
Second Class,Critical,Corporate,Africa,Grocery,15,0.13,1109.85,1,Thursday,6,1
Standard Class,Low,Corporate,Pacific Asia,Furniture,10,0.35,575.04,4,Saturday,2,0
Standard Class,Low,Consumer,Europe,Apparel,7,0.27,486.37,2,Sunday,7,1
Standard Class,Medium,Consumer,Europe,Office Supplies,19,0.29,694.48,4,Friday,8,1
Same Day,Low,Consumer,LATAM,Furniture,10,0.25,248.22,6,Friday,9,0
Standard Class,Low,Corporate,Africa,Apparel,14,0.03,600.49,2,Monday,8,1
First Class,Low,Consumer,Europe,Furniture,8,0.02,1077.22,3,Saturday,10,0
Second Class,Medium,Corporate,Europe,Furniture,1,0.17,444.56,5,Saturday,6,0
Standard Class,Low,Corporate,Pacific Asia,Electronics,6,0.37,885.9,6,Friday,6,0
Second Class,Low,Corporate,Pacific Asia,Grocery,15,0.21,751.52,2,Tuesday,6,0
Standard Class,Low,Consumer,USCA,Grocery,5,0.35,321.05,1,Thursday,11,1
First Class,Medium,Corporate,USCA,Electronics,14,0.04,642.8,7,Monday,5,0
Same Day,Critical,Corporate,Europe,Electronics,9,0.29,1024.58,6,Wednesday,10,0
Standard Class,Low,Consumer,LATAM,Furniture,6,0.1,670.35,2,Friday,8,1
Standard Class,High,Consumer,Europe,Grocery,1,0.21,839.24,3,Friday,8,0
Second Class,High,Corporate,LATAM,Furniture,19,0.12,932.71,3,Sunday,8,0
Same Day,Critical,Consumer,Europe,Apparel,15,0.28,68.79,3,Sunday,8,1
Standard Class,High,Consumer,Pacific Asia,Apparel,2,0.16,70.99,3,Wednesday,7,0
Second Class,Medium,Consumer,Africa,Electronics,19,0.18,146.8,2,Sunday,7,1
Second Class,High,Consumer,Europe,Grocery,17,0.1,203.97,4,Sunday,12,0
Second Class,Low,Home Office,USCA,Apparel,11,0.11,975.62,6,Sunday,9,0
Standard Class,Medium,Corporate,LATAM,Grocery,18,0.07,528.35,3,Friday,5,1
Second Class,Critical,Corporate,LATAM,Grocery,14,0.22,230.46,7,Thursday,8,0
Same Day,High,Home Office,Europe,Office Supplies,19,0.06,642.84,3,Wednesday,12,0
Standard Class,Critical,Corporate,LATAM,Apparel,9,0.11,918.37,2,Friday,5,1
Standard Class,High,Corporate,USCA,Apparel,11,0.21,176.68,5,Friday,8,0
Same Day,High,Consumer,Pacific Asia,Furniture,11,0.11,419.84,6,Monday,4,0
Standard Class,Medium,Corporate,Africa,Furniture,4,0.24,241.3,7,Wednesday,5,1
First Class,High,Consumer,Africa,Grocery,18,0.01,779.19,1,Monday,3,1
Standard Class,Medium,Consumer,LATAM,Electronics,12,0.39,172.83,1,Saturday,5,1
Standard Class,High,Consumer,Europe,Furniture,9,0.29,939.5,7,Wednesday,6,0
First Class,High,Consumer,LATAM,Furniture,5,0.2,257.31,1,Wednesday,10,0
Standard Class,High,Consumer,USCA,Grocery,1,0.37,79.74,5,Sunday,7,0
Standard Class,Medium,Consumer,Europe,Apparel,9,0.35,1093.93,7,Thursday,3,0
Standard Class,Low,Home Office,Pacific Asia,Furniture,7,0.15,406.52,2,Thursday,3,1
Second Class,Low,Consumer,USCA,Electronics,1,0.05,608.27,5,Friday,10,0
Standard Class,High,Home Office,Pacific Asia,Grocery,17,0.1,130.18,3,Saturday,10,0
Standard Class,Medium,Corporate,Europe,Apparel,3,0.08,580.56,2,Monday,3,1
Same Day,Low,Corporate,Pacific Asia,Office Supplies,1,0.3,274.85,2,Wednesday,11,0
Standard Class,Low,Consumer,USCA,Electronics,13,0.22,1010.05,1,Sunday,4,1
Second Class,High,Home Office,USCA,Apparel,12,0.34,859.37,3,Monday,7,0
Standard Class,High,Consumer,LATAM,Grocery,17,0.2,799.33,6,Wednesday,7,0
First Class,High,Corporate,Europe,Office Supplies,8,0.31,939.7,6,Thursday,3,0
Standard Class,Medium,Corporate,Africa,Electronics,15,0.13,359.52,4,Friday,9,1
Same Day,Low,Consumer,Africa,Furniture,17,0.24,549.84,2,Monday,4,1
Standard Class,Low,Consumer,Pacific Asia,Furniture,2,0.26,113.02,2,Saturday,7,1
Standard Class,Low,Consumer,Africa,Electronics,10,0.3,90.66,7,Saturday,6,1
Standard Class,High,Home Office,Africa,Furniture,1,0.32,401.62,7,Thursday,11,1
Standard Class,Low,Home Office,USCA,Grocery,13,0.11,989.07,2,Monday,1,1
Standard Class,Medium,Home Office,USCA,Electronics,12,0.15,721.22,4,Sunday,8,0
Standard Class,Medium,Consumer,USCA,Electronics,15,0.08,515.17,6,Friday,2,0
First Class,Medium,Consumer,Africa,Furniture,10,0.3,1160.72,1,Tuesday,9,1
Standard Class,High,Consumer,Pacific Asia,Electronics,2,0.11,536.18,3,Saturday,12,0
Standard Class,Low,Home Office,Europe,Office Supplies,15,0.16,567.97,4,Saturday,9,1
Second Class,High,Consumer,LATAM,Electronics,10,0.32,1191.11,7,Saturday,3,0
Second Class,Low,Consumer,Pacific Asia,Furniture,2,0.14,166.32,2,Wednesday,1,0
Standard Class,Low,Home Office,USCA,Furniture,13,0.12,314.18,1,Wednesday,12,1
Standard Class,Medium,Corporate,Pacific Asia,Furniture,10,0.26,549.44,3,Tuesday,7,0
Standard Class,Low,Corporate,Europe,Furniture,17,0.39,689.84,5,Tuesday,5,1
Second Class,High,Consumer,USCA,Grocery,16,0.03,186.22,6,Friday,2,0
Second Class,Medium,Consumer,Europe,Furniture,15,0.33,401.3,7,Saturday,10,0
Standard Class,Low,Home Office,LATAM,Office Supplies,12,0.05,272.11,1,Thursday,12,1
First Class,Low,Corporate,Pacific Asia,Electronics,9,0.14,1021.38,3,Sunday,10,0
First Class,Medium,Consumer,LATAM,Apparel,12,0.17,1003.2,2,Monday,12,0
Second Class,High,Consumer,Africa,Apparel,12,0.29,295.41,3,Friday,4,0
First Class,Medium,Consumer,Pacific Asia,Grocery,19,0.37,527.56,2,Tuesday,7,1
Standard Class,Medium,Corporate,Africa,Apparel,17,0.04,785.45,1,Tuesday,1,1
Standard Class,High,Consumer,Europe,Furniture,16,0.3,67.31,5,Wednesday,6,1
Standard Class,Medium,Corporate,Africa,Apparel,10,0.13,1061.49,1,Friday,1,1
Standard Class,Low,Corporate,Europe,Office Supplies,10,0.36,618.12,2,Tuesday,4,1
Standard Class,Medium,Corporate,LATAM,Furniture,2,0.11,279.58,4,Wednesday,1,0
Same Day,Medium,Consumer,USCA,Apparel,1,0.28,482.14,1,Friday,5,0
Standard Class,Medium,Corporate,LATAM,Furniture,16,0.07,1082.99,6,Thursday,11,0
Standard Class,Medium,Corporate,Africa,Grocery,10,0.38,39.49,5,Thursday,5,1
Standard Class,Critical,Consumer,Europe,Office Supplies,15,0.0,179.92,4,Saturday,1,1
Same Day,Low,Home Office,Africa,Electronics,15,0.09,239.36,4,Sunday,11,0
Standard Class,Critical,Consumer,USCA,Furniture,6,0.27,81.53,2,Thursday,4,1
Standard Class,Medium,Corporate,Pacific Asia,Office Supplies,17,0.34,278.05,3,Thursday,7,1
Standard Class,Medium,Consumer,Pacific Asia,Grocery,13,0.4,982.42,5,Sunday,7,1
Standard Class,Low,Corporate,Pacific Asia,Grocery,1,0.07,637.22,7,Monday,6,0
Same Day,Low,Corporate,Africa,Office Supplies,18,0.12,730.47,2,Monday,2,1
Same Day,High,Consumer,Pacific Asia,Apparel,2,0.36,195.5,6,Sunday,1,0
Standard Class,Medium,Corporate,Europe,Office Supplies,3,0.01,341.2,5,Monday,3,0
Same Day,Low,Corporate,USCA,Apparel,11,0.29,1101.81,3,Saturday,11,0
Second Class,Medium,Corporate,LATAM,Apparel,1,0.17,260.42,2,Tuesday,5,0
First Class,Low,Consumer,Europe,Office Supplies,6,0.28,1089.02,1,Friday,5,0
Standard Class,Critical,Consumer,USCA,Grocery,16,0.21,799.22,7,Friday,3,1
Standard Class,High,Corporate,LATAM,Electronics,15,0.25,608.3,1,Tuesday,10,1
Standard Class,Low,Consumer,Pacific Asia,Electronics,9,0.27,217.0,4,Tuesday,2,0
Second Class,High,Corporate,LATAM,Office Supplies,12,0.25,811.58,3,Sunday,12,0
Standard Class,High,Consumer,Africa,Furniture,10,0.27,1064.81,6,Thursday,11,1
Standard Class,Low,Consumer,Africa,Office Supplies,7,0.23,200.14,6,Monday,8,1
Standard Class,Medium,Home Office,Pacific Asia,Electronics,10,0.29,17.35,2,Tuesday,2,1
Second Class,Medium,Corporate,Pacific Asia,Office Supplies,7,0.31,890.67,3,Tuesday,9,0
Standard Class,Medium,Corporate,Europe,Grocery,6,0.32,724.55,3,Tuesday,7,0
Second Class,Low,Home Office,Europe,Electronics,13,0.34,608.67,1,Saturday,12,1
Same Day,Low,Corporate,Africa,Electronics,11,0.13,552.69,2,Thursday,10,0
Standard Class,Medium,Corporate,USCA,Electronics,8,0.3,602.14,7,Saturday,7,0
Second Class,Low,Home Office,Europe,Grocery,5,0.38,455.75,4,Monday,1,0
Standard Class,High,Corporate,USCA,Electronics,3,0.15,107.97,2,Tuesday,4,1
First Class,Low,Corporate,Africa,Furniture,4,0.31,933.11,7,Saturday,6,0
Standard Class,Medium,Consumer,Europe,Electronics,4,0.12,566.72,7,Saturday,3,0
Second Class,High,Home Office,USCA,Office Supplies,9,0.07,991.7,7,Sunday,12,0
First Class,Medium,Consumer,USCA,Furniture,1,0.18,1178.84,1,Monday,7,0
Same Day,Medium,Consumer,Europe,Apparel,15,0.32,214.38,4,Monday,7,0
Second Class,Critical,Consumer,Pacific Asia,Electronics,13,0.12,954.25,6,Friday,3,0
Standard Class,High,Consumer,LATAM,Apparel,5,0.12,1173.25,7,Monday,4,0
Second Class,Low,Consumer,Pacific Asia,Apparel,18,0.11,872.08,7,Monday,11,0
First Class,Medium,Home Office,LATAM,Grocery,5,0.09,302.7,4,Saturday,7,0
Second Class,Critical,Corporate,USCA,Office Supplies,11,0.24,1076.82,5,Friday,4,0
Standard Class,Low,Consumer,Europe,Office Supplies,3,0.1,953.94,2,Thursday,1,1
Same Day,Low,Corporate,Africa,Apparel,4,0.37,544.68,7,Monday,1,0
Second Class,Low,Corporate,Europe,Grocery,7,0.14,691.36,6,Wednesday,11,0
Second Class,Low,Corporate,Pacific Asia,Furniture,4,0.22,869.09,5,Tuesday,12,0
Standard Class,Medium,Consumer,LATAM,Electronics,3,0.16,158.18,1,Tuesday,2,1
Second Class,High,Home Office,Europe,Furniture,10,0.39,1113.11,6,Tuesday,6,0
Standard Class,Critical,Consumer,LATAM,Electronics,11,0.17,1185.06,2,Wednesday,1,1
Second Class,High,Consumer,Pacific Asia,Apparel,18,0.23,403.33,2,Friday,4,0
Standard Class,Low,Consumer,Pacific Asia,Grocery,1,0.31,860.95,2,Saturday,12,1
Second Class,Low,Corporate,Europe,Grocery,9,0.07,511.35,7,Thursday,5,0
Same Day,Critical,Corporate,Africa,Office Supplies,17,0.01,43.0,5,Sunday,8,1
Standard Class,Low,Consumer,Africa,Office Supplies,12,0.18,1150.87,3,Sunday,11,1
Same Day,Low,Consumer,LATAM,Furniture,1,0.22,179.36,7,Thursday,6,0
Standard Class,High,Corporate,Europe,Office Supplies,7,0.11,99.18,3,Wednesday,6,0
First Class,Medium,Corporate,USCA,Electronics,14,0.19,1006.26,3,Sunday,2,0
First Class,Low,Consumer,Pacific Asia,Grocery,9,0.25,50.3,5,Tuesday,2,0
Second Class,High,Home Office,LATAM,Grocery,12,0.39,828.59,5,Sunday,4,0
Second Class,Critical,Home Office,Pacific Asia,Apparel,8,0.24,1116.79,4,Saturday,1,0
First Class,Low,Consumer,LATAM,Apparel,7,0.18,493.36,7,Tuesday,5,0
Standard Class,High,Corporate,Europe,Furniture,14,0.01,91.34,3,Tuesday,8,0
Standard Class,Low,Consumer,LATAM,Apparel,2,0.12,269.77,5,Wednesday,1,0
Second Class,Medium,Corporate,LATAM,Electronics,2,0.14,1138.51,4,Friday,4,0
First Class,High,Consumer,USCA,Office Supplies,17,0.19,563.81,1,Friday,8,0
First Class,Critical,Consumer,LATAM,Office Supplies,10,0.31,654.22,1,Thursday,9,1
First Class,Low,Corporate,Africa,Furniture,5,0.31,195.71,5,Sunday,9,0
Standard Class,Low,Home Office,LATAM,Office Supplies,1,0.34,1102.44,4,Sunday,9,0
First Class,Low,Consumer,LATAM,Grocery,5,0.12,625.39,4,Saturday,6,0
Standard Class,Medium,Consumer,Europe,Office Supplies,4,0.14,639.34,7,Sunday,6,0
Standard Class,Low,Consumer,LATAM,Apparel,12,0.06,695.5,5,Saturday,11,0
Standard Class,Medium,Corporate,USCA,Grocery,14,0.34,923.18,7,Sunday,2,1
Standard Class,Low,Corporate,Europe,Apparel,11,0.26,251.51,2,Wednesday,1,1
Standard Class,Medium,Corporate,Pacific Asia,Apparel,4,0.03,1131.37,7,Saturday,8,0
Standard Class,Low,Corporate,Africa,Furniture,9,0.12,218.73,1,Monday,12,1
Second Class,High,Corporate,Africa,Furniture,3,0.06,244.92,7,Thursday,1,0
Standard Class,Low,Corporate,Pacific Asia,Grocery,3,0.39,24.77,1,Tuesday,7,1
Standard Class,Low,Corporate,LATAM,Office Supplies,3,0.13,33.42,2,Thursday,10,1
Standard Class,High,Corporate,USCA,Electronics,7,0.2,520.32,1,Tuesday,2,1
Standard Class,Medium,Home Office,USCA,Office Supplies,1,0.13,227.74,1,Saturday,3,1
Standard Class,Low,Consumer,USCA,Grocery,13,0.19,262.16,1,Friday,1,1
Standard Class,Low,Consumer,USCA,Electronics,4,0.4,1185.63,1,Friday,4,1
Second Class,Medium,Consumer,LATAM,Apparel,12,0.11,1115.88,3,Sunday,4,0
Second Class,Low,Home Office,Pacific Asia,Apparel,8,0.11,393.72,5,Monday,10,0
Second Class,High,Consumer,Pacific Asia,Electronics,19,0.15,418.36,2,Wednesday,5,0
Standard Class,Medium,Consumer,Africa,Apparel,6,0.07,357.6,7,Monday,6,1
Standard Class,Low,Home Office,Pacific Asia,Office Supplies,10,0.3,1059.85,1,Monday,10,1
First Class,Medium,Home Office,USCA,Furniture,13,0.15,126.96,6,Saturday,11,0
Standard Class,Medium,Home Office,LATAM,Office Supplies,3,0.23,705.06,7,Monday,4,0
Standard Class,High,Consumer,Europe,Apparel,9,0.26,231.7,3,Thursday,7,0
Standard Class,Low,Home Office,Europe,Furniture,10,0.01,912.2,5,Tuesday,8,0
Standard Class,Medium,Consumer,USCA,Office Supplies,13,0.26,761.32,2,Sunday,8,1
Standard Class,Low,Consumer,Africa,Apparel,16,0.21,471.53,7,Monday,1,1
Standard Class,Medium,Consumer,Europe,Office Supplies,8,0.03,126.75,1,Sunday,10,1
Second Class,High,Corporate,USCA,Apparel,11,0.05,923.22,1,Wednesday,2,0
Standard Class,Low,Consumer,LATAM,Grocery,2,0.18,101.67,6,Monday,11,0
Second Class,High,Corporate,Europe,Electronics,19,0.14,335.75,1,Saturday,3,0
First Class,Medium,Home Office,USCA,Apparel,2,0.17,311.84,6,Thursday,3,0
First Class,High,Consumer,Europe,Office Supplies,6,0.25,698.44,7,Wednesday,8,0
Second Class,High,Consumer,LATAM,Apparel,16,0.06,621.34,4,Saturday,3,0
Same Day,Low,Consumer,Pacific Asia,Apparel,16,0.26,342.89,3,Sunday,3,0
Standard Class,Low,Home Office,Pacific Asia,Office Supplies,7,0.33,522.15,5,Thursday,2,0
Standard Class,Low,Consumer,LATAM,Office Supplies,11,0.0,529.28,2,Saturday,11,1
Standard Class,Low,Consumer,LATAM,Furniture,16,0.15,692.54,7,Monday,12,0
Second Class,Medium,Consumer,Pacific Asia,Apparel,6,0.11,1078.9,6,Friday,8,0
First Class,Medium,Home Office,LATAM,Grocery,5,0.17,178.9,7,Wednesday,11,0
Standard Class,Critical,Consumer,LATAM,Electronics,9,0.25,673.66,2,Sunday,2,1
Same Day,Medium,Consumer,LATAM,Apparel,3,0.08,31.87,3,Wednesday,2,0
Standard Class,High,Consumer,Pacific Asia,Office Supplies,8,0.05,840.88,6,Wednesday,4,0
Same Day,High,Home Office,Pacific Asia,Furniture,8,0.29,772.07,3,Tuesday,6,0
Standard Class,High,Consumer,Europe,Apparel,17,0.27,835.88,1,Monday,4,1
Standard Class,Low,Corporate,Pacific Asia,Grocery,6,0.18,575.18,2,Sunday,6,1
Standard Class,Medium,Consumer,Europe,Office Supplies,12,0.2,232.36,1,Friday,9,1
Standard Class,Low,Home Office,Pacific Asia,Grocery,6,0.11,543.22,3,Monday,5,0
Standard Class,Low,Corporate,Africa,Grocery,15,0.13,38.08,6,Wednesday,3,1
Standard Class,Low,Corporate,Europe,Electronics,11,0.13,463.91,3,Thursday,7,0
First Class,High,Consumer,LATAM,Electronics,10,0.29,1007.9,3,Monday,11,0
Standard Class,Medium,Consumer,Africa,Apparel,2,0.22,412.92,5,Monday,11,1
Standard Class,Medium,Consumer,Pacific Asia,Electronics,6,0.29,714.19,5,Tuesday,6,0
Second Class,Critical,Corporate,Pacific Asia,Apparel,19,0.24,320.73,1,Tuesday,5,1
Second Class,Low,Home Office,Africa,Apparel,17,0.22,169.72,3,Thursday,11,0
Standard Class,Medium,Consumer,USCA,Office Supplies,9,0.13,629.9,1,Sunday,8,1
Standard Class,High,Home Office,LATAM,Office Supplies,2,0.16,52.56,1,Tuesday,10,1
Standard Class,Low,Consumer,Europe,Furniture,4,0.35,1086.33,6,Wednesday,12,0
Standard Class,Medium,Home Office,Africa,Electronics,9,0.23,934.85,6,Monday,12,1
Second Class,Low,Consumer,Europe,Furniture,8,0.21,1197.52,5,Thursday,2,0
Standard Class,High,Consumer,Pacific Asia,Grocery,4,0.02,1191.89,4,Wednesday,5,0
Standard Class,Low,Consumer,USCA,Apparel,1,0.27,877.49,5,Friday,1,0
Second Class,Low,Corporate,USCA,Apparel,11,0.27,934.26,1,Saturday,1,0
Standard Class,Medium,Corporate,Europe,Office Supplies,11,0.28,638.43,5,Monday,9,0
Second Class,Low,Consumer,Pacific Asia,Grocery,7,0.04,270.07,3,Sunday,8,0
Standard Class,Low,Corporate,USCA,Apparel,18,0.12,972.01,3,Saturday,10,0
Same Day,Medium,Consumer,LATAM,Apparel,8,0.15,330.94,2,Saturday,9,0
Standard Class,Low,Consumer,Pacific Asia,Grocery,15,0.33,783.48,4,Monday,3,1
First Class,Medium,Consumer,Africa,Grocery,10,0.39,879.74,5,Friday,6,0
Second Class,Medium,Corporate,Africa,Apparel,14,0.17,681.51,4,Wednesday,5,0
Standard Class,Medium,Corporate,Africa,Grocery,2,0.22,798.65,2,Wednesday,4,1
Second Class,Medium,Corporate,LATAM,Electronics,10,0.0,358.56,3,Sunday,11,0
Same Day,Low,Corporate,Pacific Asia,Grocery,19,0.0,915.01,1,Wednesday,7,0
Second Class,Low,Consumer,Europe,Furniture,15,0.03,1132.82,5,Sunday,8,0
First Class,High,Corporate,Europe,Furniture,2,0.29,585.97,7,Wednesday,5,0
First Class,High,Consumer,Pacific Asia,Apparel,17,0.07,153.96,6,Sunday,12,0
Standard Class,Low,Corporate,LATAM,Apparel,3,0.3,747.46,3,Saturday,12,0
Standard Class,Medium,Consumer,Pacific Asia,Office Supplies,4,0.17,416.28,2,Friday,6,1
Second Class,Medium,Corporate,Europe,Grocery,5,0.34,508.74,1,Saturday,11,0
Standard Class,Medium,Corporate,Pacific Asia,Furniture,12,0.35,190.43,3,Tuesday,9,0
First Class,Medium,Consumer,Africa,Office Supplies,19,0.35,754.69,3,Monday,4,0
Same Day,Low,Corporate,Pacific Asia,Apparel,12,0.22,946.83,3,Thursday,9,0
Standard Class,Medium,Consumer,USCA,Electronics,5,0.32,922.06,5,Sunday,11,0
Standard Class,Low,Consumer,Pacific Asia,Grocery,15,0.26,1192.72,5,Monday,9,1
First Class,Medium,Corporate,Europe,Office Supplies,18,0.07,262.51,6,Friday,5,0
Standard Class,High,Home Office,Europe,Electronics,19,0.15,1097.83,1,Saturday,6,1
First Class,Medium,Consumer,Europe,Apparel,3,0.38,881.82,5,Sunday,11,0
Standard Class,Low,Consumer,Africa,Furniture,2,0.31,851.91,2,Saturday,8,1
Second Class,Critical,Corporate,Europe,Office Supplies,11,0.11,823.67,7,Thursday,1,0
Standard Class,High,Corporate,USCA,Office Supplies,14,0.11,650.65,7,Monday,2,0
Second Class,High,Consumer,Pacific Asia,Apparel,5,0.1,460.59,1,Thursday,4,0
Standard Class,Medium,Home Office,LATAM,Apparel,13,0.13,1132.58,3,Wednesday,7,0
Second Class,Low,Corporate,Europe,Furniture,8,0.37,189.79,2,Monday,5,0
Standard Class,High,Consumer,Pacific Asia,Furniture,6,0.17,219.42,3,Thursday,7,0
Second Class,Medium,Consumer,Africa,Furniture,12,0.15,29.89,1,Friday,1,1
First Class,High,Consumer,Pacific Asia,Electronics,7,0.1,889.87,6,Friday,1,0
Standard Class,Low,Corporate,Europe,Electronics,11,0.36,1073.84,7,Monday,9,0
Standard Class,Low,Consumer,Europe,Apparel,8,0.38,231.39,3,Sunday,12,0
Standard Class,Critical,Home Office,Europe,Office Supplies,9,0.13,50.96,7,Sunday,2,1
Second Class,Medium,Consumer,USCA,Electronics,4,0.25,300.48,4,Saturday,2,0
Second Class,Low,Corporate,Pacific Asia,Apparel,5,0.38,1061.57,2,Monday,2,0
Standard Class,Low,Consumer,LATAM,Electronics,4,0.2,29.26,6,Tuesday,2,0
Standard Class,Medium,Home Office,USCA,Furniture,12,0.19,130.38,6,Saturday,2,0
Standard Class,Low,Corporate,LATAM,Apparel,18,0.21,39.74,6,Saturday,4,0
Second Class,Medium,Consumer,Europe,Furniture,15,0.01,1132.35,7,Sunday,7,0
Standard Class,Medium,Home Office,LATAM,Grocery,8,0.12,171.25,1,Saturday,6,1
Same Day,High,Consumer,LATAM,Office Supplies,11,0.28,1081.5,1,Tuesday,5,0
Standard Class,Low,Corporate,USCA,Furniture,14,0.39,573.39,3,Friday,6,1
Second Class,Critical,Home Office,USCA,Office Supplies,7,0.23,479.88,3,Friday,6,0
Standard Class,Low,Corporate,Pacific Asia,Apparel,16,0.08,517.55,2,Thursday,7,1
Standard Class,Medium,Home Office,LATAM,Grocery,8,0.17,508.22,5,Tuesday,7,0
Second Class,Low,Home Office,USCA,Office Supplies,11,0.2,416.66,2,Monday,10,0
Second Class,Medium,Home Office,Pacific Asia,Electronics,1,0.06,974.85,6,Sunday,1,0
Same Day,Critical,Consumer,LATAM,Apparel,17,0.13,614.51,4,Saturday,8,0
Standard Class,High,Consumer,LATAM,Grocery,7,0.18,1189.27,7,Saturday,10,0
Standard Class,Medium,Corporate,Europe,Electronics,18,0.1,626.15,2,Thursday,9,1
Second Class,Medium,Corporate,USCA,Electronics,12,0.14,983.98,3,Thursday,4,0
Second Class,High,Corporate,Africa,Grocery,5,0.11,896.67,5,Monday,9,0
Standard Class,High,Consumer,USCA,Furniture,6,0.25,487.31,5,Monday,4,0
Standard Class,Critical,Home Office,Europe,Grocery,2,0.23,948.48,2,Wednesday,10,1
Standard Class,Low,Home Office,Pacific Asia,Grocery,12,0.22,194.41,4,Friday,10,0
First Class,Critical,Consumer,USCA,Grocery,11,0.04,251.98,2,Tuesday,6,1
Standard Class,Low,Consumer,LATAM,Office Supplies,4,0.07,746.47,1,Thursday,6,1
Standard Class,Low,Consumer,Africa,Furniture,7,0.04,856.76,5,Monday,2,1
Standard Class,Low,Consumer,Pacific Asia,Apparel,5,0.03,776.16,1,Thursday,2,1
Standard Class,Low,Corporate,USCA,Electronics,11,0.1,616.24,7,Wednesday,1,0
Standard Class,High,Home Office,Pacific Asia,Office Supplies,16,0.08,173.75,4,Saturday,11,0
Standard Class,High,Consumer,LATAM,Furniture,10,0.29,453.58,4,Friday,4,0
Standard Class,High,Corporate,Africa,Grocery,9,0.28,729.82,3,Saturday,11,1
First Class,Medium,Corporate,LATAM,Office Supplies,6,0.08,279.02,2,Friday,10,0
Standard Class,Medium,Consumer,Africa,Office Supplies,13,0.07,769.02,2,Thursday,3,1
Standard Class,Medium,Corporate,Pacific Asia,Electronics,4,0.06,288.79,6,Saturday,11,0
First Class,Low,Corporate,USCA,Apparel,11,0.13,126.45,2,Tuesday,4,0
Second Class,High,Home Office,Africa,Furniture,11,0.12,395.96,1,Tuesday,3,0
Standard Class,Medium,Consumer,LATAM,Furniture,16,0.01,334.58,6,Tuesday,6,0
Standard Class,Medium,Corporate,Africa,Furniture,19,0.23,974.43,4,Sunday,11,1
Standard Class,Medium,Consumer,Pacific Asia,Grocery,6,0.36,585.5,6,Monday,3,0
Second Class,High,Consumer,Pacific Asia,Grocery,17,0.22,86.21,4,Monday,3,0
Same Day,Low,Consumer,Pacific Asia,Office Supplies,18,0.03,980.52,6,Saturday,9,0
Second Class,Low,Consumer,USCA,Apparel,4,0.24,329.74,1,Thursday,9,0
Second Class,High,Consumer,Pacific Asia,Electronics,18,0.19,685.77,2,Monday,2,0
Second Class,Medium,Consumer,USCA,Electronics,11,0.36,654.41,2,Friday,3,0
Standard Class,High,Corporate,Europe,Apparel,12,0.15,1166.19,1,Sunday,2,1
Standard Class,Low,Corporate,Africa,Furniture,10,0.3,313.37,7,Friday,6,1
Second Class,Low,Consumer,LATAM,Apparel,3,0.02,182.77,6,Monday,10,0
Same Day,High,Consumer,USCA,Electronics,15,0.29,317.52,6,Sunday,5,0
Standard Class,Medium,Corporate,USCA,Grocery,18,0.02,695.99,3,Monday,5,0
Second Class,Medium,Consumer,LATAM,Apparel,16,0.14,268.88,3,Friday,6,0
Standard Class,Low,Consumer,Africa,Office Supplies,7,0.38,415.16,6,Wednesday,2,1
Standard Class,Low,Corporate,Pacific Asia,Grocery,11,0.28,793.09,6,Saturday,3,0
Standard Class,Medium,Consumer,Africa,Office Supplies,10,0.37,148.61,7,Sunday,10,1
Standard Class,Low,Consumer,USCA,Office Supplies,9,0.2,1134.91,2,Wednesday,10,1
First Class,High,Consumer,Pacific Asia,Apparel,18,0.24,643.5,2,Saturday,4,0
Standard Class,High,Consumer,Europe,Office Supplies,13,0.21,585.48,7,Thursday,6,1
Second Class,Low,Home Office,LATAM,Furniture,10,0.19,442.02,1,Thursday,1,0
First Class,Medium,Consumer,Africa,Apparel,12,0.23,302.34,7,Sunday,6,0
Same Day,Medium,Corporate,Pacific Asia,Electronics,13,0.02,585.25,7,Wednesday,10,0
Standard Class,Low,Corporate,LATAM,Furniture,5,0.07,588.66,5,Friday,10,0
Standard Class,Low,Consumer,Africa,Grocery,12,0.09,76.79,4,Wednesday,5,1
Standard Class,Medium,Consumer,USCA,Apparel,4,0.15,1018.39,2,Wednesday,1,1
Same Day,Medium,Home Office,USCA,Electronics,3,0.17,986.71,6,Wednesday,12,0
Same Day,Medium,Home Office,USCA,Electronics,14,0.3,542.89,2,Thursday,6,1
Standard Class,Medium,Consumer,Europe,Apparel,3,0.07,410.74,5,Friday,5,0
First Class,High,Consumer,USCA,Furniture,2,0.23,603.73,3,Friday,6,0
Standard Class,High,Corporate,USCA,Electronics,8,0.11,273.51,4,Thursday,3,0
Second Class,Medium,Consumer,USCA,Apparel,7,0.21,11.0,5,Wednesday,1,0
Standard Class,High,Consumer,Pacific Asia,Apparel,2,0.25,431.62,1,Thursday,8,1
First Class,Low,Consumer,LATAM,Office Supplies,18,0.23,31.43,3,Thursday,11,0
Standard Class,High,Consumer,Europe,Apparel,17,0.09,58.44,4,Saturday,4,0
First Class,Medium,Consumer,Africa,Electronics,14,0.28,45.07,3,Wednesday,8,0
First Class,High,Consumer,Europe,Office Supplies,12,0.26,1057.27,7,Friday,12,0
Second Class,Medium,Corporate,LATAM,Electronics,18,0.37,180.89,5,Saturday,10,0
Standard Class,Low,Corporate,USCA,Furniture,17,0.25,312.66,4,Sunday,10,0
Standard Class,Medium,Consumer,USCA,Furniture,16,0.29,593.42,7,Sunday,1,1
Standard Class,Low,Consumer,Africa,Electronics,10,0.32,639.88,2,Wednesday,10,1
Standard Class,Medium,Corporate,Europe,Grocery,4,0.04,155.26,7,Sunday,6,0
Standard Class,Medium,Consumer,Europe,Grocery,2,0.28,1092.32,1,Monday,6,1
Same Day,High,Consumer,Africa,Grocery,5,0.13,284.99,3,Sunday,5,0
Second Class,Medium,Consumer,Europe,Electronics,14,0.33,1131.68,6,Sunday,2,0
Standard Class,Medium,Consumer,Europe,Apparel,10,0.19,315.68,1,Saturday,3,1
Standard Class,Low,Home Office,Europe,Office Supplies,8,0.23,13.09,3,Sunday,6,0
Standard Class,Critical,Corporate,Africa,Apparel,1,0.1,1166.52,7,Monday,8,1
Second Class,High,Consumer,Africa,Electronics,9,0.26,585.62,3,Thursday,6,0
Standard Class,High,Corporate,LATAM,Apparel,5,0.01,1055.71,6,Monday,1,0
Same Day,Low,Consumer,Europe,Furniture,9,0.3,883.87,3,Monday,4,0
Standard Class,Medium,Consumer,LATAM,Office Supplies,9,0.07,223.03,7,Sunday,9,0
Same Day,Low,Consumer,Pacific Asia,Electronics,18,0.09,1015.87,1,Wednesday,6,0
First Class,Medium,Corporate,Pacific Asia,Office Supplies,5,0.0,70.78,2,Wednesday,5,0
Standard Class,Low,Consumer,Europe,Grocery,16,0.13,613.99,3,Friday,6,0
Same Day,Medium,Consumer,USCA,Grocery,2,0.16,312.39,5,Wednesday,5,0
Standard Class,Medium,Consumer,Pacific Asia,Furniture,4,0.09,440.29,6,Sunday,4,0
First Class,Low,Consumer,USCA,Electronics,18,0.09,910.86,5,Saturday,2,0
Standard Class,Medium,Corporate,LATAM,Grocery,5,0.36,823.23,6,Tuesday,4,0
First Class,High,Home Office,Europe,Office Supplies,8,0.13,533.7,1,Monday,5,0
First Class,Low,Corporate,LATAM,Office Supplies,12,0.29,64.64,1,Friday,2,0
First Class,High,Corporate,LATAM,Furniture,14,0.09,57.5,7,Tuesday,10,0
First Class,Low,Home Office,Africa,Grocery,17,0.32,845.62,5,Friday,10,0
Standard Class,Low,Consumer,Europe,Apparel,12,0.27,1139.11,6,Saturday,4,0
Standard Class,Low,Consumer,Africa,Grocery,2,0.3,1018.25,2,Wednesday,10,1
Standard Class,High,Consumer,LATAM,Furniture,4,0.18,155.4,2,Wednesday,12,1
Standard Class,Medium,Consumer,USCA,Grocery,11,0.35,154.26,4,Friday,3,0
Second Class,High,Consumer,Europe,Electronics,12,0.15,736.53,7,Saturday,8,0
Standard Class,Medium,Consumer,Europe,Furniture,19,0.24,792.56,3,Thursday,1,0
Same Day,Low,Consumer,Pacific Asia,Apparel,2,0.26,743.62,6,Sunday,1,0
Second Class,Medium,Corporate,USCA,Office Supplies,10,0.38,1063.62,5,Wednesday,12,0
First Class,Low,Home Office,USCA,Grocery,10,0.05,284.9,6,Saturday,9,0
Standard Class,High,Consumer,LATAM,Office Supplies,2,0.05,215.03,1,Wednesday,4,1
First Class,Low,Consumer,LATAM,Furniture,19,0.18,1097.86,5,Wednesday,5,0
Same Day,Low,Corporate,LATAM,Office Supplies,4,0.37,869.36,5,Wednesday,7,0
Standard Class,High,Consumer,Pacific Asia,Electronics,18,0.01,856.96,1,Friday,7,1
Second Class,Critical,Consumer,USCA,Furniture,18,0.11,409.1,5,Friday,9,0
First Class,Low,Consumer,Africa,Furniture,14,0.11,757.17,6,Wednesday,2,0
Standard Class,High,Corporate,USCA,Grocery,13,0.12,874.78,2,Wednesday,8,1
Standard Class,Low,Home Office,Africa,Furniture,15,0.01,724.33,3,Saturday,1,1
Standard Class,High,Corporate,Europe,Electronics,15,0.33,886.1,2,Monday,1,1
Standard Class,Medium,Consumer,Africa,Grocery,4,0.0,712.16,5,Tuesday,9,1
Standard Class,Low,Consumer,Europe,Electronics,15,0.19,1178.62,2,Thursday,7,1
Standard Class,Low,Consumer,LATAM,Apparel,14,0.02,595.48,4,Tuesday,12,0
Standard Class,Low,Home Office,USCA,Grocery,7,0.32,24.84,5,Wednesday,3,0
Standard Class,Low,Corporate,LATAM,Furniture,17,0.3,204.38,4,Friday,3,1
Same Day,Low,Consumer,USCA,Furniture,9,0.29,1157.35,7,Monday,4,0
Standard Class,Medium,Corporate,Africa,Furniture,4,0.29,568.73,6,Thursday,3,1
Same Day,Critical,Consumer,USCA,Apparel,18,0.38,153.42,2,Tuesday,5,1
Standard Class,Low,Home Office,Africa,Electronics,13,0.17,195.43,6,Wednesday,3,1
Standard Class,Medium,Home Office,USCA,Furniture,15,0.34,44.45,1,Friday,5,1
Standard Class,Medium,Consumer,Europe,Office Supplies,4,0.07,279.34,3,Monday,1,0
Standard Class,High,Corporate,Africa,Furniture,18,0.18,1184.11,1,Saturday,4,1
Standard Class,Medium,Consumer,LATAM,Grocery,10,0.0,401.29,4,Monday,11,0
Second Class,Medium,Consumer,LATAM,Grocery,7,0.11,307.8,6,Thursday,9,0
Standard Class,Medium,Corporate,LATAM,Office Supplies,6,0.18,804.47,7,Sunday,9,0
Second Class,Low,Corporate,LATAM,Apparel,13,0.36,812.3,1,Monday,5,1
Second Class,Low,Consumer,Europe,Grocery,18,0.13,1161.72,4,Friday,8,0
Standard Class,Medium,Corporate,Europe,Apparel,9,0.27,878.22,7,Sunday,1,0
Standard Class,Low,Corporate,Pacific Asia,Apparel,11,0.33,140.86,1,Friday,10,1
First Class,Medium,Consumer,Pacific Asia,Office Supplies,16,0.13,1182.86,3,Thursday,4,0
Standard Class,Low,Consumer,Pacific Asia,Grocery,8,0.07,902.78,5,Friday,11,0
Standard Class,Medium,Corporate,Pacific Asia,Furniture,5,0.24,318.47,3,Sunday,12,0
Same Day,Low,Consumer,USCA,Apparel,15,0.11,320.82,2,Friday,5,0
Standard Class,High,Home Office,Africa,Apparel,2,0.26,1152.4,6,Sunday,9,1
Second Class,High,Consumer,LATAM,Grocery,5,0.05,239.24,2,Saturday,9,0
Same Day,Low,Consumer,USCA,Grocery,10,0.06,280.83,1,Monday,3,0
Standard Class,Low,Consumer,Europe,Office Supplies,19,0.27,437.13,3,Tuesday,6,1
Standard Class,Medium,Corporate,LATAM,Electronics,14,0.39,818.57,2,Thursday,3,1
Standard Class,Low,Corporate,Africa,Electronics,13,0.1,521.37,5,Sunday,11,1
Standard Class,Low,Consumer,Africa,Electronics,14,0.29,380.4,1,Friday,2,1
Standard Class,Low,Consumer,Europe,Apparel,4,0.21,328.47,4,Thursday,8,0
Second Class,High,Home Office,LATAM,Office Supplies,7,0.34,158.86,1,Monday,9,0
Standard Class,High,Consumer,Pacific Asia,Electronics,18,0.16,660.04,7,Thursday,11,0
Standard Class,Medium,Consumer,LATAM,Grocery,6,0.39,335.36,7,Tuesday,8,0
Same Day,Medium,Consumer,LATAM,Apparel,15,0.03,404.46,3,Thursday,2,0
First Class,High,Consumer,Africa,Apparel,11,0.39,19.28,7,Thursday,3,0
Second Class,High,Consumer,Europe,Grocery,17,0.34,642.18,3,Sunday,12,0
Standard Class,Critical,Consumer,LATAM,Office Supplies,10,0.35,838.74,5,Monday,10,1
Second Class,Low,Consumer,USCA,Office Supplies,16,0.34,1113.77,1,Saturday,3,1
Standard Class,Low,Home Office,USCA,Electronics,19,0.34,244.58,1,Thursday,3,1
Standard Class,Medium,Consumer,Europe,Grocery,11,0.33,1104.04,6,Tuesday,9,0
Standard Class,Medium,Corporate,Pacific Asia,Furniture,7,0.36,439.75,3,Saturday,9,0
First Class,Low,Corporate,LATAM,Office Supplies,14,0.18,964.85,1,Wednesday,3,0
Standard Class,Low,Consumer,LATAM,Electronics,1,0.38,1077.19,7,Sunday,12,0
Standard Class,High,Corporate,Africa,Apparel,17,0.15,1154.02,2,Wednesday,4,1
Standard Class,High,Consumer,LATAM,Office Supplies,13,0.29,397.28,2,Saturday,4,1
Standard Class,Low,Consumer,Pacific Asia,Furniture,8,0.28,319.94,1,Thursday,3,1
First Class,High,Home Office,LATAM,Apparel,19,0.33,533.08,2,Thursday,3,1
Second Class,Medium,Corporate,LATAM,Apparel,8,0.3,670.04,3,Saturday,2,0
First Class,High,Home Office,Africa,Grocery,17,0.01,831.87,4,Monday,1,0
Standard Class,Medium,Home Office,USCA,Grocery,5,0.3,833.33,7,Monday,2,0
Standard Class,Low,Consumer,USCA,Office Supplies,11,0.01,148.81,1,Thursday,6,1
Standard Class,Medium,Consumer,Pacific Asia,Furniture,14,0.21,738.06,6,Friday,2,0
Standard Class,Medium,Consumer,Europe,Grocery,10,0.34,209.76,5,Friday,9,0
Standard Class,Medium,Home Office,Europe,Electronics,12,0.33,856.53,1,Saturday,6,1
First Class,Low,Home Office,Africa,Apparel,3,0.34,1172.13,3,Thursday,3,0
Standard Class,Critical,Corporate,LATAM,Electronics,9,0.24,927.37,5,Sunday,12,1
Standard Class,Low,Consumer,Africa,Apparel,11,0.07,836.73,7,Monday,8,1
Standard Class,Low,Consumer,USCA,Electronics,9,0.2,102.21,5,Sunday,12,0
Standard Class,Medium,Home Office,Pacific Asia,Apparel,1,0.21,229.71,4,Sunday,2,0
Standard Class,Medium,Home Office,Europe,Grocery,18,0.13,432.74,7,Wednesday,10,0
Same Day,Medium,Consumer,LATAM,Electronics,3,0.17,1120.84,7,Wednesday,3,0
First Class,High,Consumer,Europe,Office Supplies,14,0.35,403.76,1,Friday,7,1
Same Day,Medium,Consumer,USCA,Office Supplies,4,0.21,978.39,1,Friday,11,0
Standard Class,Medium,Consumer,LATAM,Furniture,5,0.28,133.46,5,Tuesday,3,0
Standard Class,Medium,Home Office,USCA,Furniture,10,0.2,797.78,2,Friday,5,1
Standard Class,Low,Consumer,Europe,Furniture,5,0.25,937.14,1,Monday,10,1
Standard Class,Medium,Corporate,Europe,Electronics,3,0.04,656.08,7,Monday,10,0
First Class,High,Consumer,USCA,Apparel,9,0.37,922.55,7,Saturday,5,0
Standard Class,Low,Consumer,LATAM,Furniture,12,0.17,871.16,7,Friday,3,0
Standard Class,Medium,Consumer,USCA,Grocery,2,0.3,577.61,1,Thursday,2,1
Standard Class,High,Corporate,LATAM,Office Supplies,11,0.27,1039.97,2,Wednesday,1,1
Standard Class,Low,Corporate,Africa,Office Supplies,1,0.32,416.54,6,Wednesday,1,1
Second Class,Medium,Consumer,Africa,Grocery,16,0.01,516.24,7,Tuesday,4,0
Standard Class,Critical,Consumer,LATAM,Office Supplies,3,0.37,652.43,6,Monday,8,1
Standard Class,Low,Consumer,USCA,Electronics,13,0.33,165.53,6,Wednesday,2,1
Standard Class,Low,Consumer,LATAM,Grocery,15,0.33,623.23,4,Saturday,12,1
Standard Class,High,Corporate,Europe,Electronics,1,0.19,395.7,1,Monday,8,1
First Class,High,Corporate,USCA,Office Supplies,16,0.32,315.43,7,Friday,7,0
First Class,Medium,Consumer,LATAM,Grocery,15,0.23,696.43,3,Saturday,2,0
Same Day,Medium,Home Office,Europe,Grocery,6,0.2,402.23,2,Tuesday,2,0
First Class,High,Corporate,Pacific Asia,Grocery,15,0.31,1028.05,7,Tuesday,12,0
Standard Class,Medium,Consumer,Europe,Office Supplies,18,0.25,497.88,1,Monday,1,1
Second Class,Low,Consumer,LATAM,Office Supplies,17,0.03,501.51,2,Wednesday,11,0
Standard Class,Low,Home Office,USCA,Office Supplies,14,0.13,1178.51,2,Sunday,10,1
Standard Class,Medium,Corporate,USCA,Furniture,18,0.25,416.42,4,Monday,5,1
First Class,High,Consumer,Africa,Furniture,17,0.36,166.47,4,Friday,12,0
Standard Class,High,Corporate,LATAM,Apparel,1,0.37,1053.13,5,Sunday,6,0
Same Day,Critical,Consumer,Europe,Grocery,14,0.34,1101.23,1,Friday,11,1
Standard Class,High,Home Office,Europe,Office Supplies,7,0.1,279.48,4,Tuesday,2,0
Second Class,Medium,Home Office,LATAM,Grocery,1,0.19,1059.67,1,Tuesday,8,0
Second Class,Medium,Corporate,Europe,Electronics,3,0.17,598.52,5,Thursday,1,0
First Class,High,Corporate,Pacific Asia,Electronics,11,0.18,61.68,6,Monday,12,0
Second Class,Medium,Consumer,Africa,Office Supplies,18,0.02,663.11,4,Wednesday,1,0
Second Class,Medium,Corporate,USCA,Furniture,14,0.07,1020.04,7,Saturday,9,0
Standard Class,Low,Corporate,Europe,Apparel,3,0.06,482.01,4,Wednesday,11,0
Standard Class,High,Consumer,Pacific Asia,Furniture,2,0.25,665.69,5,Wednesday,5,0
Standard Class,Medium,Corporate,LATAM,Grocery,15,0.16,177.33,3,Tuesday,10,0
Second Class,Low,Home Office,Europe,Furniture,7,0.13,1012.21,3,Tuesday,9,0
Standard Class,Medium,Consumer,LATAM,Office Supplies,13,0.18,137.2,5,Saturday,8,0
Second Class,Medium,Consumer,Pacific Asia,Furniture,4,0.13,122.37,3,Wednesday,6,0
Standard Class,Low,Corporate,Pacific Asia,Electronics,8,0.3,1120.93,3,Friday,3,0
Standard Class,High,Home Office,USCA,Office Supplies,2,0.07,1049.43,3,Tuesday,7,0
Second Class,Low,Home Office,LATAM,Office Supplies,13,0.02,694.1,3,Tuesday,10,0
Standard Class,Low,Corporate,Africa,Office Supplies,4,0.26,136.32,2,Wednesday,1,1
Standard Class,Medium,Home Office,USCA,Furniture,13,0.09,659.72,2,Tuesday,3,1
Standard Class,Medium,Corporate,LATAM,Electronics,16,0.26,1105.45,4,Saturday,5,1
Same Day,Critical,Consumer,LATAM,Furniture,12,0.02,738.7,1,Sunday,7,1
Second Class,High,Corporate,Pacific Asia,Grocery,13,0.1,245.9,7,Monday,8,0
Standard Class,High,Consumer,Pacific Asia,Apparel,1,0.06,1087.94,2,Wednesday,4,1
Standard Class,Low,Consumer,LATAM,Apparel,3,0.12,1039.89,1,Sunday,10,1
Standard Class,Low,Consumer,Pacific Asia,Apparel,3,0.13,660.44,7,Saturday,11,0
First Class,Medium,Consumer,LATAM,Grocery,12,0.2,1024.17,7,Saturday,8,0
Second Class,Low,Consumer,LATAM,Grocery,4,0.21,77.07,6,Monday,8,0
Standard Class,High,Consumer,USCA,Grocery,1,0.25,558.81,5,Sunday,11,0
Standard Class,Medium,Consumer,USCA,Electronics,17,0.13,221.93,7,Sunday,10,0
Standard Class,Critical,Consumer,Africa,Office Supplies,9,0.21,1006.67,6,Sunday,8,1
Second Class,Low,Consumer,USCA,Grocery,5,0.4,1165.72,6,Monday,5,0
First Class,Medium,Corporate,Europe,Apparel,3,0.08,1117.53,5,Friday,11,0
Standard Class,Medium,Home Office,Europe,Apparel,7,0.06,608.98,6,Friday,11,0
Standard Class,Low,Home Office,Pacific Asia,Furniture,3,0.34,618.09,5,Monday,5,0
Standard Class,Medium,Consumer,Europe,Office Supplies,5,0.16,1090.79,1,Friday,6,1
Same Day,Medium,Corporate,USCA,Grocery,12,0.34,868.88,5,Sunday,10,0
Standard Class,Medium,Consumer,Africa,Office Supplies,3,0.17,98.78,4,Monday,1,1
First Class,Low,Consumer,LATAM,Grocery,1,0.01,162.72,1,Wednesday,7,0
Second Class,Low,Corporate,Africa,Apparel,3,0.15,1142.55,4,Monday,7,0
Standard Class,Medium,Corporate,USCA,Office Supplies,16,0.24,445.41,4,Tuesday,2,0
Standard Class,Low,Home Office,USCA,Office Supplies,18,0.18,232.96,3,Monday,12,1
Standard Class,Low,Corporate,USCA,Grocery,3,0.18,885.29,7,Monday,11,0
Second Class,Low,Consumer,Pacific Asia,Grocery,5,0.4,1056.83,4,Monday,7,0
First Class,Low,Home Office,Europe,Office Supplies,5,0.22,255.8,2,Sunday,6,0
Second Class,Low,Corporate,USCA,Grocery,9,0.28,309.21,6,Thursday,10,0
Standard Class,Low,Home Office,LATAM,Office Supplies,12,0.29,1080.93,4,Thursday,8,0
Standard Class,Medium,Corporate,Europe,Furniture,16,0.0,25.67,5,Thursday,12,0
Same Day,Medium,Consumer,Europe,Office Supplies,9,0.22,1090.46,3,Friday,12,0
First Class,Medium,Consumer,Pacific Asia,Electronics,18,0.39,56.72,6,Tuesday,3,0
Standard Class,High,Consumer,Africa,Office Supplies,11,0.3,123.53,1,Monday,2,1
Same Day,Medium,Consumer,Europe,Furniture,17,0.14,1036.11,4,Thursday,11,0
Second Class,Medium,Consumer,Europe,Furniture,1,0.15,305.62,6,Saturday,12,0
Second Class,High,Consumer,USCA,Apparel,3,0.12,277.39,3,Sunday,12,0
Second Class,Medium,Home Office,LATAM,Apparel,5,0.25,1014.51,4,Thursday,5,0
First Class,Medium,Home Office,USCA,Electronics,1,0.04,655.21,4,Friday,2,0
Second Class,Medium,Corporate,LATAM,Grocery,15,0.12,427.24,5,Sunday,3,0
Standard Class,Medium,Consumer,Europe,Grocery,17,0.2,859.94,2,Friday,8,1
Standard Class,High,Consumer,LATAM,Furniture,4,0.21,973.6,7,Thursday,3,0
Same Day,Low,Corporate,USCA,Furniture,14,0.24,1036.69,3,Saturday,2,0
Standard Class,Low,Consumer,USCA,Apparel,2,0.32,152.03,3,Sunday,3,0
Standard Class,Low,Home Office,Africa,Furniture,4,0.07,703.23,4,Monday,3,1
Standard Class,Low,Home Office,Pacific Asia,Office Supplies,5,0.09,817.08,3,Sunday,5,0
Standard Class,Low,Consumer,Africa,Office Supplies,7,0.35,148.6,1,Monday,12,1
Second Class,Medium,Corporate,Europe,Electronics,4,0.33,736.05,7,Sunday,9,0
Same Day,High,Consumer,LATAM,Office Supplies,8,0.33,48.01,1,Tuesday,1,0
Standard Class,High,Corporate,USCA,Electronics,11,0.08,416.47,7,Tuesday,2,0
Standard Class,Low,Consumer,USCA,Apparel,8,0.02,214.7,4,Friday,12,0
Standard Class,Critical,Consumer,USCA,Office Supplies,4,0.21,677.84,7,Thursday,11,1
First Class,Medium,Corporate,USCA,Electronics,11,0.35,237.4,3,Monday,5,0
Second Class,Low,Corporate,Europe,Grocery,12,0.1,949.08,7,Thursday,6,0
Standard Class,High,Corporate,Pacific Asia,Electronics,2,0.36,154.16,6,Friday,12,0
First Class,Medium,Consumer,Africa,Office Supplies,15,0.06,911.82,7,Friday,9,0
First Class,Medium,Corporate,Africa,Electronics,14,0.12,127.7,4,Friday,8,0
First Class,Low,Corporate,USCA,Apparel,19,0.12,536.45,1,Thursday,9,0
Same Day,Medium,Home Office,USCA,Furniture,17,0.06,841.26,3,Tuesday,4,0
Standard Class,High,Home Office,LATAM,Grocery,16,0.35,202.15,2,Tuesday,5,1
First Class,Medium,Corporate,USCA,Apparel,5,0.17,905.29,4,Sunday,10,0
Standard Class,Medium,Corporate,Africa,Grocery,1,0.08,1144.56,1,Sunday,9,1
First Class,Medium,Corporate,LATAM,Grocery,10,0.06,454.35,1,Tuesday,8,0
Second Class,High,Consumer,LATAM,Electronics,7,0.17,10.21,2,Sunday,12,0
First Class,Low,Consumer,USCA,Furniture,10,0.01,577.43,7,Thursday,6,0
Second Class,Medium,Home Office,LATAM,Electronics,16,0.05,1083.9,4,Tuesday,1,0
Standard Class,Low,Home Office,Pacific Asia,Electronics,5,0.0,801.36,7,Saturday,5,0
Standard Class,Medium,Corporate,USCA,Office Supplies,19,0.01,846.91,5,Monday,10,1
Same Day,Medium,Consumer,Pacific Asia,Electronics,6,0.4,953.04,5,Tuesday,5,0
Same Day,Low,Consumer,USCA,Furniture,12,0.18,1090.76,1,Saturday,12,0
Standard Class,Medium,Consumer,Pacific Asia,Apparel,6,0.29,158.52,5,Thursday,2,0
Standard Class,Medium,Consumer,USCA,Electronics,10,0.29,712.35,6,Saturday,10,0
Standard Class,Low,Consumer,Africa,Furniture,10,0.35,1068.78,1,Monday,5,1
Second Class,Medium,Home Office,USCA,Electronics,13,0.04,933.31,5,Wednesday,5,0
First Class,Low,Consumer,Africa,Grocery,19,0.21,306.24,1,Tuesday,5,1
Standard Class,Medium,Corporate,Europe,Electronics,17,0.13,1050.78,7,Friday,11,0
Standard Class,Low,Consumer,Europe,Office Supplies,16,0.22,359.98,6,Wednesday,12,0
First Class,Medium,Home Office,USCA,Grocery,4,0.13,498.95,7,Saturday,8,0
Second Class,High,Home Office,Africa,Furniture,3,0.07,230.91,3,Saturday,4,0
Standard Class,Medium,Consumer,Africa,Electronics,5,0.27,1063.42,2,Thursday,8,1
Second Class,Low,Home Office,LATAM,Grocery,13,0.02,120.69,7,Thursday,4,0
Standard Class,High,Corporate,LATAM,Grocery,14,0.36,1192.99,1,Friday,6,1
Standard Class,Medium,Consumer,Pacific Asia,Apparel,9,0.06,401.13,5,Tuesday,2,0
Second Class,Low,Corporate,LATAM,Grocery,9,0.25,855.86,4,Friday,6,0
Second Class,High,Consumer,USCA,Furniture,8,0.3,163.18,5,Thursday,3,0
First Class,Low,Corporate,LATAM,Electronics,10,0.03,590.56,2,Friday,9,0
Second Class,Medium,Home Office,LATAM,Grocery,18,0.36,57.76,5,Wednesday,1,0
First Class,Medium,Corporate,USCA,Furniture,12,0.14,1055.3,5,Monday,4,0
Standard Class,Medium,Consumer,USCA,Apparel,13,0.4,541.25,7,Friday,10,1
Standard Class,High,Consumer,Pacific Asia,Electronics,16,0.03,893.88,4,Thursday,1,0
Standard Class,Medium,Consumer,Africa,Office Supplies,3,0.29,1074.47,1,Thursday,12,1
Standard Class,Low,Consumer,LATAM,Grocery,9,0.06,91.63,6,Saturday,10,0
Second Class,High,Consumer,Europe,Grocery,16,0.16,618.61,3,Tuesday,12,0
Same Day,High,Consumer,Africa,Apparel,17,0.18,235.55,4,Sunday,1,0
Standard Class,Medium,Corporate,USCA,Furniture,16,0.16,92.12,2,Tuesday,9,1
Standard Class,Medium,Corporate,LATAM,Apparel,10,0.14,750.22,6,Tuesday,10,0
First Class,Low,Consumer,Pacific Asia,Furniture,18,0.31,145.78,4,Monday,9,0
Standard Class,High,Consumer,Europe,Electronics,2,0.33,595.4,7,Sunday,1,0
Second Class,Low,Consumer,Africa,Grocery,14,0.13,244.33,6,Sunday,8,0
Second Class,Low,Consumer,LATAM,Office Supplies,5,0.19,245.29,1,Sunday,2,0
Second Class,Medium,Consumer,USCA,Apparel,6,0.17,632.36,2,Thursday,4,0
Standard Class,Low,Consumer,Africa,Office Supplies,1,0.24,670.91,3,Saturday,10,0
Standard Class,Low,Corporate,Europe,Office Supplies,15,0.06,14.14,3,Sunday,3,0
First Class,Medium,Home Office,USCA,Grocery,3,0.32,605.92,5,Friday,6,0
Second Class,Low,Consumer,Europe,Grocery,19,0.32,807.0,5,Friday,9,0
Standard Class,Low,Corporate,LATAM,Office Supplies,18,0.24,817.43,2,Tuesday,10,1
First Class,Low,Consumer,Africa,Electronics,15,0.3,1021.36,3,Sunday,12,1
Standard Class,Low,Home Office,Pacific Asia,Office Supplies,18,0.4,1075.41,7,Friday,3,1
Second Class,Medium,Consumer,LATAM,Furniture,1,0.37,751.21,1,Thursday,12,0
Standard Class,High,Consumer,LATAM,Furniture,14,0.24,583.38,2,Thursday,8,1
Same Day,Medium,Consumer,Pacific Asia,Furniture,17,0.2,252.89,5,Thursday,7,0
Standard Class,Medium,Consumer,Pacific Asia,Furniture,8,0.21,160.85,5,Saturday,2,0
Standard Class,Low,Corporate,USCA,Apparel,8,0.19,734.83,5,Thursday,4,0
Standard Class,Low,Home Office,Europe,Electronics,17,0.19,1136.43,7,Tuesday,5,0
Standard Class,Low,Corporate,LATAM,Apparel,1,0.29,341.08,7,Thursday,4,0
First Class,Medium,Consumer,USCA,Apparel,7,0.4,128.35,4,Saturday,11,0
Same Day,Medium,Corporate,USCA,Furniture,14,0.02,514.4,7,Monday,2,0
Standard Class,Medium,Corporate,LATAM,Electronics,6,0.09,10.57,3,Wednesday,12,0
Standard Class,Low,Home Office,Europe,Electronics,17,0.08,668.75,4,Thursday,2,0
Second Class,Low,Corporate,Pacific Asia,Office Supplies,14,0.33,68.88,2,Monday,8,1
First Class,High,Corporate,LATAM,Apparel,7,0.17,1117.85,4,Tuesday,12,0
Second Class,Low,Corporate,Europe,Electronics,15,0.21,1045.22,3,Wednesday,12,0
Standard Class,Medium,Corporate,Pacific Asia,Grocery,8,0.19,146.73,2,Monday,5,1
Standard Class,Medium,Consumer,Africa,Apparel,16,0.34,184.81,3,Monday,10,1
Second Class,Medium,Consumer,LATAM,Electronics,10,0.2,1144.6,3,Sunday,3,0
Standard Class,High,Corporate,LATAM,Grocery,9,0.27,978.13,7,Monday,7,0
Second Class,High,Home Office,Europe,Grocery,19,0.01,1131.01,7,Sunday,3,0
Standard Class,Medium,Consumer,USCA,Grocery,2,0.26,408.06,6,Saturday,8,0
First Class,Medium,Home Office,USCA,Furniture,8,0.1,142.04,1,Wednesday,2,0
Standard Class,Low,Consumer,Europe,Office Supplies,11,0.35,742.31,1,Saturday,11,1
Second Class,High,Consumer,LATAM,Office Supplies,4,0.3,1160.38,1,Saturday,7,0
Standard Class,Medium,Consumer,LATAM,Electronics,18,0.04,164.66,7,Friday,7,0
Second Class,Low,Home Office,LATAM,Electronics,18,0.04,984.48,5,Wednesday,2,0
Standard Class,Medium,Consumer,Africa,Office Supplies,2,0.12,437.94,6,Wednesday,12,1
Second Class,Low,Consumer,USCA,Grocery,5,0.05,147.45,6,Tuesday,12,0
Second Class,Medium,Consumer,Africa,Electronics,14,0.3,556.25,6,Monday,10,0
Second Class,Medium,Corporate,LATAM,Furniture,13,0.39,591.59,4,Sunday,12,0
Second Class,Low,Home Office,USCA,Furniture,8,0.26,20.81,1,Wednesday,6,0
Second Class,Low,Consumer,LATAM,Office Supplies,11,0.1,574.6,2,Tuesday,1,0
First Class,High,Home Office,LATAM,Electronics,8,0.23,780.5,7,Saturday,11,0
Standard Class,High,Home Office,Europe,Electronics,15,0.32,919.95,6,Tuesday,3,1
First Class,High,Consumer,USCA,Grocery,6,0.38,127.28,5,Tuesday,11,0
Standard Class,Low,Corporate,LATAM,Electronics,17,0.0,1053.08,1,Friday,7,1
Standard Class,High,Consumer,Pacific Asia,Office Supplies,11,0.21,209.62,4,Wednesday,8,0
Standard Class,Medium,Consumer,Pacific Asia,Electronics,7,0.18,793.36,5,Friday,6,0
Standard Class,Low,Corporate,LATAM,Electronics,2,0.17,667.63,5,Tuesday,10,0
First Class,Low,Corporate,Europe,Furniture,3,0.2,1057.21,6,Wednesday,5,0
Second Class,Low,Consumer,LATAM,Office Supplies,18,0.16,55.99,2,Saturday,8,0
First Class,Low,Consumer,Pacific Asia,Apparel,14,0.14,237.96,3,Saturday,10,0
Standard Class,Critical,Home Office,USCA,Office Supplies,9,0.05,155.14,2,Sunday,3,1
Standard Class,Low,Corporate,Europe,Office Supplies,8,0.2,399.79,4,Wednesday,10,0
Standard Class,Medium,Consumer,LATAM,Apparel,18,0.33,413.23,4,Friday,10,1
Standard Class,Medium,Consumer,Pacific Asia,Apparel,12,0.04,115.45,7,Friday,6,0
Standard Class,Low,Consumer,USCA,Furniture,12,0.3,622.05,4,Sunday,8,0
Standard Class,Medium,Consumer,Pacific Asia,Grocery,10,0.11,148.33,5,Sunday,4,0
Standard Class,Low,Corporate,Europe,Office Supplies,9,0.15,98.48,4,Wednesday,5,0
Second Class,High,Corporate,Africa,Office Supplies,2,0.4,49.47,7,Tuesday,7,0
Second Class,Low,Consumer,LATAM,Office Supplies,11,0.27,1115.68,2,Thursday,11,0
Same Day,Medium,Corporate,USCA,Office Supplies,10,0.29,482.12,5,Monday,7,0
Same Day,Medium,Consumer,Europe,Furniture,8,0.24,347.59,2,Sunday,11,0
Second Class,High,Corporate,Europe,Office Supplies,5,0.13,583.91,1,Sunday,5,0
Standard Class,High,Consumer,Africa,Apparel,5,0.27,197.65,7,Thursday,3,1
Second Class,Medium,Consumer,Africa,Apparel,9,0.18,493.33,6,Wednesday,4,0
First Class,Low,Consumer,LATAM,Electronics,11,0.33,236.75,1,Monday,7,0
Standard Class,Medium,Corporate,LATAM,Furniture,12,0.23,372.23,6,Friday,4,0
Standard Class,High,Consumer,Europe,Electronics,5,0.31,1109.82,1,Saturday,5,1
First Class,High,Consumer,LATAM,Office Supplies,6,0.34,186.95,2,Sunday,1,0
Standard Class,Low,Consumer,LATAM,Furniture,1,0.33,573.88,3,Thursday,1,0
Second Class,Low,Consumer,Africa,Furniture,16,0.16,796.42,6,Monday,11,0
Second Class,High,Consumer,Europe,Grocery,14,0.15,1102.42,2,Friday,4,1
Standard Class,Medium,Corporate,Pacific Asia,Grocery,14,0.35,1108.38,1,Saturday,8,1
Standard Class,Low,Consumer,Pacific Asia,Electronics,13,0.06,304.24,6,Sunday,9,0
Standard Class,Medium,Corporate,USCA,Electronics,12,0.11,1132.35,3,Tuesday,5,0
Standard Class,Medium,Home Office,Africa,Apparel,7,0.05,404.35,6,Tuesday,8,1
Standard Class,Critical,Corporate,USCA,Apparel,6,0.02,1074.96,5,Saturday,2,1
First Class,Medium,Corporate,Europe,Apparel,9,0.25,120.91,6,Monday,4,0
Standard Class,Low,Corporate,Pacific Asia,Furniture,16,0.36,246.04,4,Wednesday,6,1
Standard Class,Low,Home Office,Pacific Asia,Office Supplies,9,0.05,104.01,3,Tuesday,8,0
Standard Class,Low,Consumer,Pacific Asia,Electronics,14,0.32,365.84,6,Friday,7,1
Same Day,Medium,Home Office,USCA,Apparel,9,0.15,1049.89,1,Monday,12,0
Standard Class,Medium,Home Office,LATAM,Furniture,4,0.25,199.53,6,Sunday,8,0
Standard Class,Low,Consumer,USCA,Grocery,9,0.31,277.57,3,Wednesday,2,0
First Class,Medium,Consumer,Pacific Asia,Office Supplies,8,0.28,267.26,4,Thursday,3,0
First Class,Medium,Home Office,Africa,Grocery,14,0.05,336.89,6,Saturday,7,0
Standard Class,Low,Corporate,Africa,Grocery,5,0.05,32.23,5,Thursday,11,1
First Class,Low,Consumer,USCA,Office Supplies,16,0.37,514.38,7,Tuesday,7,0
Standard Class,Critical,Corporate,USCA,Furniture,10,0.03,1171.79,2,Sunday,8,1
Standard Class,Low,Consumer,Europe,Grocery,3,0.09,543.22,3,Friday,10,0
Standard Class,High,Consumer,USCA,Furniture,9,0.18,977.87,1,Monday,2,1
Standard Class,Medium,Corporate,USCA,Grocery,3,0.33,690.0,4,Monday,1,0
Second Class,High,Corporate,Pacific Asia,Apparel,19,0.24,27.71,3,Monday,3,0
Standard Class,High,Home Office,LATAM,Office Supplies,19,0.23,706.75,3,Monday,4,0
Standard Class,Medium,Consumer,Pacific Asia,Electronics,1,0.28,1136.35,3,Tuesday,3,0
Second Class,High,Home Office,LATAM,Office Supplies,19,0.32,668.68,1,Monday,6,1
First Class,High,Consumer,Pacific Asia,Grocery,15,0.09,638.24,3,Saturday,1,0
Standard Class,Medium,Corporate,Pacific Asia,Grocery,19,0.01,807.57,6,Sunday,9,0
Second Class,Low,Consumer,Europe,Apparel,7,0.05,1046.36,7,Thursday,9,0
Standard Class,Low,Consumer,LATAM,Apparel,1,0.07,682.06,6,Tuesday,7,0
First Class,High,Home Office,Pacific Asia,Office Supplies,16,0.02,493.66,3,Wednesday,7,0
Second Class,Medium,Consumer,Pacific Asia,Electronics,8,0.3,54.13,6,Thursday,1,0
Same Day,Low,Home Office,LATAM,Office Supplies,12,0.35,142.17,5,Wednesday,3,0
Standard Class,Low,Consumer,Europe,Electronics,6,0.28,781.98,1,Sunday,4,1
Standard Class,Medium,Consumer,LATAM,Furniture,10,0.08,746.54,7,Thursday,7,0
Standard Class,Low,Consumer,Europe,Grocery,14,0.24,294.44,6,Wednesday,9,0
Standard Class,Medium,Corporate,Europe,Furniture,5,0.21,865.52,3,Monday,8,0
Standard Class,Medium,Consumer,Africa,Office Supplies,4,0.33,342.8,4,Monday,12,1
Same Day,Medium,Corporate,Europe,Electronics,14,0.38,372.92,7,Saturday,11,0
Standard Class,Low,Corporate,Africa,Electronics,17,0.3,83.06,7,Saturday,3,1
Standard Class,Low,Consumer,USCA,Furniture,1,0.21,664.83,2,Saturday,11,1
First Class,Low,Consumer,Europe,Apparel,17,0.2,352.36,2,Monday,1,0
Standard Class,Low,Consumer,LATAM,Apparel,9,0.32,984.54,7,Friday,2,0
First Class,Medium,Home Office,Africa,Furniture,16,0.05,963.75,5,Monday,8,0
Standard Class,Medium,Consumer,USCA,Apparel,3,0.06,162.85,1,Sunday,2,1
Standard Class,Low,Consumer,USCA,Electronics,10,0.14,200.39,4,Wednesday,8,0
Standard Class,Low,Consumer,Europe,Office Supplies,17,0.3,391.98,1,Sunday,1,1
Standard Class,Low,Corporate,LATAM,Apparel,16,0.03,701.22,2,Tuesday,5,1
Same Day,Critical,Corporate,Europe,Electronics,1,0.14,417.59,4,Wednesday,10,0
Standard Class,Medium,Home Office,Pacific Asia,Office Supplies,19,0.13,426.8,2,Tuesday,4,1
Standard Class,High,Home Office,USCA,Electronics,15,0.19,176.67,7,Wednesday,2,0
Standard Class,High,Consumer,Pacific Asia,Grocery,7,0.19,409.36,2,Sunday,1,1
Standard Class,Medium,Consumer,Pacific Asia,Office Supplies,8,0.29,569.78,7,Wednesday,3,0
First Class,Medium,Corporate,Africa,Grocery,4,0.25,1181.82,1,Tuesday,1,0
Standard Class,Low,Home Office,Pacific Asia,Apparel,12,0.36,1007.18,3,Saturday,11,0
Second Class,Medium,Consumer,USCA,Apparel,2,0.07,953.65,6,Sunday,11,0
Same Day,Low,Consumer,USCA,Electronics,7,0.17,676.19,5,Thursday,6,0
Second Class,High,Home Office,LATAM,Furniture,6,0.16,438.51,4,Saturday,3,0
Same Day,Low,Consumer,Europe,Electronics,2,0.05,1029.77,6,Wednesday,6,0
Standard Class,High,Consumer,LATAM,Grocery,7,0.07,423.44,5,Sunday,4,0
Standard Class,Low,Home Office,LATAM,Office Supplies,2,0.13,715.43,4,Monday,3,0
Standard Class,High,Home Office,Europe,Furniture,4,0.29,316.04,2,Tuesday,10,1
Second Class,Low,Consumer,USCA,Electronics,16,0.06,933.93,4,Wednesday,10,0
Same Day,Medium,Consumer,Africa,Grocery,6,0.11,622.29,4,Sunday,9,0
Standard Class,Medium,Consumer,Pacific Asia,Grocery,10,0.27,1075.25,6,Sunday,8,0
Second Class,Low,Home Office,Africa,Apparel,14,0.24,686.99,1,Sunday,4,1
Standard Class,Medium,Home Office,Pacific Asia,Electronics,3,0.04,205.52,5,Tuesday,3,0
Second Class,High,Corporate,Europe,Electronics,14,0.38,1191.61,5,Friday,1,0
Standard Class,Low,Consumer,Europe,Grocery,11,0.06,607.34,4,Sunday,1,0
Same Day,High,Consumer,LATAM,Electronics,11,0.02,308.34,3,Friday,2,0
Second Class,Medium,Corporate,Europe,Apparel,11,0.12,401.85,3,Saturday,4,0
Standard Class,High,Consumer,Pacific Asia,Furniture,4,0.01,154.27,6,Friday,9,0
Standard Class,Low,Corporate,Africa,Grocery,5,0.01,97.99,6,Sunday,8,1
Standard Class,Medium,Corporate,Africa,Apparel,6,0.23,546.17,5,Saturday,2,1
Standard Class,High,Consumer,Africa,Apparel,14,0.36,1142.73,4,Monday,12,1
Standard Class,Medium,Home Office,Africa,Office Supplies,7,0.16,156.34,6,Tuesday,9,1
First Class,Medium,Consumer,LATAM,Furniture,6,0.12,1084.24,5,Thursday,10,0
Second Class,Low,Corporate,Africa,Apparel,14,0.37,958.11,1,Thursday,12,1
Standard Class,Low,Consumer,Pacific Asia,Office Supplies,16,0.02,969.65,2,Saturday,8,1
Standard Class,Medium,Corporate,LATAM,Office Supplies,4,0.19,854.84,1,Sunday,2,1
First Class,Medium,Corporate,LATAM,Electronics,18,0.1,714.28,2,Monday,7,0
Second Class,Medium,Consumer,LATAM,Apparel,7,0.15,154.45,4,Tuesday,9,0
Standard Class,Low,Consumer,Europe,Grocery,19,0.16,695.03,4,Tuesday,5,0
Second Class,Medium,Consumer,LATAM,Electronics,14,0.22,428.85,1,Monday,5,0
Standard Class,Low,Consumer,Pacific Asia,Furniture,15,0.18,135.31,7,Wednesday,11,0
Standard Class,Medium,Corporate,Africa,Grocery,6,0.4,966.56,1,Sunday,11,1
Standard Class,High,Consumer,Europe,Grocery,10,0.01,660.39,6,Tuesday,10,0
Standard Class,High,Consumer,Africa,Office Supplies,3,0.3,896.5,3,Monday,4,1
Standard Class,Low,Consumer,USCA,Apparel,13,0.02,580.62,6,Tuesday,5,1
Same Day,High,Corporate,Europe,Office Supplies,19,0.17,666.54,1,Monday,4,0
First Class,Medium,Corporate,Pacific Asia,Office Supplies,18,0.08,857.69,5,Sunday,11,0
Second Class,Medium,Consumer,Europe,Apparel,3,0.38,303.87,6,Wednesday,10,0
Standard Class,Low,Corporate,LATAM,Apparel,3,0.29,1017.99,2,Wednesday,12,1
Standard Class,Medium,Home Office,Europe,Apparel,17,0.19,510.93,7,Wednesday,4,0
Second Class,Low,Consumer,LATAM,Office Supplies,7,0.38,853.1,7,Tuesday,8,0
Standard Class,Medium,Corporate,Africa,Apparel,2,0.29,398.04,3,Saturday,3,1
Standard Class,Low,Consumer,Europe,Apparel,5,0.38,845.95,6,Monday,7,0
Standard Class,Low,Consumer,Europe,Grocery,9,0.28,61.79,6,Friday,12,0
First Class,Low,Corporate,Pacific Asia,Office Supplies,3,0.03,1115.82,6,Friday,12,0
Standard Class,Low,Consumer,USCA,Apparel,8,0.25,946.4,6,Friday,12,0
Standard Class,Low,Home Office,Europe,Office Supplies,4,0.39,801.12,6,Friday,4,0
First Class,Medium,Consumer,Africa,Furniture,3,0.09,395.42,5,Wednesday,5,0
Standard Class,Low,Consumer,LATAM,Electronics,18,0.32,1012.68,5,Tuesday,1,1
Standard Class,Medium,Corporate,Africa,Grocery,15,0.07,923.55,1,Wednesday,8,1
Standard Class,Low,Corporate,Pacific Asia,Grocery,11,0.18,549.17,3,Monday,11,0
Standard Class,High,Corporate,Europe,Office Supplies,5,0.03,244.97,4,Saturday,6,0
First Class,High,Consumer,USCA,Apparel,16,0.14,218.86,4,Sunday,4,0
Standard Class,Low,Home Office,USCA,Office Supplies,19,0.31,590.95,1,Saturday,2,1
Standard Class,Medium,Home Office,Europe,Electronics,4,0.02,942.26,2,Monday,8,1
First Class,Low,Consumer,USCA,Grocery,11,0.13,860.21,1,Saturday,1,0
First Class,High,Corporate,Africa,Grocery,12,0.25,597.34,2,Tuesday,4,0
First Class,Medium,Corporate,LATAM,Electronics,5,0.38,253.27,5,Tuesday,2,0
Standard Class,Low,Consumer,Europe,Office Supplies,10,0.1,294.68,3,Sunday,12,0
Standard Class,Low,Consumer,LATAM,Grocery,10,0.07,78.59,4,Friday,9,0
Same Day,Low,Consumer,USCA,Apparel,19,0.08,220.39,6,Tuesday,4,0
First Class,Low,Home Office,Pacific Asia,Office Supplies,5,0.09,25.18,6,Thursday,7,0
Standard Class,Medium,Consumer,LATAM,Apparel,5,0.26,812.65,5,Thursday,9,0
Standard Class,Medium,Corporate,Pacific Asia,Furniture,4,0.4,710.01,1,Saturday,3,1
Standard Class,Low,Consumer,Africa,Electronics,4,0.21,1185.67,3,Saturday,4,1
Same Day,Low,Corporate,Pacific Asia,Grocery,2,0.11,917.7,4,Saturday,7,0
Standard Class,Low,Consumer,LATAM,Electronics,3,0.3,303.03,6,Sunday,6,0
Standard Class,Low,Corporate,LATAM,Electronics,4,0.06,852.39,5,Wednesday,1,0
Standard Class,High,Consumer,Europe,Apparel,8,0.01,24.48,1,Monday,8,1
Second Class,Low,Home Office,Pacific Asia,Grocery,9,0.24,1183.53,2,Monday,10,0
First Class,Medium,Home Office,Africa,Furniture,8,0.08,741.18,3,Monday,6,0
Standard Class,Low,Corporate,Europe,Electronics,12,0.16,152.41,6,Friday,9,0
First Class,Low,Consumer,Europe,Apparel,10,0.09,603.24,2,Wednesday,5,0
Same Day,Medium,Consumer,Africa,Apparel,5,0.37,1129.33,3,Tuesday,3,0
Standard Class,Medium,Home Office,Europe,Grocery,5,0.14,1021.14,6,Thursday,6,0
Standard Class,Medium,Consumer,Africa,Office Supplies,15,0.18,365.71,2,Thursday,8,1
Standard Class,Medium,Consumer,USCA,Office Supplies,3,0.09,481.41,5,Monday,9,0
First Class,Medium,Corporate,Europe,Furniture,2,0.03,1025.73,7,Monday,7,0
Second Class,Low,Consumer,LATAM,Apparel,15,0.21,1081.01,4,Monday,5,0
Second Class,Medium,Consumer,USCA,Office Supplies,13,0.35,1098.37,7,Sunday,12,0
First Class,Medium,Corporate,Europe,Electronics,12,0.14,1137.99,7,Saturday,8,0
Standard Class,Low,Consumer,Africa,Furniture,14,0.31,605.65,1,Monday,11,1
Same Day,Medium,Consumer,USCA,Electronics,12,0.01,1035.21,4,Wednesday,2,0
Standard Class,Low,Corporate,USCA,Office Supplies,15,0.09,422.9,3,Wednesday,3,1
Standard Class,Low,Consumer,LATAM,Apparel,13,0.05,1007.35,6,Saturday,5,0
Second Class,Medium,Corporate,Europe,Office Supplies,3,0.16,423.48,2,Thursday,5,0
First Class,High,Consumer,Europe,Furniture,15,0.36,733.9,6,Tuesday,10,0
Standard Class,High,Corporate,Africa,Furniture,18,0.15,567.47,4,Thursday,8,1
First Class,Low,Consumer,USCA,Electronics,6,0.24,1072.6,7,Tuesday,3,0
Same Day,Medium,Consumer,LATAM,Electronics,15,0.36,89.16,7,Saturday,12,0
Standard Class,Medium,Consumer,Africa,Furniture,12,0.14,1139.06,7,Wednesday,2,1
Same Day,Low,Consumer,Africa,Electronics,2,0.15,559.89,1,Wednesday,9,1
Standard Class,High,Home Office,LATAM,Grocery,5,0.04,582.86,1,Thursday,8,1
Standard Class,Medium,Consumer,Europe,Furniture,17,0.14,995.1,4,Monday,10,0
Standard Class,High,Corporate,LATAM,Electronics,13,0.3,802.76,2,Tuesday,4,1
First Class,Low,Home Office,Europe,Office Supplies,13,0.34,1144.91,6,Sunday,1,0
Second Class,Low,Corporate,Pacific Asia,Apparel,4,0.29,660.47,3,Tuesday,11,0
Standard Class,High,Consumer,USCA,Grocery,16,0.0,674.8,7,Friday,11,1
Standard Class,Medium,Consumer,LATAM,Grocery,8,0.05,1166.33,7,Saturday,9,0
Second Class,High,Home Office,Africa,Apparel,3,0.29,1112.46,5,Wednesday,5,0
Standard Class,Low,Corporate,Europe,Apparel,2,0.38,258.34,6,Friday,10,0
First Class,Medium,Corporate,USCA,Office Supplies,3,0.28,375.26,2,Sunday,12,0
First Class,Medium,Consumer,USCA,Apparel,11,0.09,754.15,5,Tuesday,3,0
Standard Class,Low,Home Office,LATAM,Grocery,11,0.04,1127.86,7,Wednesday,4,0
Same Day,Medium,Corporate,Africa,Office Supplies,10,0.35,680.39,4,Sunday,6,0
Standard Class,Medium,Consumer,LATAM,Apparel,11,0.04,882.06,7,Thursday,2,0
Same Day,Low,Corporate,Africa,Office Supplies,17,0.06,121.86,4,Monday,7,0
Second Class,Low,Consumer,Pacific Asia,Office Supplies,7,0.24,631.92,4,Wednesday,3,0
Second Class,Medium,Consumer,LATAM,Electronics,1,0.08,185.65,3,Tuesday,9,0
Standard Class,Medium,Home Office,Europe,Apparel,15,0.09,320.15,4,Sunday,3,0
First Class,High,Consumer,LATAM,Electronics,7,0.06,207.9,2,Monday,1,0
Standard Class,Low,Corporate,LATAM,Grocery,4,0.38,207.44,2,Saturday,10,1
Standard Class,Low,Consumer,Pacific Asia,Office Supplies,3,0.05,1190.13,3,Friday,10,0
Standard Class,Critical,Consumer,Pacific Asia,Grocery,3,0.37,364.91,1,Tuesday,5,1
Second Class,High,Consumer,LATAM,Office Supplies,10,0.13,682.93,7,Friday,1,0
Standard Class,Low,Home Office,Africa,Apparel,3,0.33,33.9,5,Tuesday,8,1
Second Class,High,Consumer,Pacific Asia,Furniture,5,0.38,969.6,6,Friday,1,0
First Class,Low,Consumer,Pacific Asia,Apparel,19,0.21,819.47,2,Saturday,2,0
Standard Class,Low,Corporate,Africa,Office Supplies,10,0.31,282.25,6,Tuesday,4,1
Second Class,Low,Consumer,USCA,Furniture,9,0.11,52.91,2,Friday,11,0
Standard Class,Low,Consumer,Pacific Asia,Furniture,11,0.15,336.75,7,Sunday,7,0
First Class,High,Consumer,Pacific Asia,Apparel,1,0.22,758.01,6,Saturday,12,0
First Class,Medium,Consumer,Africa,Grocery,13,0.34,28.09,4,Tuesday,8,0
Standard Class,Critical,Consumer,Africa,Apparel,4,0.25,99.68,1,Tuesday,4,1
Second Class,Medium,Consumer,LATAM,Office Supplies,10,0.01,497.12,4,Friday,3,0
Standard Class,Medium,Consumer,LATAM,Grocery,4,0.12,219.44,7,Wednesday,5,0
Standard Class,Medium,Corporate,USCA,Office Supplies,8,0.35,761.85,7,Wednesday,9,0
First Class,Critical,Consumer,USCA,Grocery,17,0.1,217.84,3,Wednesday,5,0
Standard Class,Medium,Home Office,USCA,Electronics,2,0.15,1192.4,7,Saturday,5,0
Standard Class,High,Corporate,Europe,Grocery,7,0.16,528.62,5,Saturday,5,0
Standard Class,High,Consumer,Africa,Electronics,3,0.06,186.5,6,Saturday,4,1
First Class,Low,Home Office,Pacific Asia,Office Supplies,11,0.14,97.86,5,Wednesday,6,0
Standard Class,Medium,Consumer,Africa,Apparel,18,0.33,510.47,4,Friday,11,1
Standard Class,High,Consumer,Africa,Office Supplies,6,0.34,972.82,7,Saturday,1,1
Second Class,Critical,Consumer,USCA,Apparel,14,0.23,532.21,5,Friday,10,0
First Class,Low,Corporate,Africa,Electronics,13,0.27,177.89,5,Thursday,11,0
Standard Class,Medium,Consumer,Europe,Apparel,2,0.21,591.56,7,Wednesday,11,0
Standard Class,Medium,Consumer,Pacific Asia,Office Supplies,16,0.02,411.47,1,Sunday,9,1
Standard Class,Low,Consumer,USCA,Office Supplies,8,0.28,607.22,7,Thursday,9,0
Standard Class,Medium,Corporate,LATAM,Office Supplies,15,0.4,475.45,2,Tuesday,7,1
Standard Class,Low,Consumer,Pacific Asia,Grocery,13,0.09,780.99,6,Thursday,8,0
Second Class,Low,Consumer,LATAM,Office Supplies,1,0.39,966.31,3,Friday,12,0
Second Class,Medium,Consumer,LATAM,Grocery,2,0.4,1064.88,1,Wednesday,2,0
Second Class,Medium,Home Office,Africa,Furniture,4,0.06,892.14,1,Wednesday,3,1
Standard Class,Medium,Consumer,Pacific Asia,Electronics,13,0.37,432.48,4,Thursday,5,1
First Class,Medium,Consumer,Europe,Furniture,12,0.27,543.67,7,Thursday,4,0
Standard Class,Low,Home Office,Africa,Furniture,12,0.19,773.7,4,Sunday,4,1
Same Day,Low,Consumer,LATAM,Grocery,1,0.14,271.6,7,Tuesday,2,0
Second Class,Low,Corporate,Pacific Asia,Grocery,6,0.25,845.1,4,Sunday,12,0
Standard Class,Low,Home Office,Africa,Electronics,11,0.34,783.25,3,Monday,3,1
Second Class,Medium,Home Office,Pacific Asia,Electronics,16,0.01,791.22,4,Sunday,8,0
Standard Class,High,Consumer,USCA,Electronics,2,0.21,406.66,2,Tuesday,5,1
Second Class,Low,Consumer,Europe,Office Supplies,3,0.26,725.86,3,Thursday,7,0
Standard Class,Low,Consumer,Europe,Office Supplies,11,0.01,245.3,5,Sunday,2,0
Standard Class,Medium,Home Office,Europe,Electronics,9,0.36,235.74,3,Saturday,1,0
First Class,Low,Home Office,LATAM,Grocery,7,0.38,924.54,7,Tuesday,5,0
Standard Class,Critical,Consumer,LATAM,Furniture,4,0.24,461.68,5,Saturday,9,1
First Class,Medium,Corporate,Europe,Electronics,10,0.05,658.07,1,Thursday,8,0
Standard Class,Low,Home Office,Pacific Asia,Electronics,1,0.37,358.36,5,Monday,1,0
Second Class,Low,Consumer,USCA,Furniture,13,0.32,290.67,3,Monday,12,0
Second Class,Medium,Consumer,LATAM,Apparel,4,0.01,938.04,2,Saturday,7,0
Standard Class,Low,Consumer,Africa,Electronics,13,0.23,955.08,7,Wednesday,10,1
Standard Class,Low,Consumer,Africa,Electronics,11,0.05,1005.18,2,Thursday,10,1
Standard Class,Low,Home Office,LATAM,Office Supplies,15,0.06,1026.79,5,Monday,9,0
Standard Class,High,Home Office,Europe,Furniture,13,0.08,499.54,3,Saturday,5,1
Standard Class,Medium,Consumer,Pacific Asia,Electronics,4,0.16,972.67,5,Wednesday,1,0
Second Class,Low,Consumer,USCA,Electronics,6,0.35,421.66,5,Sunday,3,0
Same Day,Medium,Consumer,Africa,Apparel,2,0.01,72.5,7,Tuesday,6,0
First Class,Medium,Corporate,LATAM,Furniture,2,0.28,830.31,1,Sunday,8,0
First Class,Medium,Corporate,Pacific Asia,Electronics,6,0.39,246.76,3,Sunday,4,0
First Class,Low,Corporate,Europe,Apparel,3,0.26,547.25,5,Wednesday,6,0
Second Class,Medium,Corporate,USCA,Electronics,11,0.33,205.0,4,Friday,1,0
Standard Class,Critical,Consumer,USCA,Grocery,15,0.36,475.93,4,Saturday,7,1
Same Day,Low,Consumer,Africa,Apparel,9,0.29,1062.99,7,Monday,3,0
Second Class,Low,Home Office,Africa,Grocery,7,0.26,739.65,7,Tuesday,9,0
Second Class,Low,Consumer,LATAM,Electronics,15,0.01,186.29,4,Monday,9,0
Standard Class,Low,Corporate,USCA,Apparel,10,0.21,873.35,7,Wednesday,8,0
Standard Class,Low,Consumer,Europe,Furniture,11,0.19,1018.93,5,Tuesday,12,0
Standard Class,High,Corporate,Europe,Office Supplies,2,0.21,208.01,3,Saturday,2,0
First Class,High,Corporate,LATAM,Electronics,14,0.17,895.47,1,Friday,10,0
Standard Class,Low,Corporate,USCA,Apparel,16,0.36,663.46,4,Thursday,2,1
Standard Class,Medium,Home Office,Africa,Grocery,9,0.36,729.07,5,Monday,8,1
Same Day,Medium,Consumer,Europe,Apparel,16,0.05,1127.44,5,Sunday,8,0
Standard Class,Medium,Corporate,Pacific Asia,Furniture,1,0.21,53.51,3,Thursday,4,0
Standard Class,Medium,Consumer,LATAM,Apparel,2,0.38,770.16,7,Thursday,11,0
Standard Class,Low,Corporate,Europe,Grocery,7,0.24,106.98,5,Monday,4,0
Second Class,Medium,Consumer,Pacific Asia,Electronics,12,0.32,949.61,3,Tuesday,8,0
Same Day,Medium,Home Office,Pacific Asia,Grocery,18,0.15,1076.4,1,Wednesday,12,0
Standard Class,High,Consumer,Europe,Grocery,6,0.15,112.97,1,Friday,5,1
First Class,High,Consumer,LATAM,Grocery,2,0.13,40.75,5,Wednesday,10,0
Standard Class,Low,Consumer,Pacific Asia,Office Supplies,14,0.01,1147.25,2,Thursday,8,1
Same Day,Low,Home Office,Pacific Asia,Electronics,16,0.37,1112.57,1,Thursday,5,1
First Class,High,Consumer,USCA,Office Supplies,10,0.14,1109.26,3,Friday,11,0
First Class,Medium,Consumer,USCA,Apparel,5,0.15,1128.23,5,Friday,2,0
Standard Class,High,Consumer,USCA,Electronics,16,0.3,605.12,6,Friday,3,1
Same Day,Low,Consumer,Pacific Asia,Electronics,7,0.21,1172.51,6,Friday,2,0
Second Class,Medium,Consumer,Pacific Asia,Apparel,15,0.14,1071.85,2,Saturday,2,0
Standard Class,Medium,Corporate,LATAM,Apparel,13,0.35,126.22,1,Thursday,8,1
First Class,High,Consumer,Africa,Grocery,17,0.33,977.12,3,Thursday,5,1
Standard Class,Low,Corporate,USCA,Electronics,18,0.39,857.81,6,Thursday,7,1
First Class,Low,Consumer,Africa,Furniture,18,0.26,169.58,5,Wednesday,5,0
Standard Class,Medium,Consumer,USCA,Grocery,17,0.28,888.13,3,Monday,4,1
Second Class,High,Corporate,USCA,Electronics,3,0.13,587.06,5,Tuesday,5,0
Standard Class,High,Consumer,LATAM,Apparel,12,0.04,1026.05,2,Thursday,8,1
Standard Class,Critical,Consumer,LATAM,Apparel,6,0.04,984.37,7,Tuesday,8,1
Standard Class,Critical,Consumer,Europe,Furniture,12,0.26,1131.37,3,Monday,5,1
Standard Class,Low,Consumer,USCA,Electronics,11,0.05,99.58,7,Friday,8,0
Standard Class,Low,Corporate,USCA,Office Supplies,9,0.36,855.19,6,Thursday,11,0
Standard Class,Low,Corporate,USCA,Grocery,19,0.28,458.72,3,Tuesday,5,1
Second Class,Low,Corporate,LATAM,Electronics,19,0.09,933.43,7,Saturday,7,0
Standard Class,High,Consumer,USCA,Office Supplies,2,0.11,727.05,7,Friday,1,0
Standard Class,High,Consumer,Europe,Apparel,13,0.28,599.74,1,Tuesday,8,1
Second Class,Low,Consumer,Pacific Asia,Apparel,18,0.33,15.04,3,Sunday,8,0
Standard Class,Medium,Corporate,Europe,Office Supplies,4,0.34,732.53,1,Tuesday,4,1
Same Day,High,Consumer,Pacific Asia,Office Supplies,14,0.24,510.25,3,Monday,6,0
First Class,Medium,Consumer,LATAM,Furniture,14,0.06,405.71,3,Wednesday,1,0
Second Class,Low,Corporate,Africa,Electronics,5,0.33,1186.64,1,Monday,7,1
Second Class,Medium,Consumer,LATAM,Apparel,19,0.32,843.44,7,Wednesday,1,0
First Class,Low,Home Office,Africa,Grocery,2,0.33,652.46,1,Tuesday,3,1
Standard Class,Medium,Consumer,Pacific Asia,Apparel,16,0.06,1043.78,6,Thursday,1,0
Standard Class,Medium,Corporate,Africa,Electronics,6,0.27,280.25,1,Saturday,8,1
Standard Class,Low,Consumer,Pacific Asia,Office Supplies,11,0.38,747.69,2,Sunday,6,1
First Class,Critical,Home Office,Africa,Furniture,12,0.1,1034.5,7,Wednesday,11,1
Standard Class,Medium,Consumer,Pacific Asia,Apparel,13,0.29,157.07,5,Thursday,9,1
Second Class,Medium,Consumer,Africa,Furniture,10,0.1,290.95,6,Wednesday,5,0
Same Day,Critical,Consumer,Pacific Asia,Office Supplies,14,0.12,108.33,4,Tuesday,9,0
First Class,Low,Home Office,Europe,Electronics,4,0.19,1191.01,5,Sunday,6,0
Standard Class,Low,Home Office,USCA,Apparel,2,0.36,701.29,5,Saturday,6,0
Standard Class,High,Consumer,Europe,Electronics,19,0.02,592.49,5,Wednesday,11,0
First Class,Low,Corporate,LATAM,Grocery,19,0.4,412.74,6,Tuesday,12,0
Second Class,High,Corporate,Africa,Electronics,15,0.31,544.85,2,Wednesday,3,1
Standard Class,Low,Consumer,Pacific Asia,Office Supplies,9,0.14,933.27,6,Tuesday,9,0
Standard Class,Low,Consumer,Europe,Office Supplies,4,0.14,1100.89,7,Sunday,3,0
Same Day,Medium,Home Office,Europe,Grocery,13,0.19,134.88,5,Saturday,7,0
Second Class,Low,Consumer,Pacific Asia,Electronics,9,0.35,366.56,7,Monday,1,0
First Class,High,Consumer,Africa,Office Supplies,12,0.01,235.06,6,Saturday,1,0
First Class,Medium,Consumer,LATAM,Office Supplies,14,0.22,528.23,7,Monday,4,0
Second Class,High,Consumer,LATAM,Office Supplies,12,0.02,641.28,2,Tuesday,5,0
Standard Class,High,Corporate,LATAM,Office Supplies,13,0.05,868.32,7,Saturday,4,0
Standard Class,Low,Consumer,Pacific Asia,Furniture,18,0.28,1052.03,4,Monday,9,1
Standard Class,High,Consumer,Europe,Apparel,5,0.09,655.13,4,Sunday,10,0
Standard Class,Medium,Consumer,LATAM,Furniture,19,0.02,591.63,1,Wednesday,7,1
First Class,Medium,Consumer,Europe,Office Supplies,3,0.07,695.15,5,Thursday,1,0
Second Class,High,Consumer,LATAM,Electronics,17,0.08,1067.21,5,Tuesday,9,0
First Class,Medium,Home Office,LATAM,Furniture,7,0.31,781.77,1,Friday,7,0
Standard Class,Medium,Consumer,Africa,Grocery,3,0.25,946.97,2,Tuesday,4,1
Second Class,Medium,Corporate,Pacific Asia,Apparel,7,0.29,866.2,5,Friday,1,0
Second Class,Low,Consumer,Africa,Electronics,6,0.15,1108.98,7,Monday,1,0
Second Class,Low,Consumer,Europe,Furniture,14,0.05,982.16,5,Monday,10,0
Second Class,Medium,Consumer,Europe,Apparel,1,0.32,416.03,7,Friday,4,0
Standard Class,Low,Corporate,Pacific Asia,Furniture,14,0.06,1026.7,7,Saturday,10,1
Standard Class,Low,Home Office,LATAM,Grocery,11,0.15,566.26,6,Friday,8,0
Standard Class,Low,Consumer,Pacific Asia,Office Supplies,9,0.1,1018.19,6,Wednesday,2,0
Standard Class,Medium,Consumer,LATAM,Grocery,10,0.12,1087.84,7,Saturday,1,0
Standard Class,Low,Corporate,USCA,Office Supplies,11,0.24,825.47,4,Friday,3,0
Second Class,High,Consumer,USCA,Apparel,18,0.07,865.47,2,Wednesday,6,0
Same Day,Low,Corporate,Pacific Asia,Furniture,17,0.18,177.92,2,Wednesday,1,0
Second Class,Medium,Consumer,USCA,Furniture,14,0.26,395.38,4,Thursday,1,0
Second Class,Medium,Corporate,USCA,Grocery,17,0.35,673.7,2,Wednesday,4,1
Standard Class,Medium,Corporate,Europe,Electronics,7,0.15,14.18,6,Thursday,7,0
Second Class,Low,Consumer,LATAM,Apparel,8,0.13,1018.26,1,Thursday,8,0
Standard Class,Critical,Corporate,USCA,Office Supplies,8,0.15,449.68,5,Friday,9,1
Standard Class,High,Consumer,Africa,Apparel,19,0.2,870.84,7,Wednesday,4,1
Standard Class,High,Consumer,Europe,Grocery,5,0.13,925.46,7,Thursday,9,0
Standard Class,High,Consumer,LATAM,Furniture,7,0.1,662.22,3,Monday,9,0
Standard Class,Medium,Consumer,Europe,Office Supplies,13,0.15,950.37,6,Tuesday,6,0
Standard Class,Medium,Consumer,Africa,Office Supplies,15,0.31,822.07,1,Sunday,9,1
Standard Class,Medium,Home Office,LATAM,Office Supplies,14,0.1,438.21,4,Saturday,5,0
Same Day,Medium,Corporate,Pacific Asia,Office Supplies,15,0.34,981.23,4,Tuesday,11,0
Standard Class,High,Consumer,Pacific Asia,Apparel,14,0.11,766.91,4,Tuesday,9,1
Standard Class,Medium,Home Office,Europe,Apparel,13,0.24,200.64,3,Monday,6,1
Standard Class,Critical,Consumer,Pacific Asia,Grocery,4,0.39,929.66,1,Thursday,8,1
Second Class,Low,Corporate,LATAM,Furniture,9,0.38,814.66,3,Sunday,7,0
Standard Class,High,Consumer,Africa,Furniture,14,0.17,348.73,6,Wednesday,11,1
Standard Class,Medium,Corporate,Africa,Apparel,17,0.03,1011.95,5,Thursday,8,1
Standard Class,Medium,Corporate,Pacific Asia,Grocery,1,0.36,455.07,4,Wednesday,10,0
Standard Class,Low,Corporate,USCA,Electronics,1,0.05,667.76,3,Thursday,1,0
Standard Class,High,Consumer,USCA,Office Supplies,4,0.37,418.36,5,Saturday,11,0
Standard Class,High,Consumer,USCA,Furniture,8,0.29,872.0,5,Tuesday,8,0
Standard Class,Low,Consumer,Pacific Asia,Office Supplies,5,0.37,701.59,6,Monday,1,0
Standard Class,Medium,Consumer,Pacific Asia,Furniture,14,0.27,569.65,5,Sunday,4,1
Standard Class,Low,Consumer,Pacific Asia,Electronics,14,0.4,34.18,4,Thursday,6,1
First Class,Critical,Corporate,LATAM,Furniture,2,0.19,732.55,2,Thursday,2,1
Second Class,Medium,Home Office,USCA,Electronics,12,0.13,750.6,5,Thursday,7,0
Standard Class,Low,Consumer,Europe,Furniture,18,0.16,225.67,2,Monday,1,1
Standard Class,Low,Consumer,LATAM,Apparel,6,0.14,405.45,5,Thursday,9,0
Same Day,Medium,Home Office,LATAM,Office Supplies,9,0.16,1055.76,3,Thursday,2,0
Standard Class,Low,Home Office,Pacific Asia,Grocery,9,0.35,663.51,6,Monday,1,0
Standard Class,Medium,Consumer,Pacific Asia,Grocery,4,0.24,527.74,5,Friday,6,0
Second Class,High,Consumer,LATAM,Furniture,10,0.29,1123.79,4,Monday,6,0
Standard Class,High,Corporate,Pacific Asia,Grocery,12,0.12,976.22,4,Thursday,9,0
Standard Class,Low,Corporate,USCA,Office Supplies,8,0.4,125.99,2,Thursday,4,1
Standard Class,Critical,Consumer,LATAM,Apparel,16,0.11,1032.12,2,Saturday,9,1
First Class,Medium,Corporate,LATAM,Apparel,12,0.06,188.19,6,Friday,9,0
Standard Class,Low,Corporate,LATAM,Electronics,17,0.31,218.01,7,Monday,1,1
Second Class,Low,Consumer,Pacific Asia,Grocery,17,0.34,99.66,1,Saturday,11,1
Same Day,Low,Corporate,LATAM,Office Supplies,19,0.16,582.81,3,Sunday,5,0
Standard Class,High,Consumer,Europe,Grocery,7,0.22,777.18,6,Tuesday,10,0
Standard Class,Low,Corporate,Europe,Office Supplies,4,0.17,906.92,1,Wednesday,11,1
Standard Class,Low,Corporate,USCA,Electronics,9,0.12,41.8,6,Thursday,1,0
Standard Class,High,Consumer,LATAM,Grocery,12,0.33,221.65,5,Wednesday,6,0
Standard Class,Medium,Corporate,LATAM,Apparel,13,0.3,749.26,2,Tuesday,5,1
Same Day,High,Corporate,Pacific Asia,Electronics,9,0.19,635.44,4,Saturday,11,0
Second Class,Medium,Home Office,Africa,Grocery,11,0.18,71.11,3,Sunday,10,0
Second Class,Low,Consumer,Africa,Apparel,5,0.07,1123.14,4,Tuesday,6,0
Standard Class,High,Consumer,LATAM,Apparel,8,0.25,912.63,6,Sunday,9,0
First Class,Low,Home Office,USCA,Office Supplies,12,0.37,436.97,2,Sunday,6,0
Same Day,Medium,Corporate,Europe,Apparel,16,0.29,648.31,1,Thursday,7,1
First Class,Medium,Home Office,LATAM,Furniture,10,0.2,455.36,3,Tuesday,7,0
Standard Class,Low,Consumer,LATAM,Grocery,15,0.02,551.79,2,Thursday,11,1
Second Class,Critical,Consumer,USCA,Grocery,12,0.37,719.46,7,Monday,10,0
Standard Class,Medium,Consumer,USCA,Office Supplies,14,0.12,484.18,7,Wednesday,2,1
Standard Class,Low,Home Office,Africa,Apparel,13,0.12,748.65,4,Sunday,4,1
Standard Class,High,Home Office,LATAM,Office Supplies,16,0.19,563.52,5,Wednesday,8,1
Second Class,Medium,Corporate,LATAM,Furniture,10,0.17,792.14,5,Wednesday,4,0
Second Class,Medium,Consumer,Pacific Asia,Office Supplies,8,0.38,322.04,5,Thursday,7,0
Standard Class,Medium,Consumer,Europe,Grocery,14,0.07,213.72,7,Monday,6,0
Standard Class,High,Corporate,Pacific Asia,Office Supplies,5,0.28,26.16,6,Friday,9,0
Standard Class,Low,Corporate,Pacific Asia,Grocery,6,0.04,726.36,1,Friday,3,1
Standard Class,Low,Corporate,Europe,Electronics,9,0.11,1177.13,7,Wednesday,2,0
Standard Class,Medium,Consumer,LATAM,Furniture,13,0.29,510.26,4,Thursday,10,1
Standard Class,Low,Consumer,Africa,Furniture,13,0.32,263.03,3,Thursday,2,1
First Class,Medium,Consumer,Europe,Grocery,2,0.19,25.6,2,Wednesday,3,0
Standard Class,Low,Corporate,USCA,Electronics,13,0.32,620.21,7,Saturday,3,1
Standard Class,Low,Consumer,LATAM,Apparel,2,0.37,1191.32,5,Thursday,11,0
Standard Class,Low,Home Office,Europe,Office Supplies,15,0.37,1180.69,5,Friday,9,1
Same Day,Medium,Corporate,Europe,Apparel,12,0.14,130.61,1,Friday,10,0
Second Class,High,Consumer,Europe,Electronics,10,0.12,981.52,5,Saturday,1,0
Second Class,Low,Consumer,Africa,Furniture,4,0.29,216.25,1,Tuesday,2,1
Standard Class,Medium,Home Office,Pacific Asia,Apparel,8,0.26,973.13,7,Tuesday,11,0
Second Class,Low,Consumer,Pacific Asia,Electronics,4,0.16,1025.72,1,Friday,8,0
Standard Class,Medium,Consumer,Europe,Furniture,2,0.09,19.2,1,Wednesday,10,1
Second Class,Low,Home Office,Europe,Apparel,18,0.25,292.34,5,Monday,9,0
Same Day,Medium,Corporate,Pacific Asia,Furniture,18,0.17,77.3,5,Monday,7,0
Second Class,Medium,Corporate,Africa,Grocery,14,0.05,603.7,6,Saturday,6,0
First Class,High,Consumer,LATAM,Furniture,10,0.26,41.79,7,Thursday,4,0
Second Class,Low,Home Office,Pacific Asia,Furniture,12,0.28,755.04,3,Saturday,9,0
Standard Class,High,Consumer,Europe,Electronics,8,0.15,674.41,1,Tuesday,4,1
Same Day,Medium,Consumer,Africa,Electronics,17,0.33,461.48,6,Thursday,2,0
Standard Class,High,Consumer,Africa,Office Supplies,12,0.03,559.54,2,Friday,8,1
Standard Class,Low,Consumer,Europe,Electronics,3,0.2,1188.21,6,Wednesday,7,0
Standard Class,Low,Home Office,USCA,Grocery,10,0.38,209.51,4,Sunday,12,0
Standard Class,High,Corporate,Africa,Grocery,11,0.08,879.94,1,Saturday,8,1
Standard Class,Low,Corporate,Pacific Asia,Furniture,14,0.07,777.92,6,Sunday,5,0
Standard Class,Low,Home Office,USCA,Electronics,7,0.15,799.8,2,Tuesday,6,1
Standard Class,Low,Consumer,LATAM,Office Supplies,5,0.11,421.4,1,Thursday,9,1
Second Class,High,Consumer,Pacific Asia,Electronics,1,0.09,267.6,5,Wednesday,5,0
Standard Class,Low,Corporate,Europe,Office Supplies,12,0.38,784.48,6,Wednesday,1,0
Standard Class,High,Corporate,USCA,Furniture,16,0.14,1096.14,7,Thursday,4,0
Second Class,Medium,Consumer,Pacific Asia,Grocery,6,0.02,1171.43,5,Thursday,10,0
Standard Class,Low,Consumer,Africa,Electronics,10,0.36,582.28,3,Monday,2,1
Second Class,Medium,Consumer,Europe,Electronics,15,0.18,516.48,3,Wednesday,1,0
Second Class,Low,Consumer,USCA,Grocery,15,0.29,425.24,7,Thursday,12,0
First Class,Medium,Consumer,Africa,Grocery,6,0.15,973.87,1,Thursday,8,1
Second Class,Medium,Consumer,Europe,Apparel,1,0.37,313.93,7,Tuesday,5,0
Standard Class,Medium,Consumer,Europe,Apparel,6,0.12,620.5,5,Thursday,7,0
Second Class,Low,Consumer,USCA,Apparel,13,0.27,420.61,1,Monday,3,1
Standard Class,Medium,Consumer,USCA,Grocery,11,0.33,1052.08,7,Wednesday,10,0
Standard Class,High,Home Office,USCA,Apparel,12,0.1,346.38,6,Sunday,7,0
First Class,Medium,Home Office,Pacific Asia,Electronics,14,0.32,826.92,2,Thursday,11,1
Standard Class,High,Corporate,Europe,Grocery,9,0.32,710.61,1,Friday,2,1
First Class,Low,Home Office,LATAM,Electronics,13,0.39,400.76,7,Monday,3,0
First Class,High,Home Office,Africa,Grocery,4,0.37,313.19,3,Saturday,4,0
First Class,Low,Consumer,USCA,Furniture,9,0.16,966.51,4,Friday,6,0
Same Day,Low,Consumer,Europe,Electronics,1,0.24,617.5,2,Tuesday,10,0
Standard Class,High,Home Office,Africa,Grocery,8,0.37,737.64,3,Monday,6,1
Standard Class,High,Corporate,LATAM,Office Supplies,2,0.0,1154.88,5,Wednesday,6,0
Second Class,Medium,Consumer,Africa,Grocery,13,0.25,483.64,1,Monday,12,1
Standard Class,Low,Corporate,LATAM,Furniture,13,0.09,978.99,3,Tuesday,12,1
Second Class,Low,Consumer,USCA,Grocery,1,0.3,770.13,6,Tuesday,6,0
Second Class,Medium,Consumer,Pacific Asia,Furniture,1,0.32,716.31,3,Monday,12,0
Second Class,High,Consumer,LATAM,Apparel,6,0.29,74.93,5,Sunday,11,0
Standard Class,Low,Consumer,USCA,Electronics,16,0.4,1095.71,4,Monday,1,1
Standard Class,High,Consumer,Africa,Furniture,17,0.19,282.03,5,Wednesday,11,1
Standard Class,Low,Home Office,Africa,Office Supplies,13,0.22,573.09,1,Saturday,10,1
Standard Class,High,Consumer,Africa,Electronics,18,0.16,904.9,6,Saturday,3,1
First Class,High,Consumer,Pacific Asia,Grocery,3,0.39,631.56,5,Thursday,3,0
Standard Class,Medium,Consumer,Europe,Grocery,15,0.37,15.16,1,Monday,8,1
Standard Class,Low,Corporate,LATAM,Furniture,2,0.39,1139.36,7,Thursday,8,0
Standard Class,High,Home Office,Europe,Office Supplies,6,0.39,34.38,7,Thursday,6,0
Second Class,Medium,Consumer,Africa,Furniture,14,0.36,117.0,6,Saturday,1,0
Second Class,Medium,Consumer,Pacific Asia,Office Supplies,18,0.37,276.72,6,Monday,12,0
Standard Class,Medium,Consumer,USCA,Furniture,4,0.05,722.76,7,Wednesday,12,0
Standard Class,Low,Corporate,Pacific Asia,Apparel,8,0.07,1165.65,5,Saturday,12,0
Standard Class,High,Consumer,Europe,Apparel,2,0.35,1107.96,4,Saturday,3,0
Standard Class,Low,Consumer,Africa,Apparel,2,0.29,785.09,1,Tuesday,8,1
Second Class,High,Consumer,LATAM,Furniture,17,0.35,892.61,1,Saturday,12,1
Second Class,Low,Consumer,Pacific Asia,Electronics,4,0.31,857.14,3,Friday,1,0
Standard Class,Medium,Home Office,Europe,Grocery,16,0.06,827.47,5,Monday,4,0
Standard Class,Low,Consumer,Europe,Electronics,2,0.37,976.75,3,Sunday,10,0
Same Day,Low,Consumer,USCA,Grocery,19,0.31,414.47,2,Friday,6,1
Standard Class,Low,Home Office,LATAM,Office Supplies,6,0.23,273.13,1,Friday,2,1
Second Class,Medium,Home Office,Europe,Apparel,2,0.21,423.7,4,Tuesday,8,0
Standard Class,Medium,Consumer,LATAM,Apparel,9,0.23,67.84,7,Wednesday,12,0
Standard Class,High,Home Office,Africa,Grocery,6,0.16,1160.77,4,Thursday,11,1
Standard Class,Low,Corporate,Pacific Asia,Apparel,6,0.32,890.01,1,Wednesday,9,1
Standard Class,Medium,Consumer,Europe,Electronics,8,0.36,263.99,3,Tuesday,3,0
Same Day,High,Consumer,Africa,Furniture,1,0.1,314.39,1,Friday,9,0
Standard Class,Low,Consumer,USCA,Apparel,16,0.02,1191.2,2,Wednesday,9,1
Standard Class,Medium,Consumer,LATAM,Apparel,10,0.08,924.05,6,Wednesday,11,0
Standard Class,Medium,Consumer,Africa,Office Supplies,19,0.3,516.53,7,Friday,9,1
Standard Class,Low,Corporate,LATAM,Furniture,18,0.35,255.91,7,Wednesday,6,1
Standard Class,Low,Home Office,LATAM,Grocery,16,0.14,58.11,2,Saturday,10,1
Standard Class,Medium,Consumer,Europe,Furniture,1,0.06,806.48,7,Thursday,3,0
First Class,Low,Consumer,LATAM,Furniture,15,0.34,938.17,2,Saturday,4,1
Standard Class,Medium,Consumer,Africa,Grocery,16,0.09,138.22,1,Sunday,5,1
Standard Class,High,Corporate,USCA,Furniture,11,0.1,12.84,6,Thursday,2,0
Same Day,Medium,Corporate,Europe,Office Supplies,6,0.04,435.34,5,Wednesday,7,0
Standard Class,Medium,Consumer,Pacific Asia,Electronics,14,0.36,804.26,3,Sunday,7,1
Same Day,Low,Corporate,USCA,Furniture,16,0.13,1109.32,4,Sunday,9,0
Standard Class,High,Consumer,Africa,Electronics,4,0.07,1056.65,6,Friday,9,1
First Class,Low,Corporate,Europe,Office Supplies,8,0.38,829.35,5,Tuesday,9,0
Second Class,Medium,Consumer,LATAM,Office Supplies,19,0.13,978.72,6,Friday,1,0
First Class,Critical,Consumer,USCA,Furniture,19,0.3,433.48,1,Thursday,9,1
Same Day,Medium,Consumer,Europe,Apparel,1,0.09,301.67,3,Saturday,6,0
Standard Class,Medium,Home Office,Pacific Asia,Furniture,3,0.29,157.81,7,Tuesday,7,0
Same Day,Medium,Corporate,Pacific Asia,Electronics,8,0.09,226.14,6,Sunday,5,0
Standard Class,Low,Home Office,Pacific Asia,Office Supplies,13,0.26,1155.89,1,Friday,7,1
Standard Class,High,Consumer,Europe,Electronics,19,0.18,1116.65,7,Wednesday,11,0
Standard Class,Low,Consumer,USCA,Electronics,1,0.32,65.83,4,Thursday,11,0
Standard Class,Medium,Consumer,LATAM,Grocery,13,0.29,569.23,1,Friday,7,1
Standard Class,Low,Corporate,USCA,Office Supplies,10,0.37,454.27,7,Wednesday,8,0
Second Class,High,Home Office,LATAM,Office Supplies,16,0.15,785.62,1,Wednesday,4,0
Standard Class,Low,Home Office,USCA,Electronics,9,0.3,400.79,5,Tuesday,8,0
First Class,Medium,Corporate,USCA,Office Supplies,2,0.39,343.93,1,Wednesday,11,0
First Class,Medium,Corporate,Europe,Furniture,8,0.13,972.91,4,Tuesday,7,0
Standard Class,Medium,Home Office,Pacific Asia,Grocery,3,0.12,1137.07,5,Wednesday,3,0
Standard Class,Low,Consumer,Pacific Asia,Furniture,2,0.31,251.33,7,Tuesday,3,0
Standard Class,Medium,Home Office,Pacific Asia,Apparel,4,0.18,290.0,1,Friday,12,1
Standard Class,Low,Home Office,Pacific Asia,Apparel,16,0.16,508.75,1,Sunday,5,1
Standard Class,Medium,Consumer,USCA,Electronics,8,0.22,850.5,2,Thursday,1,1
Standard Class,Low,Corporate,Pacific Asia,Apparel,15,0.37,208.8,7,Monday,5,1
Standard Class,Medium,Consumer,USCA,Furniture,16,0.03,566.84,6,Tuesday,5,1
Same Day,Low,Consumer,LATAM,Apparel,18,0.19,1010.61,2,Wednesday,9,0
Second Class,Critical,Corporate,Africa,Electronics,10,0.04,288.54,5,Tuesday,9,0
Standard Class,Medium,Consumer,Africa,Office Supplies,19,0.35,66.72,6,Wednesday,7,1
Second Class,Low,Consumer,LATAM,Grocery,14,0.05,1089.12,4,Sunday,1,0
Standard Class,Medium,Home Office,USCA,Electronics,19,0.04,947.16,1,Saturday,2,1
Standard Class,High,Consumer,Pacific Asia,Electronics,14,0.39,841.58,6,Wednesday,10,1
Second Class,Low,Consumer,Europe,Electronics,3,0.23,113.92,7,Tuesday,12,0
Standard Class,Medium,Corporate,USCA,Furniture,14,0.33,1080.21,7,Monday,4,1
Standard Class,Medium,Consumer,USCA,Office Supplies,2,0.19,373.27,6,Monday,5,0
Same Day,Low,Consumer,LATAM,Electronics,2,0.17,261.67,6,Saturday,6,0
First Class,High,Consumer,LATAM,Office Supplies,3,0.36,590.12,3,Tuesday,11,0
Second Class,Low,Consumer,Europe,Electronics,2,0.4,1108.13,5,Thursday,5,0
Second Class,Low,Consumer,Pacific Asia,Furniture,6,0.25,1193.52,6,Thursday,1,0
Second Class,High,Home Office,Africa,Electronics,4,0.37,740.79,5,Tuesday,3,0
Standard Class,Medium,Consumer,Pacific Asia,Apparel,1,0.35,1147.05,1,Tuesday,6,1
Standard Class,High,Consumer,Pacific Asia,Furniture,3,0.22,549.47,5,Friday,6,0
Standard Class,Medium,Home Office,USCA,Electronics,16,0.38,45.3,3,Tuesday,8,1
Standard Class,Medium,Home Office,Europe,Electronics,15,0.08,338.03,7,Thursday,3,0
Standard Class,High,Consumer,USCA,Electronics,11,0.35,369.17,6,Sunday,5,0
Standard Class,Low,Corporate,LATAM,Apparel,19,0.12,941.42,6,Thursday,7,0
Same Day,High,Corporate,Africa,Apparel,4,0.01,157.85,7,Monday,10,0
Same Day,Medium,Corporate,Europe,Electronics,1,0.31,218.14,5,Monday,3,0
Second Class,Low,Corporate,Europe,Apparel,2,0.37,740.98,4,Friday,11,0
Standard Class,Medium,Consumer,Pacific Asia,Electronics,10,0.09,165.43,6,Thursday,4,0
First Class,Low,Consumer,USCA,Apparel,3,0.21,599.66,6,Sunday,3,0
Standard Class,Medium,Consumer,Pacific Asia,Office Supplies,17,0.3,51.73,3,Saturday,8,1
First Class,Medium,Corporate,Pacific Asia,Electronics,12,0.13,805.97,6,Tuesday,6,0
Standard Class,Critical,Corporate,Europe,Electronics,2,0.06,1090.96,4,Thursday,1,1
First Class,Low,Consumer,Africa,Grocery,13,0.16,1051.13,2,Wednesday,9,1
Standard Class,Medium,Consumer,LATAM,Grocery,4,0.18,97.61,2,Tuesday,6,1
First Class,Low,Home Office,Pacific Asia,Furniture,15,0.3,713.29,1,Tuesday,5,1
Same Day,Medium,Consumer,Africa,Office Supplies,17,0.08,133.57,7,Sunday,2,0
Standard Class,Medium,Consumer,Pacific Asia,Office Supplies,11,0.33,73.69,1,Friday,4,1
Standard Class,Medium,Corporate,Africa,Furniture,1,0.2,736.36,7,Monday,11,1
Same Day,High,Consumer,USCA,Grocery,2,0.36,691.23,5,Wednesday,11,0
Standard Class,High,Consumer,LATAM,Furniture,10,0.23,121.66,2,Tuesday,5,1
First Class,Low,Consumer,Europe,Grocery,7,0.18,438.23,5,Saturday,5,0
Second Class,Low,Corporate,USCA,Electronics,11,0.11,386.82,5,Friday,1,0
Standard Class,Medium,Consumer,Pacific Asia,Furniture,19,0.04,417.53,4,Tuesday,2,0
Standard Class,Medium,Home Office,Pacific Asia,Apparel,10,0.15,406.5,3,Thursday,7,0
Standard Class,Low,Consumer,LATAM,Grocery,2,0.17,991.34,4,Friday,3,0
First Class,Medium,Corporate,LATAM,Electronics,14,0.23,430.79,4,Thursday,1,0
Standard Class,Medium,Consumer,LATAM,Apparel,7,0.34,403.22,4,Monday,11,0
Standard Class,Low,Consumer,Pacific Asia,Apparel,13,0.19,45.24,6,Sunday,9,1
Standard Class,High,Corporate,Pacific Asia,Office Supplies,2,0.13,950.58,3,Sunday,6,0
Second Class,Medium,Consumer,Europe,Grocery,6,0.35,795.26,6,Tuesday,1,0
First Class,Low,Corporate,LATAM,Electronics,1,0.29,416.31,4,Monday,1,0
Same Day,Low,Consumer,Africa,Grocery,11,0.12,547.69,6,Monday,3,0
Standard Class,High,Consumer,Europe,Electronics,7,0.07,954.95,6,Sunday,2,0
First Class,Critical,Corporate,Africa,Grocery,5,0.12,419.62,1,Thursday,7,1
First Class,Medium,Corporate,USCA,Apparel,18,0.05,573.31,5,Monday,10,0
Second Class,Low,Consumer,LATAM,Office Supplies,12,0.36,33.55,4,Thursday,3,0
Same Day,High,Home Office,Europe,Furniture,18,0.24,1102.8,2,Saturday,9,0
Standard Class,Medium,Consumer,Europe,Grocery,9,0.35,451.78,7,Monday,10,0
Standard Class,High,Consumer,USCA,Apparel,2,0.33,362.76,3,Friday,11,0
First Class,High,Consumer,USCA,Furniture,18,0.06,734.85,5,Thursday,8,0
Standard Class,Low,Consumer,USCA,Furniture,2,0.18,636.77,4,Sunday,8,0
First Class,Medium,Consumer,Europe,Furniture,2,0.39,487.1,3,Friday,9,0
First Class,Low,Corporate,Pacific Asia,Apparel,14,0.09,1107.6,6,Friday,12,0
Standard Class,Low,Consumer,Africa,Electronics,7,0.02,441.95,3,Saturday,9,1
First Class,High,Consumer,Africa,Furniture,1,0.14,1198.06,2,Monday,4,1
Standard Class,High,Home Office,USCA,Office Supplies,9,0.2,949.06,3,Thursday,3,0
Standard Class,Medium,Consumer,Pacific Asia,Electronics,12,0.02,1084.96,5,Sunday,9,0
Second Class,Medium,Consumer,Pacific Asia,Apparel,1,0.17,346.48,3,Tuesday,2,0
Same Day,Low,Consumer,USCA,Furniture,1,0.1,93.58,4,Saturday,7,0
Standard Class,Low,Consumer,LATAM,Apparel,9,0.08,508.84,1,Monday,10,1
Standard Class,Low,Consumer,Europe,Apparel,16,0.11,382.93,3,Tuesday,4,0
Second Class,Medium,Consumer,LATAM,Furniture,17,0.04,82.2,5,Thursday,5,0
Second Class,Medium,Corporate,Pacific Asia,Apparel,1,0.03,95.07,4,Saturday,5,0
Second Class,Low,Corporate,USCA,Office Supplies,5,0.24,217.38,7,Thursday,6,0
Standard Class,Critical,Corporate,Europe,Office Supplies,16,0.38,459.58,6,Monday,6,1
Standard Class,Low,Corporate,Africa,Grocery,5,0.32,1122.94,3,Sunday,9,1
Standard Class,High,Consumer,Pacific Asia,Furniture,7,0.33,792.75,3,Monday,4,0
First Class,Medium,Consumer,Europe,Furniture,17,0.29,484.11,4,Monday,10,0
Standard Class,Low,Corporate,Europe,Furniture,6,0.38,961.29,3,Tuesday,8,0
Standard Class,High,Consumer,LATAM,Grocery,3,0.38,686.51,4,Saturday,6,0
Same Day,Medium,Consumer,Africa,Office Supplies,7,0.31,506.76,2,Wednesday,4,1
Standard Class,Medium,Corporate,LATAM,Office Supplies,14,0.29,181.8,6,Sunday,5,1
Same Day,Medium,Consumer,LATAM,Furniture,17,0.12,1113.18,1,Tuesday,10,0
Second Class,Low,Corporate,LATAM,Apparel,14,0.04,752.43,3,Sunday,10,0
First Class,Medium,Consumer,LATAM,Electronics,12,0.04,532.72,2,Monday,4,0
Standard Class,High,Home Office,Pacific Asia,Electronics,9,0.29,531.56,4,Monday,9,0
Standard Class,Low,Corporate,Africa,Furniture,6,0.01,920.39,1,Friday,9,1
Second Class,Low,Consumer,LATAM,Furniture,2,0.33,223.55,3,Friday,1,0
First Class,High,Corporate,Pacific Asia,Office Supplies,6,0.15,506.87,6,Thursday,12,0
Second Class,Low,Corporate,Pacific Asia,Office Supplies,9,0.08,84.98,2,Wednesday,8,0
Standard Class,Medium,Corporate,Europe,Apparel,11,0.16,105.1,4,Thursday,11,0
First Class,Medium,Consumer,Europe,Office Supplies,1,0.28,636.29,3,Tuesday,1,0
First Class,Medium,Consumer,USCA,Electronics,12,0.11,463.16,2,Friday,5,0
Second Class,Medium,Consumer,Pacific Asia,Electronics,5,0.07,866.22,1,Saturday,8,0
First Class,Low,Consumer,USCA,Office Supplies,13,0.3,1184.21,1,Saturday,2,1
First Class,Low,Home Office,Pacific Asia,Electronics,15,0.35,1032.72,6,Thursday,8,0
Second Class,Medium,Consumer,LATAM,Electronics,13,0.23,535.86,6,Friday,9,0
Standard Class,Medium,Consumer,LATAM,Electronics,2,0.21,459.65,2,Thursday,1,1
Standard Class,Medium,Consumer,USCA,Electronics,9,0.3,706.23,1,Saturday,11,1
Standard Class,Medium,Home Office,LATAM,Grocery,8,0.29,119.06,1,Friday,3,1
Standard Class,Low,Corporate,LATAM,Furniture,4,0.0,1185.32,2,Monday,3,1
Standard Class,Low,Corporate,Europe,Apparel,15,0.11,1177.38,4,Tuesday,11,0
Standard Class,High,Home Office,LATAM,Grocery,5,0.37,1108.32,5,Monday,8,0
Standard Class,Medium,Home Office,Europe,Apparel,10,0.38,798.02,3,Sunday,6,0
Standard Class,Low,Corporate,Africa,Grocery,9,0.2,608.71,1,Saturday,9,1
First Class,Low,Consumer,Pacific Asia,Grocery,4,0.22,850.96,4,Saturday,5,0
Same Day,Low,Consumer,Europe,Apparel,1,0.0,384.13,4,Friday,3,0
Standard Class,Low,Corporate,Europe,Furniture,11,0.27,1024.15,6,Sunday,6,0
Same Day,High,Consumer,Europe,Office Supplies,11,0.08,170.2,5,Monday,4,0
Standard Class,High,Corporate,Pacific Asia,Grocery,9,0.05,966.14,7,Tuesday,3,0
Standard Class,High,Consumer,Pacific Asia,Furniture,5,0.12,1042.3,2,Wednesday,3,1
Standard Class,High,Corporate,Pacific Asia,Office Supplies,19,0.27,212.5,1,Friday,8,1
Standard Class,High,Consumer,LATAM,Apparel,3,0.17,579.5,3,Friday,10,0
First Class,Medium,Consumer,Europe,Grocery,8,0.14,1071.07,1,Tuesday,9,0
Second Class,Low,Corporate,Pacific Asia,Office Supplies,16,0.29,1151.56,3,Friday,1,0
Standard Class,High,Consumer,Africa,Furniture,17,0.33,975.52,3,Friday,4,1
Standard Class,Low,Corporate,Pacific Asia,Office Supplies,4,0.35,1129.68,5,Tuesday,2,0
Standard Class,Low,Corporate,USCA,Apparel,15,0.18,1125.03,6,Monday,3,0
Standard Class,Low,Home Office,USCA,Office Supplies,13,0.29,1175.87,3,Thursday,6,1
Standard Class,Medium,Home Office,Europe,Electronics,9,0.35,501.94,2,Sunday,4,1
Standard Class,Low,Consumer,Europe,Grocery,10,0.36,351.46,3,Sunday,5,0
First Class,Low,Corporate,Europe,Furniture,2,0.2,763.2,4,Sunday,8,0
Same Day,Medium,Consumer,LATAM,Furniture,6,0.14,234.73,7,Tuesday,2,0
Standard Class,High,Consumer,USCA,Grocery,5,0.36,672.85,4,Thursday,4,0
Same Day,Medium,Corporate,USCA,Grocery,17,0.1,699.35,7,Tuesday,8,0
Standard Class,High,Corporate,Europe,Electronics,4,0.32,969.66,6,Wednesday,6,0
Standard Class,Low,Consumer,USCA,Electronics,8,0.36,440.53,1,Thursday,2,1
Standard Class,Low,Consumer,USCA,Furniture,1,0.3,726.17,3,Thursday,12,0
Second Class,Medium,Home Office,LATAM,Office Supplies,4,0.27,1084.9,5,Sunday,1,0
Same Day,Medium,Consumer,Africa,Grocery,18,0.02,511.88,7,Thursday,7,0
Second Class,Medium,Home Office,Europe,Electronics,13,0.08,690.35,3,Monday,10,0
Standard Class,High,Corporate,Africa,Electronics,18,0.27,946.98,3,Friday,12,1
Second Class,High,Consumer,Africa,Electronics,3,0.31,307.07,3,Wednesday,3,0
Standard Class,High,Consumer,LATAM,Office Supplies,18,0.03,133.01,5,Thursday,6,0
First Class,Low,Consumer,USCA,Furniture,10,0.01,821.34,1,Wednesday,10,0
Standard Class,Low,Home Office,Europe,Furniture,19,0.12,450.87,6,Friday,7,0
Standard Class,Medium,Home Office,Pacific Asia,Electronics,2,0.26,464.11,3,Friday,9,0
Second Class,Low,Corporate,Africa,Office Supplies,14,0.2,1116.81,1,Sunday,6,1
Second Class,Low,Consumer,Africa,Office Supplies,19,0.0,495.37,5,Wednesday,3,0
Standard Class,Low,Corporate,LATAM,Furniture,5,0.06,1144.88,1,Saturday,5,1
Second Class,Low,Consumer,Africa,Grocery,16,0.3,136.58,1,Monday,4,1
Standard Class,Low,Corporate,Africa,Electronics,10,0.12,418.14,2,Wednesday,4,1
Second Class,Low,Consumer,Africa,Office Supplies,5,0.05,834.6,3,Thursday,3,0
First Class,Medium,Home Office,LATAM,Grocery,14,0.02,159.94,7,Saturday,9,0
First Class,Medium,Corporate,USCA,Apparel,7,0.34,470.58,7,Tuesday,1,0
Second Class,Medium,Consumer,Africa,Electronics,10,0.19,1023.58,1,Wednesday,7,0
Standard Class,Medium,Home Office,Europe,Apparel,11,0.2,916.5,3,Monday,10,0
Standard Class,Low,Consumer,Africa,Furniture,19,0.02,345.7,2,Saturday,2,1
First Class,Low,Consumer,Africa,Furniture,11,0.2,434.18,2,Thursday,5,1
Standard Class,Low,Consumer,Europe,Furniture,3,0.26,611.05,1,Thursday,9,1
Standard Class,High,Corporate,LATAM,Office Supplies,7,0.05,880.23,1,Tuesday,3,1
Standard Class,Medium,Home Office,Pacific Asia,Office Supplies,14,0.36,190.73,7,Wednesday,10,1
Standard Class,Low,Home Office,Europe,Grocery,6,0.31,637.91,2,Sunday,2,1
Second Class,Low,Corporate,Pacific Asia,Apparel,13,0.32,97.3,4,Saturday,6,0
Standard Class,Critical,Consumer,USCA,Furniture,14,0.21,483.4,1,Thursday,9,1
Second Class,Medium,Consumer,USCA,Furniture,15,0.13,237.28,7,Wednesday,9,0
Standard Class,High,Consumer,Africa,Office Supplies,18,0.26,377.76,4,Friday,11,1
Standard Class,Low,Home Office,Africa,Office Supplies,11,0.09,404.47,6,Sunday,12,1
Standard Class,Low,Home Office,LATAM,Office Supplies,10,0.05,926.45,5,Thursday,11,0
Standard Class,High,Consumer,Pacific Asia,Electronics,11,0.22,325.54,5,Thursday,2,0
Standard Class,Medium,Corporate,USCA,Apparel,19,0.19,799.88,7,Wednesday,11,0
Second Class,Medium,Corporate,USCA,Apparel,15,0.06,644.6,5,Wednesday,7,0
Standard Class,Medium,Consumer,Africa,Electronics,3,0.21,967.03,1,Friday,5,1
First Class,Medium,Corporate,Africa,Furniture,3,0.22,392.67,7,Friday,6,0
Standard Class,Medium,Home Office,LATAM,Grocery,1,0.35,1193.64,1,Monday,3,1
Standard Class,Low,Consumer,Africa,Grocery,15,0.3,361.97,5,Monday,6,1
Second Class,Low,Home Office,Africa,Furniture,13,0.09,699.66,4,Tuesday,3,0
Standard Class,High,Consumer,LATAM,Grocery,15,0.33,762.34,1,Thursday,4,1
Standard Class,Low,Consumer,Africa,Office Supplies,18,0.39,650.42,1,Sunday,4,1
Standard Class,Medium,Consumer,Africa,Apparel,18,0.29,1032.02,3,Sunday,6,1
Standard Class,Medium,Home Office,Africa,Office Supplies,9,0.31,144.44,3,Tuesday,2,1
First Class,Critical,Consumer,Pacific Asia,Grocery,18,0.11,720.75,3,Saturday,8,0
Standard Class,Medium,Corporate,USCA,Grocery,11,0.4,612.54,2,Tuesday,12,1
First Class,Medium,Corporate,Europe,Apparel,18,0.07,506.48,1,Saturday,10,0
First Class,High,Consumer,USCA,Office Supplies,6,0.3,422.0,5,Monday,6,0
Standard Class,High,Home Office,Pacific Asia,Apparel,17,0.16,191.93,2,Friday,11,1
Same Day,Medium,Consumer,Europe,Grocery,17,0.14,783.47,2,Monday,5,0
Standard Class,Medium,Home Office,USCA,Apparel,9,0.11,150.08,2,Friday,5,1
Same Day,Low,Consumer,LATAM,Apparel,3,0.18,996.86,5,Monday,3,0
Standard Class,Medium,Corporate,Pacific Asia,Grocery,12,0.32,542.79,2,Tuesday,6,1
Second Class,High,Corporate,LATAM,Apparel,3,0.38,730.45,3,Tuesday,10,0
Standard Class,High,Home Office,LATAM,Office Supplies,4,0.17,102.59,6,Monday,3,0
Standard Class,Low,Consumer,USCA,Grocery,10,0.26,121.14,7,Thursday,3,0
Second Class,Medium,Corporate,Europe,Apparel,5,0.32,290.72,2,Saturday,11,0
Second Class,Medium,Consumer,Africa,Furniture,3,0.04,937.89,4,Monday,10,0
Standard Class,Critical,Consumer,Africa,Office Supplies,7,0.38,588.14,3,Tuesday,10,1
Standard Class,Medium,Consumer,Pacific Asia,Office Supplies,2,0.08,379.92,1,Tuesday,11,1
Second Class,Medium,Consumer,LATAM,Office Supplies,6,0.37,1020.86,1,Sunday,2,0
Second Class,Low,Home Office,Pacific Asia,Electronics,19,0.39,238.37,3,Friday,11,0
Same Day,Medium,Corporate,USCA,Grocery,10,0.04,318.78,7,Thursday,10,0
First Class,Low,Consumer,LATAM,Electronics,8,0.36,934.31,6,Monday,4,0
Same Day,High,Home Office,Africa,Apparel,16,0.26,42.18,7,Monday,7,0
Second Class,High,Consumer,USCA,Grocery,2,0.33,272.17,1,Saturday,9,0
Standard Class,Medium,Corporate,USCA,Office Supplies,16,0.04,630.39,5,Tuesday,1,0
Standard Class,Medium,Home Office,Pacific Asia,Office Supplies,14,0.33,1098.89,5,Thursday,9,1
First Class,High,Home Office,Pacific Asia,Office Supplies,13,0.25,326.39,6,Monday,7,0
Second Class,Low,Consumer,Europe,Office Supplies,9,0.2,263.58,2,Friday,10,0
Standard Class,Low,Corporate,Africa,Apparel,9,0.22,1170.15,6,Monday,4,1
Standard Class,High,Consumer,Africa,Furniture,8,0.3,634.17,7,Thursday,10,1
Same Day,High,Home Office,Pacific Asia,Grocery,7,0.12,84.39,7,Saturday,1,0
Standard Class,High,Corporate,Africa,Furniture,16,0.38,339.02,4,Tuesday,12,1
Standard Class,Low,Corporate,Africa,Grocery,6,0.12,645.06,6,Tuesday,8,1
Standard Class,Low,Consumer,USCA,Office Supplies,11,0.35,95.66,7,Sunday,10,0
Standard Class,Low,Corporate,LATAM,Electronics,19,0.0,834.14,2,Friday,12,1
Standard Class,Low,Corporate,LATAM,Apparel,8,0.37,631.76,4,Saturday,1,0
Standard Class,High,Corporate,Europe,Grocery,19,0.34,854.57,6,Tuesday,11,1
Standard Class,Low,Corporate,LATAM,Office Supplies,15,0.05,416.67,7,Friday,4,0
First Class,Medium,Home Office,Africa,Electronics,11,0.29,509.76,1,Saturday,7,1
Standard Class,Low,Corporate,USCA,Office Supplies,9,0.15,1114.48,3,Saturday,7,0
First Class,Low,Consumer,LATAM,Apparel,16,0.19,260.72,2,Monday,3,0
First Class,Critical,Home Office,Africa,Electronics,13,0.03,57.02,6,Tuesday,2,1
Standard Class,Low,Consumer,Africa,Grocery,10,0.09,1178.83,5,Monday,5,1
Second Class,Low,Corporate,Pacific Asia,Grocery,10,0.38,18.83,7,Sunday,12,0
Standard Class,Low,Home Office,Pacific Asia,Grocery,9,0.17,1067.01,2,Tuesday,4,1
First Class,Low,Consumer,LATAM,Grocery,2,0.01,992.91,5,Monday,8,0
Standard Class,Medium,Home Office,Pacific Asia,Electronics,1,0.21,590.28,3,Thursday,3,0
Second Class,Low,Corporate,Africa,Apparel,8,0.4,849.36,3,Monday,4,0
Second Class,Medium,Corporate,Africa,Electronics,16,0.13,135.04,3,Wednesday,4,0
Standard Class,High,Consumer,Pacific Asia,Grocery,11,0.06,918.76,2,Saturday,2,1
Standard Class,Medium,Consumer,USCA,Apparel,9,0.26,942.67,6,Saturday,8,0
Second Class,Low,Home Office,Pacific Asia,Furniture,19,0.37,71.1,5,Sunday,7,0
Second Class,Medium,Consumer,USCA,Furniture,18,0.34,601.72,1,Sunday,5,1
Standard Class,Low,Corporate,Pacific Asia,Electronics,7,0.26,1138.3,4,Thursday,9,0
Second Class,Medium,Consumer,Africa,Grocery,10,0.07,1141.86,3,Monday,12,0
Standard Class,Medium,Consumer,Africa,Furniture,6,0.31,1181.57,1,Tuesday,2,1
Second Class,Low,Corporate,Pacific Asia,Furniture,4,0.33,791.43,2,Wednesday,2,0
Standard Class,High,Consumer,Europe,Office Supplies,1,0.34,177.93,4,Thursday,2,0
First Class,High,Home Office,USCA,Office Supplies,4,0.16,501.34,6,Monday,10,0
Standard Class,High,Corporate,Europe,Apparel,3,0.16,875.05,6,Thursday,9,0
Standard Class,Low,Corporate,Africa,Apparel,3,0.06,347.76,6,Monday,8,1
Standard Class,Medium,Consumer,USCA,Grocery,14,0.31,974.07,1,Wednesday,3,1
Standard Class,High,Home Office,Pacific Asia,Furniture,5,0.29,1035.02,6,Tuesday,3,0
Standard Class,Low,Consumer,USCA,Electronics,1,0.04,918.62,6,Saturday,3,0
Standard Class,High,Corporate,USCA,Electronics,11,0.01,417.1,1,Saturday,5,1
First Class,Low,Consumer,LATAM,Office Supplies,6,0.38,892.35,6,Tuesday,2,0
Standard Class,Low,Consumer,USCA,Apparel,2,0.01,96.02,3,Monday,5,0
Standard Class,High,Corporate,Africa,Grocery,13,0.25,408.91,1,Tuesday,1,1
Standard Class,High,Corporate,Europe,Office Supplies,1,0.18,921.07,6,Saturday,1,0
Standard Class,High,Consumer,Europe,Office Supplies,8,0.31,955.84,1,Saturday,3,1
Standard Class,High,Consumer,Pacific Asia,Grocery,10,0.04,389.35,6,Wednesday,9,0
Standard Class,Low,Corporate,LATAM,Grocery,15,0.27,1152.77,4,Monday,1,1
Standard Class,Low,Consumer,Europe,Furniture,3,0.25,335.2,7,Friday,11,0
Standard Class,High,Consumer,Europe,Grocery,6,0.34,795.41,4,Tuesday,9,0
Standard Class,Low,Consumer,USCA,Grocery,2,0.21,1055.97,2,Thursday,3,1
Second Class,Medium,Consumer,Africa,Office Supplies,3,0.29,666.16,3,Friday,5,0
Standard Class,Medium,Consumer,Africa,Office Supplies,9,0.18,500.86,3,Monday,12,1
Standard Class,Low,Consumer,Pacific Asia,Electronics,5,0.39,261.57,7,Friday,5,0
Same Day,Low,Corporate,Africa,Electronics,6,0.22,243.76,1,Wednesday,12,0
Standard Class,Medium,Consumer,Europe,Electronics,10,0.3,199.12,3,Tuesday,11,0
Second Class,High,Corporate,USCA,Grocery,9,0.04,537.19,3,Thursday,8,0
Standard Class,Medium,Home Office,Africa,Furniture,1,0.19,662.03,7,Saturday,3,1
First Class,Medium,Home Office,LATAM,Office Supplies,16,0.03,1008.47,5,Thursday,3,0
First Class,Medium,Home Office,LATAM,Apparel,6,0.05,268.64,7,Friday,3,0
Standard Class,Low,Consumer,LATAM,Furniture,16,0.2,908.7,7,Monday,9,0
Same Day,Low,Consumer,Africa,Apparel,3,0.14,835.99,6,Thursday,7,0
Standard Class,Medium,Home Office,USCA,Grocery,14,0.18,765.08,7,Tuesday,3,0
Standard Class,Low,Consumer,Africa,Apparel,8,0.2,413.82,1,Wednesday,12,1
First Class,Low,Consumer,Europe,Electronics,14,0.06,388.41,6,Wednesday,12,0
First Class,Medium,Corporate,Africa,Office Supplies,15,0.15,913.14,5,Wednesday,6,0
Standard Class,Medium,Consumer,LATAM,Furniture,10,0.34,336.7,2,Monday,12,1
Standard Class,Low,Home Office,LATAM,Electronics,17,0.34,402.37,7,Sunday,1,1
Standard Class,Medium,Corporate,USCA,Office Supplies,8,0.2,1158.58,4,Wednesday,9,0
Standard Class,Medium,Corporate,Pacific Asia,Electronics,19,0.3,1198.17,3,Saturday,6,1
First Class,Low,Home Office,LATAM,Furniture,4,0.3,12.04,3,Tuesday,6,0
Standard Class,High,Consumer,LATAM,Grocery,10,0.02,827.25,7,Thursday,9,0
Standard Class,Low,Corporate,Pacific Asia,Apparel,4,0.24,647.25,5,Tuesday,7,0
Standard Class,High,Consumer,Africa,Grocery,4,0.32,557.6,7,Thursday,5,1
Standard Class,Low,Corporate,LATAM,Apparel,10,0.24,338.03,6,Monday,6,0
Standard Class,High,Consumer,USCA,Apparel,3,0.22,613.51,3,Thursday,1,0
Second Class,Low,Corporate,Africa,Furniture,18,0.21,553.32,4,Saturday,1,0
Same Day,High,Home Office,Africa,Furniture,14,0.2,487.56,1,Saturday,5,1
First Class,Low,Consumer,LATAM,Grocery,14,0.31,1021.28,5,Tuesday,12,0
Standard Class,Medium,Consumer,Africa,Office Supplies,14,0.26,332.07,3,Tuesday,9,1
First Class,Medium,Consumer,Africa,Office Supplies,7,0.09,721.0,4,Thursday,3,0
First Class,Low,Consumer,USCA,Grocery,9,0.17,1038.42,3,Tuesday,2,0
First Class,High,Consumer,Africa,Apparel,2,0.21,1175.01,3,Thursday,12,0
Standard Class,Low,Home Office,LATAM,Furniture,3,0.17,727.27,1,Sunday,10,1
Standard Class,High,Consumer,LATAM,Grocery,12,0.1,628.84,5,Wednesday,12,0
Standard Class,Low,Consumer,Pacific Asia,Office Supplies,19,0.05,1010.21,6,Tuesday,10,0
Standard Class,Medium,Corporate,Europe,Apparel,16,0.05,234.25,7,Tuesday,8,0
Standard Class,Medium,Consumer,Pacific Asia,Office Supplies,7,0.12,759.72,5,Monday,12,0
Standard Class,Low,Consumer,USCA,Apparel,12,0.16,86.37,4,Saturday,2,0
Standard Class,Low,Corporate,USCA,Office Supplies,10,0.27,795.42,7,Saturday,12,0
Second Class,High,Corporate,LATAM,Electronics,3,0.39,957.01,7,Tuesday,12,0
Standard Class,High,Consumer,Europe,Apparel,8,0.36,84.98,6,Sunday,1,0
Standard Class,High,Consumer,Pacific Asia,Apparel,7,0.33,1019.62,6,Saturday,3,0
Same Day,Low,Consumer,Europe,Apparel,9,0.33,156.8,5,Friday,2,0
Same Day,Medium,Consumer,LATAM,Electronics,19,0.24,219.24,2,Wednesday,5,0
First Class,Low,Consumer,Africa,Electronics,5,0.1,1005.32,1,Sunday,1,0
Same Day,Low,Corporate,LATAM,Office Supplies,9,0.19,158.4,3,Wednesday,1,0
Standard Class,High,Home Office,LATAM,Furniture,16,0.06,811.89,5,Friday,1,0
Same Day,Low,Consumer,Europe,Office Supplies,9,0.23,360.83,2,Tuesday,7,0
Standard Class,Medium,Corporate,USCA,Apparel,12,0.01,305.55,5,Saturday,11,0
Standard Class,Medium,Consumer,Africa,Apparel,15,0.08,783.68,7,Tuesday,1,1
Standard Class,Medium,Corporate,Africa,Office Supplies,18,0.28,137.05,7,Saturday,9,1
Standard Class,High,Corporate,USCA,Grocery,9,0.11,693.8,3,Tuesday,12,0
Standard Class,Medium,Home Office,Europe,Furniture,3,0.17,1110.18,5,Friday,7,0
Second Class,Medium,Consumer,Europe,Electronics,11,0.33,1023.18,3,Friday,5,0
First Class,High,Consumer,USCA,Furniture,6,0.02,1022.83,6,Friday,8,0
Second Class,Medium,Corporate,Pacific Asia,Grocery,9,0.01,370.48,4,Sunday,11,0
Standard Class,Low,Consumer,Europe,Office Supplies,3,0.09,844.53,5,Thursday,8,0
First Class,Low,Consumer,USCA,Office Supplies,9,0.27,938.33,1,Monday,10,0
Second Class,Low,Consumer,Pacific Asia,Apparel,3,0.09,1082.67,3,Sunday,9,0
Standard Class,Medium,Corporate,LATAM,Office Supplies,19,0.35,324.32,6,Sunday,9,1
Second Class,High,Consumer,Africa,Grocery,4,0.14,915.42,1,Saturday,12,1
Standard Class,Low,Home Office,USCA,Office Supplies,13,0.11,286.41,4,Monday,11,1
Standard Class,Low,Consumer,Europe,Office Supplies,17,0.09,43.07,1,Monday,3,1
Same Day,High,Consumer,Africa,Grocery,2,0.23,583.38,1,Thursday,4,0
Standard Class,High,Corporate,Pacific Asia,Electronics,16,0.34,921.41,7,Monday,11,1
Standard Class,Medium,Consumer,Africa,Furniture,1,0.16,265.1,4,Tuesday,2,1
First Class,Low,Consumer,USCA,Office Supplies,3,0.1,67.83,6,Monday,3,0
Second Class,Low,Consumer,LATAM,Furniture,16,0.17,454.81,5,Saturday,10,0
Standard Class,Low,Consumer,Pacific Asia,Furniture,6,0.36,251.42,4,Sunday,10,0
Standard Class,Low,Corporate,Pacific Asia,Apparel,8,0.13,464.68,2,Tuesday,9,1
Standard Class,Low,Consumer,Pacific Asia,Electronics,5,0.26,1105.79,3,Thursday,11,0
Second Class,Medium,Home Office,Africa,Furniture,8,0.13,895.24,7,Tuesday,10,0
Standard Class,Low,Corporate,LATAM,Apparel,1,0.27,453.8,6,Thursday,2,0
Standard Class,Low,Consumer,USCA,Grocery,19,0.35,396.81,6,Saturday,7,1
Same Day,Low,Consumer,USCA,Grocery,2,0.24,1106.22,3,Saturday,11,0
Standard Class,Medium,Consumer,Africa,Grocery,6,0.38,1067.72,6,Sunday,2,1
Standard Class,Medium,Consumer,USCA,Grocery,6,0.24,728.86,6,Wednesday,2,0
Standard Class,Medium,Corporate,USCA,Grocery,9,0.39,435.53,5,Thursday,6,0
Second Class,Low,Consumer,LATAM,Apparel,1,0.29,952.88,6,Thursday,11,0
Standard Class,Low,Home Office,Africa,Electronics,2,0.26,799.84,4,Monday,3,1
Standard Class,Low,Consumer,Africa,Electronics,19,0.33,681.96,7,Friday,3,1
First Class,Low,Consumer,Pacific Asia,Apparel,16,0.0,888.88,3,Friday,1,0
Standard Class,High,Consumer,USCA,Apparel,9,0.1,170.01,3,Monday,5,0
Standard Class,Critical,Consumer,Europe,Office Supplies,5,0.09,1116.88,6,Tuesday,2,1
Standard Class,Medium,Home Office,LATAM,Furniture,11,0.04,1167.78,6,Monday,8,0
Standard Class,High,Corporate,LATAM,Grocery,14,0.38,431.79,1,Saturday,4,1
Standard Class,Medium,Consumer,Europe,Furniture,13,0.05,1136.69,4,Friday,2,0
Standard Class,Low,Home Office,Pacific Asia,Office Supplies,3,0.11,957.04,1,Friday,10,1
Standard Class,Critical,Home Office,Europe,Electronics,2,0.13,1129.83,2,Friday,5,1
Standard Class,Low,Corporate,Europe,Grocery,16,0.25,1101.78,2,Saturday,2,1
First Class,Medium,Home Office,Pacific Asia,Electronics,11,0.31,249.07,2,Wednesday,2,0
Same Day,Low,Corporate,Europe,Apparel,3,0.24,319.43,5,Thursday,11,0
First Class,Low,Corporate,Pacific Asia,Furniture,15,0.3,320.11,7,Sunday,4,0
First Class,Medium,Consumer,USCA,Electronics,3,0.16,122.21,7,Saturday,4,0
Standard Class,Medium,Consumer,Pacific Asia,Office Supplies,19,0.4,483.25,4,Sunday,8,1
Same Day,Low,Corporate,Africa,Electronics,4,0.07,441.52,5,Tuesday,10,0
Standard Class,Low,Home Office,Africa,Grocery,5,0.16,419.31,2,Wednesday,10,1
Same Day,Low,Corporate,Europe,Grocery,9,0.33,425.24,6,Sunday,5,0
Same Day,Critical,Home Office,Africa,Furniture,7,0.1,83.86,5,Tuesday,2,1
Second Class,High,Consumer,Pacific Asia,Apparel,13,0.3,231.31,3,Tuesday,5,0
Same Day,Medium,Corporate,USCA,Grocery,18,0.15,362.13,5,Tuesday,10,0
Second Class,Low,Corporate,Pacific Asia,Office Supplies,15,0.07,1067.88,7,Friday,4,0
Standard Class,High,Corporate,LATAM,Furniture,12,0.16,1112.57,4,Thursday,9,0
Standard Class,Low,Corporate,Europe,Grocery,10,0.31,349.4,1,Sunday,1,1
Second Class,Low,Consumer,USCA,Office Supplies,17,0.04,836.05,4,Thursday,12,0
Standard Class,Low,Consumer,Europe,Electronics,6,0.21,1022.24,1,Thursday,7,1
Second Class,High,Home Office,LATAM,Office Supplies,11,0.3,612.35,7,Sunday,4,0
Same Day,Low,Consumer,Africa,Furniture,3,0.3,909.1,6,Thursday,1,0
Standard Class,Low,Consumer,LATAM,Grocery,6,0.16,1171.28,5,Wednesday,6,0
First Class,Medium,Consumer,Africa,Apparel,12,0.19,203.03,5,Monday,3,0
Same Day,Low,Consumer,Europe,Apparel,3,0.34,93.8,4,Tuesday,8,0
Same Day,Medium,Corporate,Europe,Office Supplies,2,0.08,771.63,6,Friday,3,0
Same Day,Medium,Corporate,Europe,Office Supplies,3,0.4,615.09,7,Thursday,10,0
Standard Class,Medium,Home Office,Pacific Asia,Office Supplies,13,0.17,362.96,1,Wednesday,3,1
Same Day,Low,Consumer,USCA,Grocery,9,0.11,1100.74,2,Sunday,6,0
First Class,Low,Corporate,Pacific Asia,Apparel,17,0.0,1016.54,6,Friday,4,0
Standard Class,High,Home Office,LATAM,Apparel,14,0.05,324.64,2,Wednesday,12,1
Standard Class,High,Home Office,USCA,Furniture,8,0.3,931.29,7,Sunday,7,0
Second Class,Low,Home Office,Europe,Furniture,4,0.26,995.8,5,Saturday,2,0
Standard Class,Low,Corporate,Europe,Electronics,1,0.1,397.14,5,Thursday,3,0
Second Class,Low,Consumer,Europe,Grocery,10,0.37,127.99,6,Monday,8,0
Second Class,Medium,Consumer,Africa,Office Supplies,13,0.33,1022.0,6,Friday,6,1
Standard Class,Medium,Home Office,LATAM,Furniture,2,0.11,125.18,6,Wednesday,10,0
Second Class,Low,Home Office,Pacific Asia,Electronics,5,0.13,579.54,3,Saturday,12,0
First Class,Medium,Corporate,LATAM,Electronics,6,0.07,241.29,5,Wednesday,4,0
Standard Class,Medium,Consumer,Africa,Apparel,1,0.26,1113.68,6,Saturday,8,1
Standard Class,High,Corporate,Africa,Grocery,5,0.28,137.47,5,Saturday,1,1
Standard Class,Low,Consumer,LATAM,Grocery,15,0.16,149.11,3,Tuesday,12,1
Standard Class,Low,Consumer,Africa,Office Supplies,8,0.29,845.06,3,Wednesday,5,1
Same Day,Low,Consumer,USCA,Grocery,18,0.4,254.61,4,Wednesday,6,0
Standard Class,High,Home Office,Europe,Office Supplies,18,0.24,167.51,6,Thursday,9,0
Second Class,High,Consumer,Pacific Asia,Grocery,4,0.26,210.15,5,Thursday,12,0
Standard Class,Medium,Corporate,Africa,Apparel,7,0.15,719.12,2,Wednesday,3,1
Standard Class,Low,Consumer,Pacific Asia,Electronics,8,0.0,274.92,5,Tuesday,11,0
First Class,Low,Corporate,Europe,Grocery,13,0.38,458.91,5,Sunday,10,0
Second Class,Low,Corporate,LATAM,Grocery,4,0.31,1021.18,6,Wednesday,9,0
Standard Class,Medium,Home Office,Europe,Apparel,18,0.28,219.05,7,Friday,11,1
Standard Class,Low,Consumer,Pacific Asia,Furniture,13,0.01,993.27,1,Sunday,2,1
Standard Class,Low,Consumer,USCA,Office Supplies,14,0.3,932.73,1,Saturday,6,1
Standard Class,Medium,Corporate,LATAM,Furniture,9,0.27,999.1,4,Monday,12,0
Second Class,Low,Consumer,Africa,Electronics,12,0.23,422.95,2,Friday,6,1
Standard Class,Medium,Consumer,USCA,Furniture,9,0.25,572.11,1,Thursday,6,1
Standard Class,Low,Corporate,Europe,Electronics,1,0.37,851.34,6,Wednesday,11,0
Standard Class,High,Corporate,Pacific Asia,Office Supplies,9,0.0,54.54,6,Wednesday,8,0
Same Day,Medium,Consumer,Pacific Asia,Apparel,7,0.06,799.88,7,Wednesday,7,0
Same Day,High,Consumer,Pacific Asia,Electronics,1,0.36,152.91,2,Wednesday,11,0
Standard Class,Medium,Home Office,Europe,Office Supplies,2,0.0,352.81,3,Wednesday,4,0
First Class,High,Corporate,LATAM,Apparel,18,0.36,973.64,5,Saturday,2,0
Standard Class,High,Consumer,Africa,Furniture,8,0.01,766.11,4,Saturday,1,1
Standard Class,Medium,Consumer,USCA,Furniture,1,0.31,750.01,2,Sunday,10,1
First Class,High,Corporate,Europe,Electronics,3,0.36,280.03,6,Wednesday,10,0
Same Day,Low,Consumer,Pacific Asia,Grocery,1,0.25,804.77,1,Tuesday,12,0
Same Day,Low,Home Office,Africa,Grocery,3,0.26,166.72,5,Monday,4,0
Second Class,Low,Corporate,Pacific Asia,Apparel,8,0.02,1158.11,5,Wednesday,8,0
Standard Class,Medium,Consumer,Europe,Furniture,12,0.08,310.71,5,Thursday,10,0
First Class,Medium,Home Office,Pacific Asia,Office Supplies,7,0.36,993.83,6,Wednesday,6,0
Standard Class,High,Consumer,Europe,Apparel,1,0.33,1104.98,7,Saturday,12,0
Second Class,Low,Consumer,Pacific Asia,Electronics,3,0.02,214.43,4,Tuesday,9,0
Standard Class,Medium,Corporate,Europe,Electronics,12,0.33,21.6,7,Sunday,7,0
Second Class,Low,Corporate,Pacific Asia,Apparel,8,0.17,1050.41,3,Saturday,9,0
Standard Class,Medium,Consumer,Africa,Office Supplies,9,0.22,919.14,5,Tuesday,2,1
Standard Class,Low,Consumer,Africa,Furniture,15,0.04,193.58,5,Friday,1,1
Same Day,High,Consumer,Pacific Asia,Furniture,11,0.16,998.15,5,Monday,6,0
Standard Class,Low,Consumer,Pacific Asia,Office Supplies,6,0.17,974.46,3,Wednesday,3,0
Standard Class,Low,Corporate,Europe,Furniture,5,0.27,558.92,1,Wednesday,3,1
Standard Class,High,Corporate,Europe,Grocery,5,0.26,1136.72,6,Saturday,8,0
Standard Class,Medium,Consumer,Europe,Grocery,16,0.22,702.71,7,Saturday,9,0
Standard Class,Low,Consumer,LATAM,Office Supplies,15,0.01,537.03,2,Monday,3,1
Standard Class,Medium,Consumer,Pacific Asia,Grocery,11,0.06,25.75,5,Sunday,9,0
First Class,Low,Consumer,Pacific Asia,Apparel,17,0.06,1143.81,5,Sunday,6,0
Standard Class,Critical,Consumer,Pacific Asia,Furniture,19,0.36,162.76,1,Tuesday,10,1
Same Day,Medium,Consumer,Pacific Asia,Apparel,17,0.36,362.46,3,Saturday,3,0
Second Class,Low,Consumer,Europe,Office Supplies,15,0.32,878.03,6,Thursday,4,0
Standard Class,Medium,Corporate,Europe,Grocery,13,0.07,16.36,6,Sunday,7,0
Second Class,Low,Corporate,LATAM,Apparel,18,0.34,655.68,7,Wednesday,10,0
Standard Class,High,Consumer,Europe,Apparel,16,0.08,199.1,3,Tuesday,3,0
First Class,High,Home Office,Pacific Asia,Electronics,1,0.22,36.82,2,Tuesday,8,0
Standard Class,High,Home Office,Pacific Asia,Apparel,13,0.29,773.58,7,Monday,9,1
Standard Class,Low,Home Office,USCA,Grocery,4,0.02,727.54,3,Friday,3,0
First Class,Low,Home Office,Europe,Furniture,12,0.24,883.81,3,Sunday,8,0
Same Day,Low,Corporate,USCA,Furniture,15,0.1,745.68,1,Friday,5,0
First Class,Medium,Corporate,Pacific Asia,Furniture,12,0.2,535.96,1,Saturday,11,0
Standard Class,Medium,Consumer,Europe,Grocery,19,0.15,579.56,1,Sunday,6,1
First Class,Medium,Corporate,Pacific Asia,Furniture,19,0.27,271.95,2,Saturday,9,1
Standard Class,High,Corporate,USCA,Furniture,15,0.2,109.63,3,Thursday,2,0
Standard Class,Low,Corporate,USCA,Office Supplies,5,0.12,1034.41,1,Monday,2,1
Standard Class,Low,Corporate,Africa,Office Supplies,11,0.36,832.66,4,Thursday,12,1
Second Class,Low,Consumer,Africa,Electronics,18,0.38,156.27,6,Friday,9,0
Standard Class,Low,Corporate,Europe,Electronics,10,0.32,324.44,5,Tuesday,6,0
Standard Class,Low,Consumer,Europe,Apparel,13,0.23,1037.24,4,Monday,3,0
First Class,Medium,Corporate,Europe,Apparel,19,0.35,1152.2,2,Friday,4,1
Standard Class,Low,Home Office,Europe,Apparel,15,0.24,951.46,3,Thursday,4,1
Standard Class,Low,Home Office,Europe,Electronics,18,0.06,688.25,3,Friday,12,1
Standard Class,High,Corporate,Europe,Furniture,8,0.01,1044.29,7,Saturday,7,0
Same Day,Low,Consumer,Europe,Apparel,3,0.29,755.9,5,Monday,2,0
Standard Class,Medium,Home Office,USCA,Furniture,11,0.3,842.3,2,Sunday,8,1
Standard Class,Low,Consumer,USCA,Furniture,5,0.37,994.07,7,Monday,10,0
First Class,Medium,Home Office,USCA,Electronics,12,0.33,431.24,6,Monday,4,0
First Class,High,Consumer,Pacific Asia,Office Supplies,1,0.26,943.6,2,Saturday,4,0
Standard Class,Low,Consumer,LATAM,Office Supplies,6,0.08,256.27,4,Friday,8,0
Second Class,Medium,Corporate,Pacific Asia,Grocery,6,0.24,241.16,2,Tuesday,6,0
First Class,High,Corporate,Europe,Office Supplies,12,0.17,975.49,3,Saturday,1,0
Second Class,Medium,Consumer,LATAM,Apparel,15,0.09,680.92,3,Sunday,1,0
Standard Class,Low,Corporate,USCA,Electronics,4,0.32,502.54,7,Monday,5,0
First Class,Low,Corporate,USCA,Furniture,18,0.06,632.91,3,Friday,2,0
Standard Class,Medium,Consumer,Africa,Electronics,12,0.25,1173.72,3,Tuesday,2,1
Standard Class,High,Corporate,Europe,Grocery,7,0.24,1074.07,4,Sunday,12,0
Standard Class,Low,Consumer,Europe,Grocery,5,0.12,614.02,3,Monday,5,0
Standard Class,Low,Corporate,Africa,Grocery,3,0.17,661.16,3,Monday,8,1
Standard Class,Low,Consumer,Pacific Asia,Furniture,5,0.05,740.94,7,Thursday,10,0
First Class,Low,Corporate,Africa,Grocery,17,0.01,951.08,5,Tuesday,10,0
Standard Class,Low,Consumer,Europe,Grocery,6,0.01,1049.83,4,Wednesday,12,0
Standard Class,Low,Consumer,USCA,Grocery,2,0.07,184.37,4,Wednesday,6,0
Standard Class,Low,Corporate,Africa,Furniture,19,0.35,757.54,2,Monday,11,1
Standard Class,Low,Corporate,LATAM,Grocery,15,0.21,280.36,2,Tuesday,3,1
Same Day,High,Home Office,USCA,Apparel,3,0.05,749.92,1,Saturday,10,0
Standard Class,Low,Home Office,Pacific Asia,Electronics,1,0.36,213.86,3,Sunday,1,0
Standard Class,Low,Corporate,USCA,Grocery,19,0.23,971.48,3,Thursday,6,0
Standard Class,Low,Consumer,Pacific Asia,Grocery,7,0.01,796.51,5,Wednesday,7,0
Standard Class,High,Consumer,USCA,Electronics,10,0.31,1040.54,6,Saturday,9,0
Standard Class,High,Consumer,Europe,Grocery,9,0.19,1133.88,4,Monday,5,0
Second Class,High,Consumer,Pacific Asia,Grocery,16,0.21,1121.37,4,Sunday,1,0
Same Day,Low,Home Office,Pacific Asia,Apparel,15,0.25,182.74,5,Wednesday,7,0
Standard Class,High,Consumer,Africa,Office Supplies,13,0.04,458.42,7,Saturday,12,1
Second Class,Medium,Consumer,USCA,Furniture,8,0.38,584.88,4,Wednesday,4,0
Second Class,Low,Consumer,Pacific Asia,Furniture,11,0.1,948.85,6,Friday,12,0
First Class,Medium,Consumer,Pacific Asia,Electronics,1,0.25,27.63,5,Thursday,1,0
Standard Class,High,Consumer,USCA,Apparel,8,0.34,1111.28,6,Tuesday,5,0
Standard Class,High,Corporate,USCA,Furniture,12,0.13,494.6,3,Monday,2,0
Standard Class,High,Consumer,LATAM,Electronics,19,0.25,761.02,3,Thursday,5,0
Second Class,High,Corporate,Africa,Electronics,6,0.4,1176.93,7,Tuesday,12,0
First Class,Low,Corporate,Pacific Asia,Electronics,16,0.34,1060.36,5,Wednesday,3,0
Standard Class,Medium,Corporate,USCA,Furniture,14,0.31,440.99,3,Tuesday,5,1
Standard Class,Low,Corporate,Pacific Asia,Office Supplies,7,0.18,586.57,2,Sunday,4,1
Same Day,High,Corporate,LATAM,Electronics,3,0.18,926.23,2,Thursday,6,0
First Class,Low,Consumer,LATAM,Grocery,10,0.19,894.83,1,Tuesday,1,0
Same Day,High,Consumer,Pacific Asia,Office Supplies,1,0.28,848.71,5,Sunday,12,0
First Class,Low,Home Office,Africa,Office Supplies,6,0.06,22.72,4,Sunday,9,0
Standard Class,Low,Consumer,Europe,Grocery,5,0.34,246.83,4,Thursday,2,0
Second Class,Low,Consumer,Pacific Asia,Furniture,15,0.01,273.8,1,Friday,2,0
Second Class,Low,Consumer,LATAM,Furniture,18,0.07,308.23,2,Wednesday,4,0
Standard Class,High,Corporate,Africa,Apparel,4,0.19,124.46,5,Friday,1,1
Standard Class,Low,Consumer,USCA,Furniture,5,0.1,969.86,1,Monday,10,1
Second Class,Medium,Corporate,Africa,Apparel,10,0.15,416.14,2,Saturday,6,0
Standard Class,Low,Corporate,Africa,Electronics,4,0.13,932.95,5,Wednesday,9,1
First Class,Low,Consumer,Pacific Asia,Furniture,10,0.11,1118.51,3,Wednesday,9,0
Second Class,Low,Consumer,Africa,Furniture,4,0.15,382.5,2,Friday,3,0
Same Day,Low,Corporate,USCA,Grocery,12,0.2,549.99,5,Saturday,6,0
Standard Class,High,Consumer,Pacific Asia,Electronics,9,0.19,114.14,2,Monday,1,1
Standard Class,Medium,Consumer,LATAM,Apparel,2,0.32,360.86,7,Monday,5,0
Second Class,Low,Consumer,USCA,Electronics,5,0.12,660.03,2,Saturday,12,0
Standard Class,Medium,Corporate,Pacific Asia,Office Supplies,16,0.11,224.42,7,Tuesday,11,1
Second Class,Low,Corporate,Pacific Asia,Grocery,19,0.2,649.03,1,Monday,8,0
First Class,Low,Consumer,Europe,Office Supplies,14,0.02,382.33,7,Tuesday,12,0
Standard Class,Medium,Corporate,USCA,Apparel,15,0.04,1188.16,7,Sunday,1,0
Standard Class,Low,Corporate,Africa,Furniture,19,0.32,457.1,3,Monday,6,1
Standard Class,Medium,Consumer,USCA,Furniture,18,0.2,56.48,7,Wednesday,7,1
Standard Class,Medium,Consumer,USCA,Furniture,11,0.03,572.82,6,Tuesday,10,0
Same Day,High,Home Office,Europe,Apparel,13,0.18,407.49,6,Friday,6,0
First Class,High,Corporate,Africa,Office Supplies,10,0.16,450.33,7,Saturday,4,0
Second Class,Low,Corporate,Europe,Apparel,7,0.1,450.93,5,Thursday,7,0
Second Class,Low,Consumer,Europe,Apparel,1,0.15,1058.59,2,Wednesday,6,0
Standard Class,Low,Corporate,Europe,Office Supplies,18,0.08,602.93,4,Tuesday,9,0
Same Day,Low,Corporate,USCA,Furniture,4,0.18,310.88,7,Sunday,10,0
Second Class,High,Consumer,Europe,Grocery,16,0.16,953.08,3,Monday,1,0
Second Class,High,Home Office,LATAM,Apparel,18,0.24,537.7,2,Thursday,12,0
First Class,Medium,Consumer,Africa,Apparel,19,0.38,182.97,4,Thursday,7,0
Standard Class,Medium,Consumer,Africa,Office Supplies,15,0.07,1198.21,1,Monday,10,1
First Class,Low,Consumer,Europe,Grocery,10,0.17,42.56,7,Monday,6,0
Standard Class,Medium,Corporate,USCA,Apparel,7,0.22,853.99,5,Monday,3,0
Standard Class,High,Corporate,Pacific Asia,Electronics,1,0.22,1018.59,3,Saturday,7,0
Standard Class,Medium,Corporate,Pacific Asia,Grocery,1,0.26,431.04,3,Saturday,12,0
Same Day,Low,Home Office,USCA,Apparel,1,0.11,197.24,5,Wednesday,1,0
First Class,Medium,Consumer,Europe,Grocery,19,0.25,529.5,2,Thursday,2,0
Second Class,Low,Corporate,Europe,Electronics,7,0.08,584.15,5,Friday,3,0
Second Class,Medium,Corporate,LATAM,Electronics,15,0.05,1199.65,5,Sunday,5,0
Second Class,Medium,Home Office,Pacific Asia,Grocery,13,0.33,33.16,3,Friday,8,0
Same Day,Low,Consumer,Pacific Asia,Furniture,9,0.19,790.5,2,Sunday,9,0
Standard Class,Medium,Home Office,Africa,Grocery,14,0.16,967.29,5,Wednesday,4,1
Standard Class,High,Consumer,Europe,Office Supplies,6,0.37,745.31,6,Wednesday,7,0
Standard Class,Low,Corporate,USCA,Furniture,7,0.28,759.62,6,Wednesday,4,0
First Class,High,Corporate,Europe,Electronics,14,0.27,1051.62,2,Wednesday,5,1
Second Class,Medium,Home Office,Europe,Furniture,11,0.08,682.55,1,Thursday,6,0
Standard Class,Medium,Consumer,LATAM,Electronics,3,0.08,1059.09,7,Saturday,11,0
Standard Class,High,Consumer,USCA,Electronics,11,0.19,260.12,6,Wednesday,4,0
First Class,Medium,Consumer,LATAM,Electronics,8,0.26,624.19,3,Tuesday,9,0
Standard Class,High,Corporate,LATAM,Office Supplies,6,0.16,49.98,3,Friday,12,0
Second Class,Low,Corporate,LATAM,Office Supplies,3,0.03,966.15,1,Monday,12,0
Same Day,Low,Home Office,LATAM,Apparel,12,0.27,934.97,5,Friday,10,0
Standard Class,Medium,Consumer,Europe,Office Supplies,18,0.31,651.46,1,Sunday,4,1
Standard Class,High,Consumer,Africa,Electronics,11,0.38,481.03,1,Tuesday,10,1
Second Class,High,Consumer,Europe,Grocery,7,0.16,450.43,3,Monday,10,0
First Class,Medium,Consumer,LATAM,Furniture,10,0.1,249.32,4,Friday,10,0
Standard Class,Medium,Corporate,LATAM,Grocery,16,0.37,519.19,3,Friday,3,1
Same Day,Low,Home Office,Africa,Electronics,16,0.29,371.65,1,Sunday,8,1
Standard Class,Critical,Home Office,Pacific Asia,Grocery,15,0.03,697.43,3,Sunday,5,1
Standard Class,Low,Consumer,USCA,Furniture,13,0.23,945.92,4,Saturday,3,0
Second Class,Medium,Consumer,LATAM,Apparel,4,0.01,836.02,1,Tuesday,7,0
First Class,Medium,Consumer,LATAM,Apparel,4,0.09,621.61,7,Tuesday,1,0
Standard Class,Medium,Corporate,Europe,Office Supplies,6,0.03,1138.84,3,Monday,10,0
First Class,Low,Home Office,LATAM,Grocery,18,0.08,244.82,5,Monday,2,0
Second Class,Critical,Consumer,LATAM,Office Supplies,1,0.2,771.57,1,Sunday,9,1
Standard Class,Medium,Consumer,USCA,Office Supplies,10,0.12,114.77,7,Monday,7,0
Standard Class,High,Corporate,Europe,Grocery,3,0.04,810.89,4,Monday,1,0
First Class,Low,Corporate,Pacific Asia,Grocery,14,0.19,873.15,3,Sunday,10,0
Standard Class,Medium,Consumer,LATAM,Furniture,11,0.28,941.31,1,Friday,2,1
Standard Class,Medium,Home Office,LATAM,Grocery,5,0.02,799.87,3,Thursday,7,0
Standard Class,Medium,Consumer,Pacific Asia,Grocery,2,0.35,155.92,6,Tuesday,12,0
First Class,High,Home Office,Africa,Office Supplies,9,0.26,62.71,2,Tuesday,8,1
Second Class,Low,Consumer,Pacific Asia,Apparel,17,0.21,859.97,6,Thursday,5,0
First Class,Low,Consumer,Pacific Asia,Electronics,19,0.16,959.9,1,Thursday,5,1
Standard Class,Medium,Consumer,Europe,Apparel,17,0.16,48.84,1,Wednesday,5,1
Second Class,Low,Consumer,Pacific Asia,Grocery,10,0.13,188.42,2,Sunday,6,0
Second Class,Critical,Corporate,Europe,Electronics,17,0.05,950.44,7,Friday,6,0
First Class,Low,Corporate,Pacific Asia,Grocery,11,0.03,1161.72,3,Sunday,5,0
Same Day,Medium,Consumer,LATAM,Furniture,7,0.12,629.44,5,Wednesday,9,0
Standard Class,Low,Corporate,LATAM,Grocery,1,0.27,192.44,5,Wednesday,12,0
Second Class,Medium,Consumer,Africa,Electronics,16,0.12,392.3,5,Saturday,3,0
Standard Class,Low,Consumer,Pacific Asia,Furniture,3,0.32,939.89,6,Tuesday,8,0
Standard Class,Low,Home Office,USCA,Electronics,15,0.15,656.44,2,Thursday,8,1
Standard Class,Low,Home Office,Pacific Asia,Furniture,4,0.25,78.78,6,Tuesday,3,0
Standard Class,Low,Consumer,USCA,Office Supplies,4,0.17,377.02,4,Wednesday,6,0
Standard Class,Critical,Consumer,Pacific Asia,Electronics,5,0.2,905.82,1,Wednesday,6,1
Second Class,Low,Corporate,Europe,Office Supplies,15,0.1,397.68,6,Saturday,12,0
Standard Class,Medium,Consumer,LATAM,Office Supplies,11,0.21,524.47,4,Tuesday,5,0
Second Class,Critical,Corporate,USCA,Grocery,19,0.04,1087.01,7,Monday,3,0
Standard Class,High,Corporate,USCA,Apparel,8,0.15,1181.73,6,Wednesday,8,0
Standard Class,Critical,Consumer,Pacific Asia,Furniture,11,0.18,911.07,1,Thursday,12,1
First Class,Critical,Consumer,LATAM,Electronics,11,0.28,295.75,6,Friday,12,0
Standard Class,Medium,Corporate,Africa,Office Supplies,9,0.16,299.34,6,Wednesday,6,1
Standard Class,Medium,Consumer,USCA,Grocery,14,0.27,372.08,7,Sunday,12,1
Second Class,Low,Consumer,LATAM,Electronics,14,0.07,201.06,4,Sunday,9,0
Standard Class,Medium,Corporate,LATAM,Grocery,13,0.01,222.81,4,Saturday,9,0
Standard Class,High,Corporate,USCA,Electronics,1,0.2,314.63,2,Friday,4,1
Standard Class,Medium,Consumer,Europe,Grocery,9,0.19,795.26,2,Friday,9,1
Same Day,Medium,Home Office,Europe,Grocery,8,0.27,738.84,4,Saturday,7,0
Second Class,Medium,Corporate,Pacific Asia,Apparel,18,0.13,415.67,1,Friday,8,0
Second Class,Low,Consumer,Pacific Asia,Office Supplies,3,0.01,244.03,7,Wednesday,2,0
Second Class,High,Consumer,LATAM,Furniture,3,0.29,752.59,3,Friday,5,0
Standard Class,Medium,Corporate,USCA,Furniture,2,0.38,165.74,4,Wednesday,10,1
Standard Class,Low,Consumer,Europe,Electronics,4,0.16,184.03,2,Thursday,9,1
First Class,High,Consumer,LATAM,Electronics,9,0.24,466.21,7,Thursday,3,0
Standard Class,Medium,Corporate,Europe,Apparel,15,0.22,685.17,1,Monday,5,1
Standard Class,High,Corporate,USCA,Electronics,18,0.23,876.66,3,Tuesday,1,0
Standard Class,Medium,Corporate,Europe,Furniture,17,0.35,827.51,4,Monday,4,1
Standard Class,Low,Corporate,Africa,Office Supplies,11,0.29,460.36,6,Friday,10,1
Same Day,High,Consumer,Pacific Asia,Apparel,1,0.31,789.04,6,Friday,1,0
Standard Class,Medium,Consumer,Europe,Electronics,6,0.04,261.5,2,Saturday,7,1
Standard Class,Low,Corporate,USCA,Apparel,14,0.06,597.56,5,Thursday,1,0
Standard Class,Low,Corporate,USCA,Apparel,5,0.27,742.18,1,Sunday,6,1
Same Day,High,Corporate,Africa,Apparel,3,0.22,895.84,3,Monday,4,0
Standard Class,Low,Consumer,USCA,Electronics,19,0.31,104.71,2,Sunday,5,1
Standard Class,High,Home Office,Africa,Grocery,1,0.04,130.36,5,Thursday,10,1
Second Class,Low,Consumer,LATAM,Electronics,4,0.23,97.88,4,Friday,7,0
Second Class,Medium,Consumer,Europe,Electronics,16,0.19,660.3,1,Saturday,3,0
Standard Class,High,Consumer,USCA,Electronics,6,0.34,688.37,3,Saturday,1,0
Standard Class,Low,Consumer,Pacific Asia,Electronics,5,0.07,23.11,2,Tuesday,1,1
Standard Class,Medium,Corporate,Europe,Electronics,7,0.14,791.47,7,Saturday,11,0
Standard Class,High,Consumer,Africa,Apparel,10,0.06,918.36,6,Saturday,9,1
Standard Class,High,Consumer,Europe,Apparel,1,0.18,148.77,4,Thursday,7,0
Standard Class,Medium,Consumer,Europe,Electronics,19,0.35,411.42,2,Wednesday,3,1
Standard Class,Medium,Corporate,USCA,Office Supplies,14,0.27,1021.47,7,Monday,3,1
Standard Class,High,Home Office,Pacific Asia,Office Supplies,4,0.3,827.77,5,Saturday,10,0
Second Class,High,Corporate,LATAM,Grocery,15,0.04,372.53,6,Thursday,2,0
Same Day,High,Consumer,Pacific Asia,Office Supplies,6,0.18,893.27,4,Monday,2,0
Second Class,Low,Corporate,Africa,Furniture,10,0.34,1065.85,2,Thursday,3,1
Standard Class,Critical,Consumer,Pacific Asia,Furniture,15,0.33,378.09,1,Thursday,12,1
Standard Class,Medium,Consumer,Pacific Asia,Office Supplies,19,0.4,824.3,1,Sunday,9,1
Same Day,Low,Home Office,Africa,Electronics,8,0.21,121.17,3,Tuesday,12,0
Standard Class,Low,Consumer,Pacific Asia,Office Supplies,13,0.0,79.83,1,Wednesday,3,1
Standard Class,Low,Consumer,LATAM,Furniture,19,0.36,707.65,1,Thursday,1,1
Second Class,Low,Consumer,Europe,Office Supplies,16,0.38,595.98,3,Sunday,4,0
Second Class,Low,Consumer,LATAM,Apparel,18,0.37,974.01,7,Saturday,4,0
Second Class,Low,Consumer,Europe,Grocery,9,0.31,938.54,4,Friday,4,0
Standard Class,Medium,Consumer,Europe,Apparel,15,0.08,351.17,7,Friday,8,0
Standard Class,Low,Consumer,Pacific Asia,Apparel,8,0.06,619.59,6,Wednesday,1,0
Same Day,Low,Home Office,Europe,Grocery,17,0.28,909.37,2,Thursday,7,1
Standard Class,Low,Corporate,Africa,Electronics,4,0.06,332.43,4,Thursday,9,1
Second Class,Low,Home Office,LATAM,Grocery,9,0.38,440.73,2,Saturday,7,0
Second Class,Low,Corporate,Europe,Electronics,8,0.18,81.24,1,Saturday,2,0
Second Class,Medium,Corporate,Pacific Asia,Furniture,9,0.01,165.28,5,Saturday,3,0
Standard Class,Critical,Consumer,Pacific Asia,Office Supplies,4,0.06,736.16,3,Thursday,8,1
Standard Class,High,Consumer,Pacific Asia,Furniture,8,0.12,601.13,7,Sunday,5,0
Second Class,High,Corporate,USCA,Furniture,17,0.28,210.62,6,Wednesday,5,0
First Class,Low,Consumer,LATAM,Furniture,6,0.29,18.66,4,Thursday,9,0
Same Day,Low,Consumer,Pacific Asia,Office Supplies,10,0.09,211.15,2,Tuesday,11,0
Standard Class,Low,Consumer,Africa,Electronics,2,0.26,902.07,5,Monday,6,1
Standard Class,High,Corporate,Pacific Asia,Grocery,12,0.01,121.48,2,Tuesday,3,1
Same Day,Low,Home Office,USCA,Electronics,19,0.04,488.91,3,Saturday,9,0
Second Class,Medium,Consumer,LATAM,Electronics,5,0.21,294.16,4,Tuesday,4,0
First Class,Low,Corporate,Europe,Apparel,16,0.28,663.78,6,Friday,12,0
Standard Class,Low,Home Office,LATAM,Office Supplies,5,0.37,618.75,3,Sunday,1,0
Second Class,Critical,Consumer,Europe,Electronics,1,0.18,1179.71,6,Sunday,1,0
Second Class,High,Consumer,Europe,Electronics,10,0.05,929.73,4,Sunday,1,0
Second Class,High,Consumer,Pacific Asia,Furniture,2,0.37,1126.61,3,Sunday,1,0
Standard Class,Medium,Home Office,Africa,Apparel,16,0.17,697.77,4,Saturday,3,1
Standard Class,High,Consumer,Africa,Grocery,9,0.2,887.96,7,Tuesday,3,0
Second Class,Medium,Consumer,Pacific Asia,Apparel,7,0.34,1075.14,7,Friday,10,0
Standard Class,High,Consumer,USCA,Furniture,13,0.23,58.87,1,Tuesday,10,1
Standard Class,Low,Home Office,Europe,Furniture,4,0.12,1099.39,4,Monday,3,0
Same Day,Medium,Home Office,Africa,Furniture,7,0.22,262.01,1,Monday,10,1
Standard Class,Medium,Consumer,LATAM,Office Supplies,10,0.25,848.97,5,Monday,8,0
First Class,Low,Home Office,USCA,Furniture,12,0.36,930.28,7,Saturday,2,0
Standard Class,High,Consumer,Pacific Asia,Electronics,2,0.09,140.1,4,Sunday,10,0
Second Class,Critical,Consumer,USCA,Office Supplies,5,0.22,1144.19,2,Tuesday,9,1
Same Day,Medium,Home Office,Africa,Furniture,15,0.37,1112.61,4,Friday,6,0
Standard Class,Low,Corporate,Pacific Asia,Office Supplies,11,0.02,788.92,4,Saturday,5,0
Standard Class,Medium,Consumer,Africa,Electronics,2,0.08,194.84,5,Wednesday,12,1
Standard Class,High,Consumer,Europe,Furniture,15,0.14,683.6,2,Thursday,1,1
Standard Class,Medium,Corporate,USCA,Furniture,19,0.27,419.53,1,Saturday,2,1
Second Class,Low,Home Office,Europe,Electronics,5,0.34,1117.61,6,Sunday,8,0
Same Day,Medium,Home Office,LATAM,Furniture,16,0.08,493.92,4,Wednesday,2,0
Standard Class,Low,Corporate,Europe,Electronics,8,0.1,835.56,4,Monday,12,0
Standard Class,High,Home Office,USCA,Furniture,7,0.33,768.05,2,Tuesday,4,1
Standard Class,Low,Corporate,LATAM,Furniture,3,0.06,332.51,7,Tuesday,12,0
Second Class,Medium,Corporate,Africa,Apparel,8,0.1,647.24,5,Friday,10,0
Standard Class,High,Corporate,LATAM,Office Supplies,5,0.29,497.88,7,Sunday,7,0
Second Class,Low,Consumer,USCA,Grocery,14,0.07,455.81,7,Tuesday,12,0
Second Class,Low,Consumer,Pacific Asia,Apparel,2,0.33,1038.17,2,Wednesday,7,0
Second Class,Low,Consumer,LATAM,Apparel,10,0.2,176.31,6,Monday,10,0
Standard Class,Low,Corporate,Africa,Office Supplies,18,0.18,498.37,2,Saturday,2,1
Second Class,Low,Consumer,LATAM,Apparel,17,0.05,18.04,3,Monday,9,0
Standard Class,Critical,Consumer,Europe,Electronics,6,0.27,321.65,1,Wednesday,12,1
Standard Class,High,Consumer,Pacific Asia,Apparel,17,0.35,749.88,7,Monday,5,1
First Class,High,Consumer,USCA,Grocery,17,0.28,114.15,5,Sunday,10,0
Second Class,High,Corporate,Pacific Asia,Electronics,19,0.13,332.71,7,Monday,3,0
Standard Class,Low,Consumer,Europe,Office Supplies,16,0.28,1057.47,4,Friday,12,1
Standard Class,Low,Consumer,Pacific Asia,Office Supplies,2,0.2,833.28,7,Tuesday,5,0
Standard Class,Low,Corporate,Europe,Office Supplies,5,0.34,93.64,7,Sunday,2,0
Standard Class,High,Home Office,LATAM,Electronics,12,0.18,1190.93,7,Thursday,9,0
Standard Class,Medium,Consumer,USCA,Office Supplies,1,0.09,1134.72,5,Monday,10,0
Standard Class,Low,Consumer,Europe,Office Supplies,5,0.04,178.61,6,Tuesday,12,0
Standard Class,Low,Home Office,Europe,Grocery,8,0.11,1107.02,7,Friday,3,0
Second Class,Medium,Consumer,LATAM,Furniture,10,0.23,664.43,6,Friday,8,0
Second Class,Medium,Home Office,Europe,Furniture,3,0.07,1115.96,5,Sunday,1,0
Second Class,High,Consumer,USCA,Furniture,6,0.02,1161.98,6,Friday,6,0
Standard Class,Low,Consumer,Africa,Office Supplies,13,0.18,835.34,2,Wednesday,7,1
Same Day,High,Consumer,Pacific Asia,Electronics,8,0.14,356.64,4,Wednesday,8,0
First Class,Medium,Consumer,Europe,Office Supplies,18,0.17,1110.34,4,Wednesday,4,0
First Class,Medium,Home Office,Pacific Asia,Furniture,5,0.18,692.44,7,Saturday,3,0
First Class,High,Home Office,Pacific Asia,Grocery,6,0.31,416.43,3,Monday,12,0
Same Day,High,Home Office,Africa,Office Supplies,2,0.38,557.45,4,Thursday,6,0
Standard Class,Low,Home Office,Europe,Office Supplies,7,0.1,493.38,3,Saturday,1,0
Standard Class,Low,Home Office,USCA,Office Supplies,16,0.38,1123.0,6,Saturday,6,1
Second Class,Medium,Corporate,Europe,Electronics,10,0.09,985.6,6,Friday,10,0
Second Class,Medium,Home Office,Pacific Asia,Grocery,10,0.3,47.34,7,Wednesday,1,0
Second Class,Medium,Consumer,LATAM,Grocery,2,0.27,21.73,2,Thursday,7,0
Standard Class,High,Consumer,Africa,Grocery,8,0.02,92.56,1,Wednesday,1,1
Standard Class,Low,Corporate,USCA,Grocery,2,0.29,736.36,7,Saturday,12,0
Standard Class,Medium,Home Office,USCA,Furniture,2,0.36,979.23,6,Sunday,2,0
Same Day,Low,Corporate,Pacific Asia,Office Supplies,13,0.37,622.79,5,Tuesday,2,0
Second Class,High,Home Office,USCA,Grocery,4,0.27,646.32,5,Thursday,5,0
Standard Class,Critical,Consumer,Pacific Asia,Apparel,7,0.31,296.1,4,Saturday,7,1
Standard Class,Medium,Corporate,USCA,Apparel,14,0.03,556.56,4,Friday,7,1
Standard Class,Low,Home Office,USCA,Furniture,5,0.06,315.65,5,Wednesday,4,0
First Class,High,Consumer,Pacific Asia,Apparel,1,0.1,336.08,1,Thursday,3,0
Second Class,Medium,Home Office,Africa,Apparel,1,0.21,475.48,1,Sunday,2,1
First Class,Low,Corporate,USCA,Apparel,19,0.15,66.58,7,Thursday,9,0
Standard Class,High,Corporate,Europe,Furniture,6,0.26,1146.4,1,Monday,12,1
Second Class,Critical,Home Office,LATAM,Office Supplies,16,0.18,1097.97,4,Saturday,12,0
Standard Class,Medium,Consumer,Pacific Asia,Furniture,12,0.31,957.56,6,Saturday,3,0
Second Class,Medium,Consumer,USCA,Electronics,1,0.29,686.53,4,Friday,6,0
Standard Class,Low,Corporate,Africa,Electronics,12,0.3,977.5,6,Sunday,9,1
Standard Class,Medium,Consumer,Europe,Apparel,18,0.33,1169.22,1,Friday,3,1
Second Class,Medium,Consumer,Pacific Asia,Apparel,2,0.33,347.46,5,Monday,12,0
Same Day,Low,Consumer,Europe,Office Supplies,18,0.31,443.49,3,Monday,7,0
Standard Class,Low,Home Office,LATAM,Apparel,10,0.03,877.56,5,Thursday,5,0
First Class,Low,Consumer,Africa,Electronics,10,0.25,775.01,6,Thursday,4,0
Standard Class,Low,Consumer,Pacific Asia,Apparel,6,0.01,991.53,3,Saturday,1,0
Standard Class,Medium,Home Office,Pacific Asia,Office Supplies,2,0.3,422.91,6,Friday,10,0
Standard Class,Medium,Home Office,USCA,Electronics,16,0.02,379.56,1,Tuesday,2,1
Standard Class,Medium,Corporate,Europe,Apparel,5,0.39,706.65,4,Sunday,9,0
Standard Class,Low,Corporate,Pacific Asia,Office Supplies,6,0.25,183.57,1,Monday,12,1
Standard Class,Medium,Consumer,Europe,Office Supplies,1,0.07,57.09,2,Monday,10,1
Standard Class,High,Consumer,LATAM,Electronics,4,0.19,300.52,7,Saturday,11,0
Same Day,Medium,Consumer,USCA,Electronics,17,0.33,198.41,7,Wednesday,6,0
Standard Class,Critical,Corporate,LATAM,Electronics,13,0.07,17.94,7,Thursday,10,1
First Class,Medium,Consumer,USCA,Office Supplies,12,0.21,935.83,4,Sunday,7,0
Standard Class,Medium,Corporate,USCA,Electronics,13,0.0,656.42,3,Thursday,4,0
Second Class,Low,Consumer,Europe,Electronics,19,0.32,806.05,7,Monday,7,0
Standard Class,Medium,Consumer,USCA,Office Supplies,16,0.08,204.03,4,Friday,10,0
Standard Class,High,Corporate,LATAM,Office Supplies,11,0.15,315.46,7,Sunday,1,0
Standard Class,High,Home Office,LATAM,Electronics,18,0.21,81.53,1,Wednesday,6,1
Standard Class,Critical,Consumer,LATAM,Electronics,18,0.06,1196.99,3,Saturday,9,1
Standard Class,Low,Consumer,Europe,Electronics,1,0.37,132.67,2,Saturday,8,1
Second Class,Medium,Consumer,Europe,Office Supplies,4,0.19,117.53,5,Tuesday,3,0
First Class,Medium,Consumer,Africa,Grocery,9,0.09,740.86,2,Wednesday,6,1
First Class,Medium,Corporate,Pacific Asia,Furniture,3,0.29,404.94,7,Friday,1,0
Second Class,Low,Consumer,Africa,Apparel,8,0.36,1066.22,7,Sunday,1,0
Standard Class,High,Consumer,Africa,Furniture,9,0.37,999.51,5,Wednesday,2,1
Standard Class,High,Home Office,USCA,Office Supplies,18,0.17,1043.1,7,Wednesday,1,0
Standard Class,Medium,Corporate,USCA,Grocery,5,0.14,884.81,4,Monday,4,0
Standard Class,Low,Consumer,Africa,Office Supplies,5,0.37,166.83,1,Sunday,5,1
Standard Class,Low,Consumer,Pacific Asia,Electronics,5,0.02,85.7,1,Wednesday,6,1
Standard Class,Medium,Consumer,Africa,Apparel,16,0.3,86.91,7,Wednesday,11,1
Standard Class,Low,Consumer,Europe,Furniture,5,0.07,964.12,5,Monday,11,0
Standard Class,High,Corporate,LATAM,Office Supplies,5,0.19,791.97,1,Tuesday,6,1
First Class,Medium,Corporate,Africa,Grocery,12,0.38,1177.37,4,Thursday,11,0
First Class,Medium,Consumer,USCA,Electronics,7,0.23,775.77,2,Sunday,4,0
Standard Class,Medium,Corporate,Pacific Asia,Grocery,3,0.21,306.62,4,Wednesday,2,0
Same Day,Low,Consumer,USCA,Apparel,8,0.02,116.52,4,Wednesday,11,0
Same Day,High,Consumer,Europe,Grocery,18,0.11,445.06,2,Saturday,3,0
Standard Class,Medium,Home Office,USCA,Grocery,5,0.0,247.64,7,Friday,3,0
Standard Class,Critical,Consumer,USCA,Electronics,6,0.35,757.79,6,Thursday,6,1
Standard Class,Medium,Consumer,Pacific Asia,Grocery,6,0.26,124.2,3,Monday,5,0
Same Day,Medium,Home Office,Pacific Asia,Electronics,6,0.05,929.29,3,Thursday,3,0
First Class,Low,Consumer,USCA,Apparel,11,0.15,838.9,5,Saturday,7,0
Standard Class,Medium,Consumer,USCA,Office Supplies,13,0.32,886.27,5,Tuesday,12,1
Standard Class,High,Corporate,Africa,Electronics,14,0.06,1158.92,3,Monday,10,1
Second Class,High,Corporate,Europe,Office Supplies,17,0.09,784.17,6,Friday,11,0
Standard Class,High,Home Office,Africa,Furniture,1,0.22,948.38,3,Monday,1,1
Standard Class,Low,Consumer,Pacific Asia,Grocery,10,0.06,111.51,4,Wednesday,5,0
First Class,Critical,Consumer,Africa,Office Supplies,2,0.15,1132.28,7,Thursday,6,0
Second Class,Critical,Consumer,Africa,Grocery,13,0.39,270.1,1,Wednesday,5,1
First Class,Low,Corporate,USCA,Electronics,17,0.22,596.73,5,Monday,1,0
First Class,High,Consumer,USCA,Grocery,19,0.28,1148.94,1,Tuesday,7,1
Second Class,Low,Corporate,Europe,Apparel,3,0.27,223.44,2,Saturday,2,0
Standard Class,Medium,Consumer,LATAM,Office Supplies,4,0.08,52.25,3,Wednesday,2,0
Second Class,Low,Consumer,LATAM,Grocery,6,0.34,363.51,4,Tuesday,5,0
Standard Class,Critical,Consumer,Africa,Office Supplies,13,0.05,196.09,2,Monday,10,1
Second Class,Low,Home Office,Europe,Office Supplies,14,0.37,804.96,5,Monday,12,0
Standard Class,Medium,Home Office,Europe,Apparel,9,0.09,341.27,4,Monday,5,0
Second Class,Medium,Home Office,Pacific Asia,Electronics,15,0.38,84.78,2,Tuesday,3,1
Standard Class,Low,Consumer,USCA,Grocery,6,0.32,1072.7,2,Tuesday,12,1
Standard Class,Medium,Consumer,Pacific Asia,Furniture,11,0.07,68.88,1,Saturday,2,1
Standard Class,Low,Consumer,LATAM,Office Supplies,7,0.06,332.81,3,Friday,4,0
Standard Class,Medium,Corporate,Europe,Electronics,18,0.03,295.95,6,Friday,5,1
Second Class,Critical,Consumer,LATAM,Furniture,17,0.1,37.97,4,Tuesday,1,0
Second Class,High,Consumer,USCA,Office Supplies,14,0.26,206.63,4,Saturday,5,0
Standard Class,High,Consumer,USCA,Furniture,8,0.21,979.67,6,Sunday,6,0
Standard Class,Low,Consumer,USCA,Grocery,8,0.25,54.66,4,Friday,3,0
Standard Class,Low,Consumer,LATAM,Grocery,7,0.01,37.64,7,Wednesday,3,0
Standard Class,Medium,Consumer,Europe,Office Supplies,9,0.03,764.49,2,Monday,2,1
Standard Class,Low,Consumer,Pacific Asia,Office Supplies,12,0.28,115.82,6,Wednesday,2,0
First Class,High,Consumer,Europe,Grocery,3,0.34,452.18,3,Thursday,2,0
Standard Class,Low,Corporate,Europe,Electronics,1,0.14,12.55,4,Tuesday,4,0
Standard Class,High,Corporate,Africa,Furniture,15,0.07,441.23,7,Friday,3,1
Standard Class,Low,Consumer,Europe,Office Supplies,9,0.12,388.47,2,Friday,11,1
Standard Class,High,Corporate,Pacific Asia,Office Supplies,17,0.16,739.11,7,Monday,1,0
Standard Class,Low,Consumer,Africa,Apparel,12,0.25,603.92,3,Thursday,7,1
Second Class,Low,Consumer,Europe,Furniture,17,0.16,817.44,2,Wednesday,12,0
Standard Class,Medium,Corporate,Africa,Grocery,13,0.36,1123.67,4,Wednesday,10,1
Standard Class,Low,Home Office,Europe,Office Supplies,13,0.16,956.26,1,Saturday,12,1
Standard Class,Medium,Corporate,USCA,Office Supplies,15,0.07,1120.93,6,Wednesday,10,1
Standard Class,Medium,Consumer,USCA,Grocery,18,0.1,74.53,6,Monday,4,1
Standard Class,Low,Corporate,Europe,Furniture,15,0.19,1188.5,7,Sunday,10,0
Same Day,High,Consumer,Africa,Electronics,18,0.31,393.25,4,Saturday,8,0
Second Class,Medium,Consumer,Pacific Asia,Grocery,5,0.35,339.29,5,Monday,6,0
Second Class,Medium,Consumer,USCA,Electronics,7,0.07,490.19,5,Friday,3,0
Standard Class,Medium,Corporate,Africa,Office Supplies,6,0.0,942.13,1,Monday,3,1
Standard Class,Medium,Consumer,Pacific Asia,Electronics,5,0.35,1145.6,7,Wednesday,3,0
Standard Class,Low,Corporate,Africa,Electronics,19,0.09,669.54,4,Saturday,10,1
Second Class,Low,Corporate,Europe,Grocery,9,0.33,193.72,4,Sunday,5,0
Second Class,Medium,Consumer,USCA,Office Supplies,11,0.22,264.72,3,Thursday,12,0
Standard Class,Medium,Home Office,USCA,Furniture,3,0.16,492.39,5,Sunday,11,0
Standard Class,Low,Corporate,USCA,Apparel,7,0.06,445.25,1,Thursday,12,1
Standard Class,Medium,Consumer,Europe,Electronics,3,0.27,293.54,7,Sunday,9,0
First Class,Medium,Consumer,Pacific Asia,Office Supplies,6,0.33,1021.77,3,Thursday,11,0
Second Class,Low,Corporate,Pacific Asia,Apparel,19,0.18,343.33,2,Thursday,9,0
Standard Class,Low,Consumer,USCA,Furniture,16,0.18,715.38,2,Friday,7,1
Standard Class,Medium,Home Office,Pacific Asia,Apparel,8,0.3,580.37,3,Saturday,5,0
Second Class,Low,Consumer,USCA,Furniture,19,0.2,1108.92,1,Friday,8,0
Standard Class,Low,Consumer,Pacific Asia,Apparel,19,0.31,758.42,3,Wednesday,6,1
Standard Class,Low,Home Office,USCA,Furniture,16,0.02,405.19,1,Tuesday,1,1
Standard Class,Critical,Home Office,Pacific Asia,Electronics,8,0.34,770.04,7,Thursday,4,1
Second Class,Medium,Consumer,Africa,Apparel,10,0.1,389.5,4,Tuesday,8,0
Standard Class,Low,Corporate,USCA,Furniture,9,0.07,118.13,2,Friday,6,1
Standard Class,Low,Consumer,USCA,Office Supplies,16,0.01,587.39,6,Tuesday,7,0
First Class,Medium,Corporate,LATAM,Grocery,14,0.33,1033.64,2,Tuesday,6,1
Standard Class,Medium,Home Office,USCA,Apparel,10,0.02,1091.93,3,Tuesday,9,0
Standard Class,High,Consumer,Pacific Asia,Apparel,4,0.38,657.05,7,Monday,9,0
Standard Class,High,Consumer,Africa,Apparel,10,0.23,842.43,5,Sunday,9,1
Standard Class,Medium,Consumer,Africa,Apparel,15,0.28,736.72,3,Friday,6,1
First Class,Low,Consumer,Pacific Asia,Grocery,19,0.29,974.88,4,Friday,10,0
Standard Class,High,Consumer,Europe,Apparel,11,0.12,132.84,3,Tuesday,3,0
Standard Class,Critical,Home Office,USCA,Electronics,14,0.32,487.63,6,Monday,2,1
Second Class,Medium,Consumer,Africa,Electronics,15,0.38,311.17,1,Friday,6,1
Second Class,Medium,Consumer,Pacific Asia,Office Supplies,4,0.15,17.83,6,Monday,8,0
Second Class,Low,Corporate,Africa,Grocery,17,0.33,997.6,4,Saturday,12,0
Standard Class,Low,Consumer,Africa,Office Supplies,1,0.31,169.68,7,Friday,11,1
Standard Class,Medium,Consumer,Pacific Asia,Electronics,19,0.24,394.82,6,Friday,3,0
Second Class,High,Consumer,LATAM,Apparel,5,0.15,1041.58,2,Thursday,1,0
Standard Class,Medium,Corporate,Africa,Apparel,18,0.17,868.37,1,Tuesday,10,1
First Class,High,Consumer,Africa,Furniture,17,0.12,685.58,3,Sunday,10,0
First Class,Low,Corporate,Europe,Grocery,10,0.17,379.22,5,Wednesday,1,0
First Class,Low,Consumer,LATAM,Furniture,9,0.4,623.23,6,Monday,4,0
Standard Class,Medium,Corporate,Europe,Grocery,4,0.15,76.92,5,Friday,12,0
Standard Class,Low,Corporate,Pacific Asia,Grocery,19,0.27,875.48,1,Thursday,8,1
First Class,Medium,Corporate,USCA,Apparel,3,0.13,292.41,3,Monday,7,0
Standard Class,Low,Consumer,Pacific Asia,Apparel,18,0.19,580.25,5,Monday,5,0
Standard Class,High,Consumer,LATAM,Office Supplies,3,0.03,122.42,6,Tuesday,2,0
First Class,High,Home Office,Pacific Asia,Electronics,8,0.31,855.84,1,Wednesday,9,0
First Class,Medium,Consumer,LATAM,Electronics,5,0.26,1076.04,6,Saturday,11,0
Standard Class,Low,Consumer,Europe,Apparel,1,0.14,552.56,5,Sunday,11,0
Standard Class,Medium,Corporate,Africa,Electronics,18,0.21,109.04,1,Saturday,5,1
Standard Class,Critical,Home Office,Pacific Asia,Grocery,14,0.35,1134.64,1,Wednesday,9,1
First Class,Medium,Consumer,Pacific Asia,Electronics,7,0.02,541.99,3,Tuesday,1,0
Same Day,Low,Corporate,Africa,Office Supplies,9,0.37,105.6,5,Thursday,9,0
Standard Class,Low,Corporate,Pacific Asia,Electronics,14,0.19,234.23,6,Friday,2,0
Standard Class,Low,Consumer,Pacific Asia,Electronics,16,0.34,152.62,6,Sunday,11,1
First Class,Low,Corporate,USCA,Office Supplies,16,0.34,245.06,7,Friday,4,0
Standard Class,High,Home Office,USCA,Office Supplies,6,0.02,195.39,1,Tuesday,2,1
Standard Class,High,Home Office,Africa,Apparel,7,0.31,1108.22,2,Sunday,8,1
Same Day,Low,Consumer,Europe,Office Supplies,1,0.29,258.8,1,Saturday,6,0
Standard Class,Low,Corporate,Pacific Asia,Apparel,11,0.02,535.94,7,Thursday,12,0
Second Class,Low,Consumer,Pacific Asia,Grocery,9,0.38,878.56,1,Monday,1,0
Standard Class,High,Consumer,Europe,Furniture,1,0.25,815.6,4,Monday,11,0
Standard Class,Medium,Corporate,Pacific Asia,Electronics,18,0.07,1148.19,1,Sunday,10,1
First Class,Medium,Consumer,Europe,Office Supplies,10,0.05,1159.58,6,Monday,8,0
Standard Class,Medium,Consumer,Africa,Electronics,13,0.22,689.13,3,Wednesday,5,1
Same Day,Medium,Consumer,Africa,Grocery,5,0.02,905.24,3,Tuesday,4,0
Second Class,Low,Consumer,Europe,Furniture,8,0.07,469.39,7,Monday,9,0
Standard Class,Low,Consumer,Europe,Office Supplies,13,0.38,520.81,1,Wednesday,6,1
Standard Class,Medium,Consumer,LATAM,Apparel,16,0.3,134.2,3,Thursday,3,1
Standard Class,Medium,Corporate,USCA,Apparel,7,0.25,811.37,6,Wednesday,5,0
Standard Class,Low,Consumer,USCA,Office Supplies,8,0.08,332.02,6,Saturday,5,0
Standard Class,Low,Corporate,Pacific Asia,Office Supplies,18,0.09,105.03,1,Thursday,11,1
Standard Class,Low,Home Office,Pacific Asia,Grocery,9,0.18,126.89,3,Tuesday,8,0
Standard Class,Medium,Consumer,Europe,Furniture,11,0.3,869.63,7,Tuesday,8,0
Second Class,Medium,Corporate,Europe,Office Supplies,17,0.0,282.42,2,Thursday,6,0
Second Class,High,Corporate,USCA,Apparel,14,0.02,926.28,6,Friday,10,0
Second Class,Low,Corporate,Pacific Asia,Furniture,2,0.35,1088.04,1,Sunday,2,0
Standard Class,Low,Consumer,USCA,Office Supplies,15,0.33,415.61,1,Sunday,1,1
Standard Class,Low,Corporate,Africa,Furniture,18,0.28,954.71,2,Monday,6,1
Second Class,Medium,Consumer,USCA,Grocery,5,0.2,520.21,3,Sunday,12,0
Standard Class,Medium,Consumer,USCA,Office Supplies,1,0.06,928.94,3,Tuesday,8,0
Standard Class,Medium,Corporate,Europe,Office Supplies,16,0.04,375.0,5,Saturday,12,0
First Class,Low,Consumer,Pacific Asia,Furniture,12,0.36,1118.47,2,Thursday,3,0
First Class,Medium,Corporate,Africa,Office Supplies,14,0.15,1184.78,6,Thursday,3,0
Standard Class,High,Corporate,USCA,Furniture,17,0.28,469.52,2,Tuesday,6,1
Standard Class,High,Corporate,USCA,Furniture,1,0.18,246.72,4,Sunday,10,0
First Class,Critical,Consumer,Europe,Office Supplies,14,0.29,825.54,3,Tuesday,11,1
Second Class,High,Home Office,LATAM,Apparel,15,0.08,704.48,7,Saturday,4,0
First Class,High,Corporate,Pacific Asia,Grocery,12,0.19,1189.85,1,Monday,1,0
First Class,Low,Consumer,Pacific Asia,Furniture,17,0.15,975.8,2,Sunday,2,0
First Class,Low,Consumer,Pacific Asia,Apparel,9,0.1,1003.77,7,Saturday,7,0
Standard Class,Low,Corporate,USCA,Furniture,3,0.24,874.51,4,Sunday,7,0
Standard Class,Medium,Home Office,USCA,Apparel,12,0.21,427.44,3,Monday,3,0
Second Class,High,Corporate,USCA,Office Supplies,13,0.2,1123.65,1,Thursday,11,0
Second Class,Low,Corporate,LATAM,Grocery,2,0.24,564.15,4,Friday,6,0
Second Class,Medium,Consumer,USCA,Apparel,15,0.06,485.34,2,Wednesday,10,0
Standard Class,Medium,Consumer,Pacific Asia,Electronics,2,0.15,241.14,1,Saturday,3,1
Standard Class,High,Consumer,Pacific Asia,Furniture,5,0.13,371.71,7,Sunday,12,0
First Class,Medium,Corporate,Europe,Apparel,9,0.31,12.68,7,Sunday,6,0
Second Class,Critical,Consumer,LATAM,Grocery,14,0.01,795.29,1,Tuesday,7,1
Same Day,Low,Consumer,Africa,Grocery,13,0.11,730.51,5,Wednesday,12,0
First Class,Low,Consumer,USCA,Grocery,4,0.37,489.61,4,Monday,7,0
Second Class,Medium,Home Office,Africa,Apparel,8,0.12,1160.86,1,Saturday,8,0
Second Class,Low,Corporate,USCA,Apparel,7,0.06,834.8,2,Thursday,7,0
First Class,Low,Consumer,LATAM,Office Supplies,17,0.3,298.83,1,Saturday,11,1
Second Class,Medium,Home Office,LATAM,Electronics,6,0.02,460.66,5,Friday,4,0
Second Class,High,Consumer,Pacific Asia,Apparel,8,0.17,623.8,5,Monday,1,0
Standard Class,Medium,Consumer,LATAM,Office Supplies,8,0.34,658.97,7,Thursday,10,0
Standard Class,Low,Consumer,Africa,Furniture,13,0.38,338.01,7,Sunday,11,1
Second Class,Medium,Consumer,Africa,Electronics,8,0.1,306.83,1,Wednesday,5,0
Standard Class,Low,Consumer,LATAM,Grocery,5,0.12,366.31,3,Sunday,11,0
Standard Class,Low,Corporate,Africa,Electronics,9,0.23,1156.39,1,Sunday,5,1
Standard Class,Medium,Corporate,USCA,Furniture,2,0.09,437.83,5,Friday,5,0
Standard Class,Low,Corporate,Europe,Apparel,3,0.06,455.23,5,Thursday,9,0
Standard Class,Low,Corporate,Pacific Asia,Apparel,4,0.17,867.09,7,Thursday,10,0
Standard Class,High,Corporate,Europe,Office Supplies,19,0.03,203.68,2,Friday,5,1
Same Day,Low,Consumer,Africa,Apparel,7,0.36,775.36,2,Tuesday,2,1
Standard Class,Critical,Corporate,Pacific Asia,Apparel,9,0.13,802.69,3,Tuesday,8,1
Standard Class,Medium,Corporate,Europe,Electronics,6,0.13,86.77,2,Sunday,10,1
Standard Class,Critical,Home Office,Europe,Furniture,3,0.32,236.03,6,Wednesday,1,1
Second Class,Low,Consumer,Africa,Grocery,14,0.14,565.12,6,Saturday,1,0
Standard Class,Medium,Consumer,Pacific Asia,Grocery,13,0.3,1004.15,1,Wednesday,4,1
First Class,Low,Corporate,Pacific Asia,Office Supplies,13,0.07,881.49,1,Sunday,5,0
Second Class,High,Corporate,Europe,Furniture,1,0.21,1049.41,6,Friday,5,0
First Class,Low,Consumer,Pacific Asia,Electronics,15,0.31,1022.7,5,Tuesday,12,0
Standard Class,Low,Corporate,Pacific Asia,Grocery,5,0.18,618.69,7,Monday,4,0
Second Class,High,Consumer,USCA,Office Supplies,2,0.03,750.52,1,Sunday,7,0
Standard Class,Low,Home Office,Africa,Apparel,5,0.29,1105.75,5,Tuesday,2,1
Same Day,Low,Consumer,Africa,Apparel,17,0.2,891.88,1,Saturday,12,1
Second Class,Low,Consumer,USCA,Electronics,1,0.13,435.87,1,Thursday,6,0
Standard Class,Medium,Consumer,Europe,Grocery,4,0.4,426.93,1,Saturday,3,1
Standard Class,Low,Consumer,LATAM,Apparel,15,0.35,446.28,1,Tuesday,10,1
Standard Class,Medium,Consumer,Europe,Office Supplies,15,0.02,599.29,2,Friday,8,1
Second Class,Low,Corporate,USCA,Office Supplies,16,0.24,441.36,2,Friday,9,0
Standard Class,Medium,Home Office,Pacific Asia,Grocery,13,0.14,233.14,5,Friday,10,0
Second Class,High,Consumer,USCA,Electronics,14,0.01,717.95,4,Friday,7,0
Standard Class,Medium,Corporate,Africa,Office Supplies,2,0.0,1044.36,1,Friday,8,1
Second Class,Medium,Consumer,Pacific Asia,Furniture,10,0.23,596.13,5,Sunday,4,0
First Class,Low,Consumer,Europe,Office Supplies,5,0.13,270.79,7,Saturday,9,0
First Class,Low,Consumer,Pacific Asia,Electronics,3,0.28,977.53,5,Wednesday,10,0
First Class,Low,Consumer,Africa,Office Supplies,11,0.18,909.34,7,Sunday,4,0
Standard Class,Medium,Corporate,USCA,Apparel,13,0.31,843.26,1,Friday,1,1
Standard Class,Medium,Consumer,Europe,Electronics,2,0.33,812.92,1,Saturday,1,1
Second Class,High,Home Office,LATAM,Apparel,7,0.26,940.91,6,Wednesday,5,0
Standard Class,Low,Corporate,LATAM,Apparel,3,0.17,998.01,7,Monday,6,0
Standard Class,Medium,Corporate,USCA,Grocery,13,0.4,1078.86,5,Monday,10,1
Standard Class,Medium,Home Office,Europe,Electronics,6,0.12,735.82,5,Wednesday,7,0
Standard Class,Medium,Home Office,Europe,Apparel,9,0.21,478.38,2,Friday,9,1
Standard Class,High,Corporate,Pacific Asia,Grocery,2,0.21,116.98,2,Tuesday,3,1
First Class,Low,Consumer,USCA,Grocery,12,0.17,869.68,1,Saturday,9,0
Standard Class,Low,Consumer,Pacific Asia,Apparel,15,0.05,178.04,7,Wednesday,5,0
Second Class,Medium,Corporate,USCA,Apparel,16,0.14,1043.54,6,Thursday,5,0
Standard Class,Low,Corporate,Africa,Furniture,3,0.09,492.99,5,Tuesday,8,1
Second Class,Low,Home Office,USCA,Electronics,14,0.36,1052.6,1,Sunday,7,1
Standard Class,Low,Consumer,Pacific Asia,Grocery,1,0.26,626.98,3,Saturday,6,0
First Class,Low,Consumer,Europe,Electronics,16,0.12,549.64,6,Saturday,4,0
First Class,Medium,Consumer,USCA,Grocery,6,0.23,442.65,7,Tuesday,5,0
Standard Class,Low,Home Office,Europe,Office Supplies,15,0.34,83.0,1,Wednesday,12,1
Same Day,Medium,Consumer,Africa,Office Supplies,15,0.37,23.72,6,Monday,9,0
Same Day,Medium,Consumer,LATAM,Grocery,3,0.03,615.34,1,Friday,5,0
First Class,Medium,Consumer,LATAM,Furniture,4,0.31,1082.32,5,Wednesday,2,0
First Class,Critical,Consumer,Pacific Asia,Office Supplies,17,0.39,707.47,5,Tuesday,8,1
Standard Class,Low,Consumer,USCA,Electronics,13,0.19,1036.23,7,Saturday,10,0
Second Class,Critical,Corporate,Africa,Apparel,2,0.4,1199.71,6,Tuesday,4,1
Standard Class,Medium,Consumer,Africa,Electronics,1,0.38,222.55,2,Saturday,4,1
Standard Class,High,Corporate,Europe,Electronics,6,0.26,794.9,7,Wednesday,5,0
Same Day,Medium,Home Office,Pacific Asia,Electronics,5,0.34,506.12,4,Tuesday,2,0
Standard Class,Medium,Home Office,Africa,Grocery,6,0.12,258.48,1,Sunday,7,1
Second Class,High,Corporate,USCA,Grocery,18,0.37,296.68,2,Wednesday,9,1
First Class,High,Corporate,Africa,Electronics,1,0.24,301.14,7,Wednesday,1,0
First Class,Low,Consumer,LATAM,Apparel,13,0.2,878.29,3,Wednesday,8,0
Same Day,Low,Home Office,Pacific Asia,Furniture,6,0.33,432.45,1,Tuesday,7,0
Standard Class,Medium,Consumer,Europe,Furniture,12,0.36,314.32,6,Thursday,8,0
Standard Class,High,Consumer,USCA,Office Supplies,10,0.28,1064.29,6,Thursday,1,0
Standard Class,Low,Consumer,LATAM,Office Supplies,19,0.01,50.87,7,Wednesday,3,1
Standard Class,Medium,Consumer,Africa,Apparel,3,0.24,885.39,4,Wednesday,5,1
Standard Class,Medium,Consumer,Pacific Asia,Electronics,15,0.33,1153.06,6,Wednesday,8,1
Standard Class,High,Corporate,Pacific Asia,Grocery,14,0.22,754.52,3,Monday,6,0
First Class,Medium,Corporate,USCA,Office Supplies,4,0.37,662.31,1,Monday,12,0
Second Class,Medium,Corporate,Europe,Electronics,7,0.36,83.12,5,Tuesday,2,0
Standard Class,Critical,Consumer,LATAM,Furniture,10,0.21,608.52,4,Saturday,5,1
Second Class,Medium,Home Office,Europe,Apparel,14,0.16,440.07,6,Wednesday,10,0
Standard Class,Medium,Consumer,USCA,Grocery,2,0.02,935.94,5,Thursday,5,0
Standard Class,Low,Consumer,USCA,Grocery,1,0.25,976.01,6,Thursday,8,0
First Class,Medium,Corporate,LATAM,Office Supplies,16,0.11,209.45,3,Monday,8,0
Second Class,Low,Home Office,Pacific Asia,Electronics,16,0.27,631.47,2,Sunday,4,1
First Class,Low,Consumer,Pacific Asia,Grocery,13,0.32,1033.33,5,Friday,7,0
Standard Class,Medium,Corporate,LATAM,Furniture,1,0.16,753.19,4,Tuesday,6,0
First Class,Medium,Corporate,Europe,Furniture,6,0.01,582.36,5,Wednesday,12,0
Second Class,Medium,Home Office,LATAM,Apparel,4,0.35,1078.69,2,Friday,4,0
Second Class,Low,Consumer,Pacific Asia,Apparel,2,0.22,1160.12,1,Thursday,11,0
Second Class,Medium,Consumer,Europe,Furniture,7,0.13,289.98,6,Tuesday,9,0
First Class,Medium,Consumer,Africa,Furniture,14,0.25,227.53,2,Sunday,2,1
Second Class,Medium,Consumer,Europe,Electronics,1,0.27,1039.15,3,Thursday,9,0
Second Class,Low,Consumer,Pacific Asia,Grocery,10,0.06,299.11,1,Thursday,6,0
Same Day,Medium,Home Office,USCA,Electronics,6,0.26,1018.93,5,Monday,7,0
First Class,High,Consumer,Europe,Apparel,8,0.11,368.41,5,Monday,1,0
Standard Class,Low,Home Office,Europe,Apparel,9,0.32,32.83,6,Friday,4,0
Second Class,Low,Consumer,USCA,Apparel,11,0.38,512.11,7,Monday,1,0
Standard Class,Medium,Home Office,Pacific Asia,Grocery,6,0.04,58.04,2,Saturday,8,1
Standard Class,Medium,Corporate,Africa,Office Supplies,8,0.37,257.51,1,Thursday,1,1
Second Class,Medium,Consumer,Africa,Apparel,16,0.36,580.44,2,Friday,5,1
Same Day,Medium,Corporate,LATAM,Apparel,17,0.14,55.81,1,Tuesday,1,0
Same Day,Low,Consumer,Africa,Electronics,7,0.01,49.53,2,Saturday,7,1
Standard Class,Low,Consumer,Africa,Electronics,8,0.27,194.63,6,Monday,8,1
Standard Class,Low,Consumer,Europe,Office Supplies,8,0.14,560.68,4,Monday,7,0
Standard Class,Low,Consumer,LATAM,Office Supplies,10,0.08,1169.08,4,Tuesday,6,0
Same Day,Medium,Corporate,Africa,Office Supplies,9,0.04,121.16,1,Tuesday,4,1
Same Day,Low,Corporate,Europe,Office Supplies,19,0.08,750.13,6,Thursday,7,0
Second Class,High,Consumer,LATAM,Electronics,10,0.09,601.52,1,Monday,12,0
First Class,High,Home Office,Europe,Apparel,17,0.32,81.58,2,Friday,5,1
Second Class,High,Home Office,USCA,Electronics,9,0.31,50.63,4,Friday,12,0
Second Class,High,Consumer,Pacific Asia,Furniture,14,0.2,273.98,2,Friday,8,0
Standard Class,Medium,Consumer,Pacific Asia,Furniture,2,0.22,824.85,5,Wednesday,10,0
Standard Class,High,Consumer,Pacific Asia,Apparel,3,0.37,1155.24,1,Monday,7,1
Second Class,Low,Corporate,Africa,Office Supplies,9,0.36,671.73,4,Wednesday,4,0
Second Class,Low,Consumer,Pacific Asia,Apparel,19,0.33,64.47,5,Saturday,7,0
Standard Class,High,Consumer,Pacific Asia,Furniture,18,0.15,316.99,1,Friday,1,1
Same Day,Low,Corporate,LATAM,Apparel,18,0.15,1131.36,4,Sunday,6,0
Standard Class,Critical,Corporate,LATAM,Office Supplies,11,0.36,24.9,5,Monday,7,1
Standard Class,Medium,Consumer,LATAM,Electronics,9,0.37,726.68,2,Thursday,5,1
Second Class,High,Home Office,Africa,Office Supplies,12,0.32,222.91,2,Saturday,12,1
Second Class,Low,Corporate,Pacific Asia,Electronics,8,0.3,88.79,4,Thursday,11,0
Second Class,Medium,Consumer,Africa,Furniture,18,0.22,312.78,7,Wednesday,6,0
Standard Class,Low,Corporate,Africa,Grocery,8,0.14,1125.02,3,Sunday,3,1
Standard Class,High,Consumer,Africa,Apparel,4,0.1,916.49,3,Tuesday,3,1
Second Class,Low,Consumer,Africa,Grocery,6,0.06,213.75,1,Tuesday,3,0
Second Class,Medium,Consumer,Africa,Office Supplies,16,0.29,88.19,1,Sunday,2,1
Standard Class,Low,Consumer,Africa,Electronics,13,0.31,596.84,6,Monday,7,1
Second Class,Low,Consumer,Pacific Asia,Office Supplies,16,0.14,72.67,6,Tuesday,8,0
Standard Class,Medium,Consumer,LATAM,Office Supplies,18,0.0,490.83,6,Wednesday,3,0
Second Class,Low,Corporate,Europe,Furniture,8,0.38,962.3,5,Friday,8,0
First Class,Medium,Corporate,Europe,Office Supplies,1,0.17,605.79,7,Saturday,8,0
Standard Class,Low,Consumer,Europe,Apparel,6,0.39,1077.24,5,Thursday,6,0
Standard Class,Low,Consumer,USCA,Furniture,18,0.27,951.6,7,Tuesday,4,1
First Class,Medium,Corporate,LATAM,Grocery,2,0.05,670.77,6,Thursday,2,0
Second Class,Low,Consumer,Pacific Asia,Office Supplies,8,0.13,950.58,2,Tuesday,8,0
Second Class,Low,Consumer,Africa,Grocery,6,0.26,122.89,3,Friday,7,0
First Class,High,Consumer,Europe,Apparel,6,0.26,249.62,1,Monday,7,0
First Class,Low,Home Office,LATAM,Apparel,14,0.09,843.5,6,Friday,12,0
Same Day,Low,Home Office,Pacific Asia,Apparel,3,0.07,16.81,3,Tuesday,5,0
Standard Class,Low,Corporate,Europe,Grocery,18,0.11,15.57,5,Sunday,11,0
Standard Class,Medium,Consumer,LATAM,Grocery,5,0.31,462.61,3,Tuesday,4,0
Standard Class,Medium,Corporate,Pacific Asia,Electronics,16,0.1,1041.82,2,Sunday,12,1
Standard Class,Low,Consumer,LATAM,Furniture,18,0.28,1177.21,1,Friday,3,1
Second Class,High,Consumer,Africa,Office Supplies,9,0.35,783.3,2,Sunday,1,1
Standard Class,Low,Corporate,LATAM,Furniture,1,0.16,1140.83,1,Wednesday,7,1
Same Day,Medium,Corporate,LATAM,Apparel,11,0.0,1018.73,2,Friday,9,0
Second Class,Low,Consumer,USCA,Office Supplies,8,0.06,249.76,5,Wednesday,12,0
Second Class,Medium,Consumer,Africa,Electronics,8,0.12,490.71,7,Sunday,3,0
Standard Class,Critical,Corporate,LATAM,Furniture,13,0.08,752.29,4,Sunday,3,1
Standard Class,Medium,Home Office,Africa,Apparel,8,0.12,190.06,6,Tuesday,8,1
Standard Class,Critical,Corporate,LATAM,Office Supplies,16,0.22,382.59,2,Sunday,5,1
Standard Class,Low,Consumer,Africa,Office Supplies,18,0.01,910.1,2,Friday,7,1
Standard Class,Low,Home Office,Pacific Asia,Apparel,9,0.03,420.14,6,Saturday,3,0
Second Class,Low,Corporate,Europe,Grocery,12,0.34,1111.86,7,Tuesday,12,0
First Class,Low,Corporate,USCA,Furniture,3,0.21,494.06,3,Wednesday,1,0
First Class,Low,Consumer,Europe,Office Supplies,1,0.37,271.51,5,Monday,2,0
Second Class,Low,Consumer,LATAM,Grocery,9,0.0,260.04,4,Friday,1,0
Standard Class,Medium,Consumer,LATAM,Electronics,8,0.0,827.79,4,Monday,12,0
First Class,Low,Consumer,Pacific Asia,Office Supplies,13,0.3,448.1,1,Sunday,4,1
First Class,Low,Consumer,LATAM,Office Supplies,17,0.19,292.33,7,Monday,9,0
Standard Class,Low,Corporate,Africa,Electronics,7,0.37,835.7,1,Friday,6,1
Second Class,High,Consumer,Europe,Electronics,15,0.31,511.46,4,Monday,9,0
Standard Class,Low,Home Office,LATAM,Office Supplies,14,0.2,1016.73,4,Monday,6,0
First Class,Medium,Consumer,Pacific Asia,Apparel,16,0.19,663.28,6,Thursday,12,0
Same Day,Medium,Consumer,USCA,Electronics,17,0.32,1166.89,5,Monday,7,0
Standard Class,Medium,Corporate,Europe,Grocery,16,0.32,455.6,4,Friday,11,1
First Class,Low,Consumer,Pacific Asia,Electronics,18,0.11,345.7,1,Sunday,10,0
Second Class,Low,Consumer,Pacific Asia,Office Supplies,14,0.27,777.02,1,Thursday,8,1
Same Day,Medium,Consumer,Europe,Office Supplies,6,0.26,852.95,3,Monday,10,0
Standard Class,Low,Home Office,Pacific Asia,Furniture,15,0.34,30.19,4,Thursday,6,1
First Class,Low,Home Office,USCA,Grocery,5,0.35,806.57,5,Friday,1,0
Standard Class,Low,Corporate,USCA,Furniture,17,0.11,225.42,6,Thursday,10,0
Standard Class,High,Corporate,LATAM,Electronics,1,0.35,1151.05,2,Tuesday,9,1
Standard Class,Medium,Consumer,Africa,Furniture,13,0.37,695.45,1,Friday,1,1
Same Day,Medium,Home Office,LATAM,Office Supplies,7,0.04,160.7,2,Sunday,3,0
First Class,Medium,Home Office,Africa,Apparel,19,0.23,72.73,1,Wednesday,2,1
First Class,High,Corporate,Europe,Electronics,5,0.17,1056.73,5,Monday,12,0
Same Day,Medium,Corporate,Pacific Asia,Office Supplies,9,0.16,1022.24,2,Wednesday,4,0
Standard Class,Medium,Corporate,LATAM,Electronics,4,0.28,526.57,3,Monday,2,0
Standard Class,High,Consumer,Pacific Asia,Furniture,7,0.05,114.12,6,Tuesday,8,0
Standard Class,Medium,Home Office,LATAM,Furniture,13,0.33,474.08,5,Saturday,4,1
Standard Class,Low,Corporate,LATAM,Electronics,8,0.01,915.03,1,Wednesday,9,1
Standard Class,Low,Corporate,USCA,Electronics,4,0.23,797.18,4,Tuesday,7,0
Standard Class,High,Corporate,Africa,Furniture,8,0.09,1039.55,6,Monday,3,1
Standard Class,High,Home Office,Europe,Electronics,16,0.27,903.92,2,Thursday,11,1
Standard Class,Medium,Corporate,Pacific Asia,Furniture,13,0.21,402.86,4,Sunday,5,0
Standard Class,Medium,Consumer,LATAM,Electronics,10,0.4,415.95,7,Monday,11,0
Standard Class,Medium,Consumer,Pacific Asia,Apparel,14,0.34,780.83,1,Thursday,1,1
Same Day,Medium,Home Office,USCA,Electronics,10,0.13,379.11,2,Tuesday,5,0
First Class,Medium,Corporate,Europe,Electronics,13,0.21,1042.52,2,Friday,12,0
Same Day,Low,Home Office,Africa,Office Supplies,8,0.13,399.97,7,Saturday,11,0
Standard Class,Critical,Home Office,Africa,Apparel,5,0.29,591.83,6,Sunday,10,1
Standard Class,High,Corporate,LATAM,Furniture,19,0.17,61.44,7,Friday,3,0
First Class,Medium,Consumer,Europe,Furniture,13,0.05,150.53,2,Monday,1,0
Standard Class,Low,Consumer,Africa,Grocery,2,0.26,166.96,7,Saturday,9,1
Standard Class,Low,Corporate,Europe,Apparel,16,0.0,419.52,5,Friday,8,0
Standard Class,Medium,Consumer,Pacific Asia,Apparel,14,0.12,148.79,5,Wednesday,12,1
Standard Class,Medium,Corporate,USCA,Electronics,17,0.36,553.96,7,Thursday,7,1
Standard Class,Medium,Corporate,Europe,Office Supplies,3,0.04,330.29,5,Wednesday,10,0
Standard Class,Low,Consumer,Europe,Furniture,16,0.2,334.22,5,Wednesday,3,0
Second Class,Medium,Corporate,Africa,Furniture,9,0.32,540.15,6,Sunday,3,0
Standard Class,High,Consumer,LATAM,Office Supplies,7,0.36,1026.07,1,Thursday,8,1
Standard Class,Low,Consumer,LATAM,Office Supplies,2,0.22,916.46,7,Tuesday,9,0
First Class,Medium,Consumer,Pacific Asia,Apparel,11,0.06,1061.63,3,Wednesday,10,0
Standard Class,High,Home Office,Africa,Office Supplies,11,0.38,1188.31,1,Saturday,8,1
Standard Class,Medium,Consumer,Africa,Office Supplies,14,0.3,23.21,7,Thursday,1,1
First Class,Medium,Consumer,USCA,Electronics,16,0.16,834.08,6,Friday,3,0
Standard Class,Medium,Consumer,LATAM,Apparel,8,0.11,152.6,2,Friday,5,1
Standard Class,Critical,Consumer,Africa,Grocery,15,0.02,1124.82,7,Monday,12,1
Standard Class,Low,Corporate,Pacific Asia,Grocery,16,0.08,279.95,5,Wednesday,5,0
Standard Class,Medium,Consumer,USCA,Furniture,2,0.31,426.45,6,Wednesday,9,0
Second Class,Low,Home Office,LATAM,Office Supplies,4,0.04,1175.07,2,Thursday,7,0
First Class,Low,Consumer,LATAM,Electronics,1,0.05,1041.96,5,Sunday,11,0
Standard Class,Low,Corporate,LATAM,Office Supplies,7,0.08,66.18,4,Saturday,3,0
Second Class,Low,Consumer,USCA,Furniture,11,0.16,65.77,4,Wednesday,3,0
Standard Class,Critical,Home Office,Pacific Asia,Office Supplies,18,0.08,984.42,5,Tuesday,11,1
Standard Class,High,Consumer,Pacific Asia,Grocery,5,0.36,93.74,4,Tuesday,12,0
Second Class,Low,Home Office,Africa,Apparel,5,0.1,1023.56,6,Friday,8,0
Standard Class,Medium,Corporate,Africa,Office Supplies,17,0.37,1110.3,5,Monday,5,1
Standard Class,Medium,Corporate,LATAM,Grocery,4,0.39,38.37,3,Wednesday,1,0
Standard Class,High,Home Office,Europe,Grocery,9,0.3,271.81,2,Sunday,9,1
Standard Class,Medium,Consumer,Africa,Furniture,14,0.0,37.6,1,Saturday,7,1
Standard Class,Low,Corporate,Pacific Asia,Apparel,9,0.1,96.67,1,Friday,12,1
First Class,High,Consumer,LATAM,Furniture,13,0.11,645.55,6,Friday,1,0
Standard Class,Medium,Corporate,Pacific Asia,Electronics,16,0.22,878.9,1,Monday,8,1
Standard Class,Medium,Home Office,LATAM,Apparel,13,0.06,580.57,5,Wednesday,5,0
Standard Class,High,Home Office,USCA,Electronics,9,0.03,469.27,5,Sunday,1,0
Second Class,High,Consumer,Africa,Apparel,12,0.07,256.0,6,Tuesday,5,0
Second Class,Medium,Consumer,USCA,Grocery,12,0.13,291.53,3,Monday,4,0
Second Class,Medium,Consumer,Africa,Electronics,10,0.02,703.05,5,Sunday,10,0
First Class,Critical,Consumer,Pacific Asia,Apparel,2,0.08,1028.36,6,Sunday,6,0
First Class,Low,Consumer,Pacific Asia,Apparel,5,0.07,491.44,6,Monday,8,0
Standard Class,Low,Consumer,Europe,Electronics,11,0.31,1128.16,7,Tuesday,1,0
Standard Class,Low,Home Office,Pacific Asia,Apparel,2,0.07,72.02,1,Friday,11,1
First Class,High,Corporate,LATAM,Furniture,10,0.32,996.76,4,Saturday,10,0
Same Day,Medium,Corporate,Europe,Furniture,8,0.2,413.03,2,Saturday,11,0
First Class,Low,Consumer,LATAM,Electronics,10,0.3,1043.83,5,Sunday,6,0
Standard Class,Critical,Corporate,Europe,Grocery,11,0.18,1104.11,1,Wednesday,6,1
Standard Class,Medium,Home Office,LATAM,Office Supplies,9,0.36,843.49,2,Sunday,6,1
Standard Class,High,Corporate,Europe,Electronics,7,0.11,432.51,7,Saturday,8,0
Second Class,Low,Consumer,Africa,Electronics,12,0.31,553.75,2,Monday,2,1
Standard Class,Medium,Consumer,Africa,Electronics,7,0.07,666.61,5,Monday,3,1
Standard Class,Medium,Home Office,Europe,Electronics,16,0.35,559.88,7,Monday,10,1
First Class,Medium,Consumer,USCA,Furniture,19,0.01,951.47,6,Wednesday,2,0
Standard Class,Medium,Corporate,Europe,Electronics,16,0.18,928.12,5,Sunday,8,1
First Class,High,Consumer,USCA,Grocery,15,0.17,25.06,5,Wednesday,12,0
Standard Class,Low,Consumer,LATAM,Office Supplies,14,0.25,190.48,6,Sunday,8,0
Standard Class,High,Home Office,Europe,Office Supplies,13,0.18,442.62,3,Thursday,9,0
Standard Class,Low,Consumer,USCA,Grocery,3,0.24,810.19,6,Wednesday,1,0
First Class,Low,Consumer,Europe,Electronics,13,0.34,283.34,1,Saturday,10,1
Standard Class,Low,Consumer,Africa,Office Supplies,7,0.06,394.12,5,Thursday,1,1
Standard Class,Low,Home Office,Africa,Furniture,2,0.1,559.88,6,Wednesday,9,1
Same Day,Low,Consumer,Europe,Office Supplies,10,0.32,711.57,2,Monday,6,0
Standard Class,High,Home Office,Europe,Grocery,15,0.09,1083.14,3,Saturday,9,0
Second Class,Medium,Consumer,Pacific Asia,Office Supplies,3,0.36,967.51,1,Wednesday,3,0
Second Class,Medium,Home Office,Africa,Grocery,6,0.22,437.47,4,Sunday,12,0
Standard Class,Medium,Home Office,LATAM,Electronics,14,0.03,923.9,5,Tuesday,2,1
Second Class,Low,Consumer,Europe,Office Supplies,4,0.01,1000.86,6,Monday,9,0
Standard Class,Low,Consumer,Pacific Asia,Grocery,15,0.31,631.58,5,Tuesday,7,1
Second Class,Medium,Consumer,Europe,Furniture,5,0.34,362.29,4,Sunday,8,0
Standard Class,Medium,Corporate,Africa,Furniture,6,0.1,1132.26,5,Monday,4,1
Second Class,High,Consumer,USCA,Apparel,19,0.1,1155.08,6,Wednesday,11,0
Standard Class,Medium,Consumer,USCA,Office Supplies,18,0.38,277.26,6,Wednesday,1,1
Second Class,Medium,Consumer,Africa,Electronics,6,0.26,944.23,1,Tuesday,5,1
Standard Class,Medium,Consumer,LATAM,Apparel,4,0.07,59.69,3,Wednesday,9,0
Standard Class,Critical,Consumer,Pacific Asia,Office Supplies,12,0.18,12.84,6,Tuesday,9,1
Standard Class,Low,Home Office,Europe,Furniture,14,0.36,428.37,2,Wednesday,7,1
Standard Class,Medium,Home Office,Europe,Electronics,7,0.25,560.42,4,Friday,10,0
First Class,Medium,Consumer,Europe,Furniture,2,0.16,660.14,7,Saturday,12,0
Standard Class,Critical,Corporate,Pacific Asia,Office Supplies,2,0.06,460.13,1,Wednesday,4,1
Same Day,Low,Corporate,Pacific Asia,Electronics,4,0.29,163.27,1,Tuesday,8,0
Same Day,Medium,Corporate,Africa,Electronics,3,0.11,420.3,4,Thursday,10,0
Second Class,Low,Corporate,Pacific Asia,Apparel,2,0.23,987.97,3,Tuesday,11,0
Standard Class,Medium,Corporate,Europe,Electronics,6,0.24,409.49,7,Wednesday,9,0
Standard Class,Low,Corporate,Europe,Office Supplies,14,0.22,714.84,3,Thursday,8,1
First Class,Low,Corporate,Pacific Asia,Grocery,8,0.1,820.24,2,Friday,9,0
Standard Class,Medium,Consumer,Pacific Asia,Grocery,11,0.28,881.6,2,Monday,7,1
Standard Class,Low,Consumer,Africa,Electronics,19,0.23,590.7,2,Monday,12,1
Second Class,Low,Consumer,USCA,Grocery,15,0.16,159.6,7,Monday,1,0
First Class,Low,Corporate,Pacific Asia,Office Supplies,14,0.02,1081.6,3,Thursday,8,0
First Class,Low,Consumer,USCA,Apparel,4,0.13,319.77,5,Sunday,6,0
Standard Class,Critical,Corporate,LATAM,Furniture,10,0.14,413.36,7,Wednesday,2,1
Second Class,Medium,Consumer,USCA,Furniture,8,0.32,930.8,5,Monday,3,0
Standard Class,High,Home Office,Pacific Asia,Office Supplies,5,0.21,918.59,6,Wednesday,3,0
Standard Class,Medium,Consumer,Europe,Apparel,18,0.37,1076.7,5,Monday,10,1
First Class,High,Corporate,Europe,Office Supplies,17,0.3,50.16,4,Friday,9,0
Standard Class,Medium,Corporate,Pacific Asia,Electronics,5,0.22,1050.67,4,Thursday,2,0
Standard Class,Medium,Consumer,Africa,Apparel,3,0.07,952.75,4,Friday,12,1
Standard Class,Medium,Consumer,Pacific Asia,Grocery,10,0.09,634.86,4,Tuesday,9,0
First Class,Medium,Home Office,Pacific Asia,Electronics,4,0.06,199.79,3,Thursday,9,0
First Class,Medium,Consumer,Africa,Grocery,19,0.18,658.54,4,Wednesday,11,0
Second Class,Low,Home Office,Africa,Electronics,5,0.29,240.79,2,Tuesday,2,1
First Class,Low,Home Office,LATAM,Electronics,1,0.3,1158.3,4,Sunday,10,0
Standard Class,Medium,Corporate,LATAM,Electronics,4,0.04,853.49,1,Monday,6,1
Standard Class,Medium,Corporate,LATAM,Electronics,1,0.2,719.52,5,Wednesday,6,0
Standard Class,Low,Corporate,Africa,Apparel,15,0.19,977.9,1,Tuesday,8,1
Standard Class,Low,Corporate,USCA,Apparel,3,0.18,643.61,1,Monday,10,1
Standard Class,Medium,Home Office,Pacific Asia,Electronics,10,0.12,81.71,6,Sunday,6,0
Same Day,High,Consumer,LATAM,Office Supplies,5,0.19,318.25,2,Friday,11,0
Standard Class,Low,Consumer,USCA,Electronics,11,0.21,1178.21,3,Saturday,6,0
Standard Class,Low,Consumer,Pacific Asia,Electronics,17,0.24,1022.47,2,Sunday,7,1
Standard Class,High,Corporate,USCA,Office Supplies,9,0.15,1113.66,7,Monday,10,0
Standard Class,Medium,Consumer,Europe,Office Supplies,13,0.38,126.42,3,Sunday,8,1
Same Day,Low,Home Office,Europe,Electronics,14,0.14,305.12,2,Friday,12,0
Standard Class,High,Consumer,Pacific Asia,Furniture,9,0.36,85.26,3,Friday,7,0
Standard Class,Medium,Home Office,USCA,Furniture,17,0.32,988.38,4,Sunday,9,1
First Class,Medium,Consumer,USCA,Office Supplies,7,0.19,216.94,2,Friday,11,0
Standard Class,Critical,Consumer,Africa,Electronics,16,0.2,497.96,1,Wednesday,2,1
Standard Class,High,Consumer,LATAM,Grocery,13,0.35,330.71,7,Sunday,4,1
Standard Class,Low,Consumer,Pacific Asia,Grocery,14,0.2,1117.13,2,Wednesday,5,1
Second Class,Low,Consumer,USCA,Electronics,18,0.27,733.97,1,Friday,12,1
Same Day,Low,Home Office,LATAM,Electronics,11,0.32,961.41,3,Thursday,2,0
First Class,Low,Consumer,Pacific Asia,Electronics,2,0.36,726.55,4,Saturday,8,0
Standard Class,Low,Corporate,USCA,Grocery,6,0.09,738.94,4,Tuesday,12,0
First Class,Low,Consumer,Europe,Grocery,5,0.39,465.67,4,Wednesday,4,0
Standard Class,High,Consumer,USCA,Office Supplies,3,0.39,294.41,1,Thursday,1,1
Standard Class,High,Corporate,Europe,Apparel,7,0.12,424.58,5,Tuesday,3,0
Standard Class,Medium,Consumer,Europe,Office Supplies,3,0.25,360.88,5,Monday,6,0
Standard Class,Medium,Home Office,Africa,Office Supplies,13,0.02,832.56,2,Saturday,6,1
Standard Class,Low,Corporate,Africa,Furniture,2,0.07,512.85,5,Saturday,2,1
Second Class,Low,Consumer,LATAM,Office Supplies,2,0.23,664.69,5,Sunday,3,0
Same Day,Low,Corporate,Pacific Asia,Office Supplies,18,0.26,927.42,5,Sunday,12,0
Standard Class,High,Consumer,LATAM,Office Supplies,4,0.21,327.2,5,Wednesday,11,0
Standard Class,Low,Corporate,Africa,Office Supplies,17,0.28,514.14,1,Tuesday,7,1
Standard Class,High,Home Office,LATAM,Apparel,11,0.32,628.19,4,Monday,1,0
Standard Class,Medium,Home Office,Pacific Asia,Furniture,7,0.07,74.03,3,Thursday,4,0
Second Class,Low,Consumer,Pacific Asia,Grocery,2,0.26,191.1,1,Wednesday,10,0
Standard Class,Low,Consumer,USCA,Electronics,15,0.23,85.58,7,Saturday,3,0
First Class,Medium,Corporate,LATAM,Grocery,14,0.05,905.19,7,Tuesday,12,0
Standard Class,High,Home Office,Africa,Furniture,14,0.09,366.89,7,Thursday,8,1
Standard Class,Medium,Home Office,USCA,Office Supplies,6,0.17,512.89,5,Saturday,8,0
Standard Class,Low,Consumer,LATAM,Grocery,5,0.35,810.07,5,Monday,10,0
Standard Class,Medium,Corporate,Pacific Asia,Office Supplies,14,0.09,1160.1,1,Monday,1,1
Standard Class,Low,Home Office,Africa,Apparel,4,0.07,975.14,3,Saturday,6,1
Second Class,Critical,Consumer,LATAM,Apparel,14,0.29,78.78,4,Monday,1,1
Standard Class,Medium,Home Office,Pacific Asia,Furniture,5,0.39,373.82,5,Thursday,4,0
Second Class,Medium,Consumer,Pacific Asia,Grocery,12,0.18,68.4,2,Wednesday,1,0
Standard Class,Medium,Consumer,LATAM,Apparel,13,0.14,83.39,6,Tuesday,9,0
Standard Class,Medium,Consumer,LATAM,Furniture,12,0.1,161.67,3,Friday,7,0
Standard Class,Low,Corporate,Africa,Furniture,17,0.02,392.09,6,Friday,5,1
First Class,Low,Home Office,USCA,Furniture,18,0.07,285.48,6,Tuesday,1,0
Standard Class,Low,Corporate,Pacific Asia,Grocery,12,0.04,429.09,5,Friday,11,0
First Class,High,Consumer,USCA,Grocery,9,0.2,988.19,2,Thursday,4,0
Standard Class,Medium,Consumer,USCA,Furniture,19,0.39,959.24,7,Friday,4,1
First Class,Low,Corporate,Pacific Asia,Electronics,15,0.31,427.38,1,Thursday,2,1
Standard Class,High,Corporate,LATAM,Grocery,9,0.24,795.19,4,Sunday,2,0
Second Class,Low,Corporate,Pacific Asia,Grocery,13,0.19,453.47,2,Friday,12,0
Second Class,Low,Consumer,USCA,Electronics,15,0.25,469.29,5,Sunday,12,0
Same Day,Low,Corporate,Africa,Grocery,12,0.15,814.11,2,Monday,12,1
Standard Class,Medium,Home Office,Pacific Asia,Grocery,10,0.07,467.34,1,Tuesday,1,1
Standard Class,Medium,Corporate,Africa,Apparel,3,0.24,663.62,6,Tuesday,9,1
Standard Class,Medium,Corporate,LATAM,Electronics,10,0.21,147.12,5,Tuesday,11,0
First Class,Medium,Home Office,LATAM,Apparel,18,0.38,651.19,7,Friday,7,0
Standard Class,Low,Corporate,Africa,Electronics,10,0.26,892.98,6,Tuesday,5,1
First Class,High,Corporate,Africa,Electronics,4,0.31,1067.16,3,Wednesday,3,0
Standard Class,Low,Corporate,Pacific Asia,Electronics,3,0.04,185.24,2,Sunday,11,1
Standard Class,High,Consumer,LATAM,Grocery,18,0.3,498.75,3,Friday,7,1
Standard Class,Medium,Corporate,Africa,Furniture,17,0.39,588.56,1,Monday,8,1
Same Day,Medium,Home Office,Europe,Office Supplies,5,0.26,1086.73,2,Wednesday,3,0
Second Class,Medium,Consumer,Pacific Asia,Furniture,10,0.3,316.32,4,Saturday,9,0
Same Day,Medium,Home Office,Pacific Asia,Grocery,2,0.39,207.14,1,Tuesday,8,0
Standard Class,Low,Corporate,Europe,Grocery,1,0.16,178.37,2,Monday,7,1
Second Class,High,Consumer,LATAM,Office Supplies,16,0.33,194.31,2,Monday,9,1
Second Class,Low,Corporate,Africa,Grocery,10,0.16,1044.73,4,Monday,5,0
Standard Class,Low,Consumer,Africa,Electronics,3,0.17,747.57,7,Sunday,3,1
First Class,Medium,Home Office,LATAM,Apparel,4,0.26,510.67,6,Wednesday,1,0
Same Day,Medium,Consumer,Europe,Apparel,1,0.1,1041.42,7,Friday,12,0
First Class,Low,Home Office,Europe,Electronics,12,0.4,364.65,6,Monday,7,0
Second Class,High,Corporate,Europe,Furniture,13,0.13,1114.15,2,Wednesday,11,0
Standard Class,Critical,Corporate,Pacific Asia,Apparel,8,0.05,913.04,2,Sunday,6,1
Standard Class,Medium,Home Office,Africa,Electronics,19,0.13,34.49,7,Thursday,10,1
Same Day,Medium,Consumer,USCA,Furniture,5,0.34,560.53,3,Tuesday,12,0
Standard Class,Medium,Corporate,Pacific Asia,Apparel,12,0.13,1012.54,3,Friday,11,0
Second Class,Low,Consumer,Pacific Asia,Electronics,19,0.24,481.41,5,Sunday,7,0
Second Class,Medium,Home Office,Africa,Apparel,4,0.37,1184.7,2,Thursday,8,1
Second Class,High,Corporate,LATAM,Apparel,15,0.1,1017.44,1,Monday,8,0
Same Day,Critical,Home Office,Africa,Apparel,13,0.05,906.13,7,Wednesday,10,1
Standard Class,High,Home Office,LATAM,Office Supplies,13,0.04,171.25,1,Tuesday,3,1
Standard Class,Low,Consumer,Africa,Furniture,3,0.18,138.36,2,Wednesday,12,1
Standard Class,Low,Consumer,Pacific Asia,Apparel,8,0.04,773.02,7,Saturday,5,0
Standard Class,Low,Corporate,Europe,Electronics,6,0.18,797.1,6,Thursday,9,0
Standard Class,Medium,Corporate,Pacific Asia,Office Supplies,17,0.35,185.55,7,Sunday,3,1
Standard Class,Low,Consumer,Pacific Asia,Grocery,11,0.31,1026.22,5,Thursday,5,0
First Class,Low,Consumer,USCA,Grocery,7,0.23,1049.74,3,Tuesday,6,0
Same Day,Medium,Corporate,Pacific Asia,Furniture,15,0.34,505.74,3,Thursday,1,0
Standard Class,High,Consumer,Pacific Asia,Electronics,4,0.04,733.2,7,Saturday,4,0
Standard Class,Medium,Home Office,Pacific Asia,Office Supplies,8,0.24,617.78,7,Sunday,3,0
Same Day,High,Home Office,USCA,Electronics,2,0.05,52.44,6,Sunday,11,0
Standard Class,Low,Corporate,LATAM,Office Supplies,11,0.19,117.59,5,Sunday,6,0
Standard Class,Low,Consumer,USCA,Office Supplies,8,0.19,937.93,2,Thursday,11,1
Standard Class,High,Consumer,Europe,Grocery,19,0.11,591.09,5,Sunday,1,1
Second Class,Medium,Corporate,LATAM,Furniture,5,0.33,736.97,1,Friday,4,0
Standard Class,Medium,Home Office,USCA,Furniture,18,0.09,739.31,2,Friday,8,1
Same Day,Low,Consumer,Europe,Electronics,6,0.22,461.75,2,Wednesday,10,0
Standard Class,Low,Consumer,Europe,Office Supplies,19,0.19,45.0,6,Tuesday,2,0
Standard Class,Medium,Consumer,Africa,Office Supplies,5,0.17,946.42,5,Tuesday,3,1
Standard Class,High,Corporate,Africa,Apparel,13,0.01,567.44,5,Tuesday,10,1
Standard Class,High,Corporate,Pacific Asia,Furniture,12,0.28,175.3,4,Monday,7,0
Second Class,Medium,Consumer,LATAM,Office Supplies,9,0.01,35.08,6,Saturday,8,0
First Class,Medium,Consumer,USCA,Electronics,5,0.33,30.85,4,Wednesday,1,0
First Class,High,Corporate,Pacific Asia,Grocery,17,0.11,49.68,3,Friday,2,0
Second Class,Medium,Consumer,LATAM,Grocery,18,0.05,194.48,4,Tuesday,7,0
Same Day,Medium,Corporate,Africa,Furniture,3,0.17,285.44,7,Wednesday,11,0
First Class,High,Home Office,USCA,Furniture,19,0.22,304.1,3,Saturday,12,0
First Class,High,Corporate,Europe,Apparel,15,0.12,762.23,1,Saturday,9,0
Standard Class,High,Corporate,Europe,Furniture,17,0.05,297.46,4,Tuesday,12,0
Standard Class,Low,Home Office,Pacific Asia,Office Supplies,9,0.01,812.01,5,Monday,6,0
Standard Class,Medium,Home Office,Pacific Asia,Office Supplies,4,0.28,989.78,3,Thursday,8,0
Second Class,High,Consumer,USCA,Office Supplies,9,0.35,467.9,7,Tuesday,5,0
Standard Class,Low,Consumer,Europe,Office Supplies,4,0.04,864.84,6,Sunday,4,0
Standard Class,High,Home Office,Pacific Asia,Apparel,3,0.09,133.91,6,Thursday,7,0
First Class,Low,Consumer,Europe,Furniture,9,0.01,400.23,7,Wednesday,9,0
First Class,High,Home Office,Africa,Furniture,11,0.35,822.34,3,Friday,6,0
Same Day,Medium,Consumer,Pacific Asia,Furniture,11,0.18,1118.82,7,Tuesday,6,0
Standard Class,Low,Home Office,LATAM,Apparel,8,0.37,742.51,1,Sunday,5,1
Second Class,Medium,Corporate,Pacific Asia,Apparel,2,0.19,442.97,4,Wednesday,12,0
Standard Class,Medium,Corporate,Africa,Office Supplies,16,0.34,383.29,5,Tuesday,12,1
Standard Class,Medium,Consumer,USCA,Apparel,2,0.38,475.94,3,Wednesday,9,0
Standard Class,Medium,Home Office,Europe,Apparel,5,0.13,786.95,1,Thursday,11,1
Standard Class,High,Consumer,USCA,Electronics,9,0.26,399.12,1,Friday,4,1
Standard Class,Medium,Consumer,Pacific Asia,Office Supplies,2,0.27,569.3,4,Thursday,5,0
First Class,Medium,Consumer,LATAM,Office Supplies,9,0.01,913.21,5,Saturday,8,0
Standard Class,Low,Home Office,USCA,Electronics,11,0.18,292.96,4,Friday,5,0
Second Class,High,Consumer,LATAM,Furniture,8,0.34,862.65,3,Thursday,4,0
Standard Class,Low,Corporate,Pacific Asia,Electronics,7,0.38,916.14,6,Tuesday,12,0
Standard Class,Medium,Corporate,LATAM,Electronics,6,0.36,1037.77,5,Wednesday,8,0
Standard Class,High,Home Office,LATAM,Electronics,15,0.39,38.41,7,Sunday,11,1
Standard Class,Low,Corporate,Africa,Apparel,15,0.26,145.38,6,Tuesday,4,1
Second Class,Medium,Corporate,USCA,Electronics,7,0.09,1146.26,7,Sunday,9,0
Standard Class,Low,Corporate,Pacific Asia,Grocery,8,0.23,159.68,4,Monday,10,0
Standard Class,High,Corporate,Africa,Electronics,17,0.17,590.56,7,Thursday,8,1
Standard Class,Medium,Consumer,LATAM,Furniture,19,0.1,208.67,5,Saturday,2,0
Standard Class,High,Consumer,Africa,Furniture,2,0.31,976.15,7,Friday,6,1
Same Day,High,Consumer,Africa,Furniture,9,0.25,124.84,1,Friday,2,1
Standard Class,Medium,Consumer,LATAM,Electronics,2,0.32,111.88,6,Tuesday,1,0
Second Class,Medium,Consumer,Pacific Asia,Office Supplies,13,0.11,610.6,6,Saturday,1,0
Second Class,Medium,Corporate,Europe,Furniture,12,0.36,293.43,1,Monday,4,0
Same Day,Low,Home Office,Africa,Electronics,4,0.1,797.25,2,Sunday,10,0
First Class,Medium,Consumer,USCA,Furniture,19,0.24,824.91,1,Monday,11,0
Second Class,High,Corporate,LATAM,Apparel,8,0.02,707.4,4,Wednesday,5,0
Second Class,Medium,Corporate,Europe,Apparel,13,0.22,1003.21,1,Tuesday,1,0
First Class,Low,Consumer,Africa,Electronics,14,0.04,839.85,6,Monday,3,0
Standard Class,Low,Corporate,LATAM,Furniture,7,0.13,233.15,6,Monday,7,0
Standard Class,Medium,Home Office,LATAM,Furniture,1,0.34,103.3,3,Thursday,10,0
Standard Class,Low,Consumer,Africa,Grocery,11,0.36,899.84,1,Monday,1,1
First Class,Medium,Corporate,USCA,Furniture,17,0.31,890.63,6,Tuesday,6,0
First Class,Medium,Consumer,LATAM,Office Supplies,17,0.15,1021.88,6,Monday,2,0
Standard Class,Medium,Consumer,LATAM,Apparel,15,0.23,250.79,6,Wednesday,10,0
Second Class,Low,Corporate,Africa,Furniture,10,0.09,275.55,4,Wednesday,10,0
Standard Class,Medium,Home Office,Europe,Office Supplies,16,0.27,696.24,3,Thursday,9,1
Standard Class,High,Corporate,LATAM,Electronics,5,0.14,195.19,6,Friday,6,0
Same Day,Critical,Consumer,LATAM,Apparel,2,0.09,362.64,2,Thursday,8,1
Standard Class,Medium,Home Office,Africa,Electronics,7,0.23,976.79,1,Thursday,7,1
Standard Class,Low,Consumer,LATAM,Furniture,3,0.04,407.71,2,Friday,3,1
Second Class,Critical,Corporate,Africa,Electronics,15,0.27,23.48,4,Monday,2,1
Second Class,Medium,Consumer,USCA,Apparel,11,0.07,784.48,7,Saturday,5,0
Standard Class,Low,Home Office,Africa,Electronics,1,0.22,224.9,5,Friday,10,1
Second Class,Low,Corporate,Europe,Electronics,16,0.16,243.04,6,Tuesday,1,0
Standard Class,Low,Home Office,LATAM,Electronics,11,0.23,29.67,4,Tuesday,2,0
Standard Class,Low,Consumer,USCA,Office Supplies,19,0.1,697.86,1,Thursday,4,1
Standard Class,Low,Corporate,LATAM,Office Supplies,7,0.12,678.67,7,Wednesday,4,0
Second Class,High,Corporate,LATAM,Furniture,18,0.06,124.76,7,Saturday,4,0
Standard Class,Medium,Corporate,Africa,Electronics,10,0.31,70.01,7,Tuesday,2,1
Same Day,Medium,Corporate,LATAM,Office Supplies,8,0.03,594.09,2,Monday,4,0
First Class,High,Consumer,USCA,Apparel,2,0.15,939.74,4,Thursday,11,0
Same Day,High,Consumer,Pacific Asia,Apparel,7,0.18,1144.95,2,Friday,12,0
Standard Class,High,Consumer,LATAM,Electronics,8,0.08,99.43,3,Thursday,9,0
Same Day,Critical,Home Office,Africa,Furniture,19,0.15,852.72,7,Wednesday,1,1
Standard Class,Medium,Home Office,Europe,Office Supplies,6,0.17,237.82,6,Thursday,3,0
Standard Class,Critical,Consumer,LATAM,Office Supplies,1,0.09,50.43,2,Tuesday,4,1
Standard Class,Medium,Home Office,Africa,Office Supplies,11,0.26,408.38,7,Wednesday,3,1
Standard Class,Low,Consumer,LATAM,Furniture,4,0.01,692.92,4,Wednesday,11,0
Second Class,Medium,Consumer,Pacific Asia,Grocery,12,0.08,725.61,3,Friday,1,0
Standard Class,Medium,Consumer,Pacific Asia,Office Supplies,9,0.25,68.55,4,Friday,5,0
Standard Class,High,Home Office,USCA,Electronics,8,0.25,1114.08,5,Friday,2,0
Second Class,Low,Corporate,Pacific Asia,Office Supplies,6,0.11,74.96,1,Sunday,8,0
Standard Class,Medium,Consumer,Africa,Office Supplies,18,0.27,268.46,6,Tuesday,1,1
Second Class,Low,Corporate,Pacific Asia,Grocery,19,0.19,524.68,4,Monday,4,0
Standard Class,Low,Consumer,Africa,Electronics,18,0.21,1135.33,3,Friday,12,1
First Class,Low,Consumer,LATAM,Electronics,1,0.13,1189.57,6,Thursday,4,0
First Class,Medium,Consumer,USCA,Electronics,9,0.39,10.42,5,Monday,12,0
Standard Class,High,Consumer,USCA,Office Supplies,13,0.29,277.17,2,Friday,4,1
Standard Class,Low,Home Office,Pacific Asia,Office Supplies,12,0.1,606.61,4,Wednesday,8,0
Standard Class,Medium,Corporate,Europe,Apparel,18,0.09,836.33,6,Friday,3,0
First Class,Low,Consumer,Pacific Asia,Grocery,7,0.31,791.53,6,Sunday,12,0
Standard Class,Low,Consumer,Europe,Electronics,11,0.16,309.3,4,Monday,1,0
Standard Class,Medium,Consumer,Pacific Asia,Electronics,18,0.04,245.04,2,Monday,7,1
Standard Class,Low,Consumer,Africa,Apparel,10,0.01,26.99,7,Thursday,8,1
Standard Class,Medium,Corporate,Africa,Office Supplies,8,0.17,1013.0,3,Saturday,8,1
Standard Class,Low,Consumer,Europe,Apparel,14,0.17,460.77,2,Thursday,2,1
First Class,Low,Corporate,USCA,Apparel,14,0.28,1038.57,5,Monday,8,0
Standard Class,Medium,Consumer,Europe,Office Supplies,13,0.23,395.21,7,Sunday,1,1
Standard Class,Medium,Consumer,LATAM,Furniture,7,0.31,909.68,4,Monday,8,0
First Class,Low,Home Office,USCA,Grocery,15,0.13,92.9,2,Wednesday,11,0
First Class,Medium,Consumer,Europe,Furniture,6,0.25,975.61,7,Friday,3,0
Standard Class,High,Consumer,LATAM,Furniture,12,0.35,1070.3,4,Wednesday,5,0
Standard Class,Medium,Consumer,LATAM,Grocery,11,0.03,325.21,4,Sunday,10,0
Standard Class,Low,Consumer,Pacific Asia,Furniture,18,0.28,178.82,6,Tuesday,8,1
Same Day,Medium,Consumer,Europe,Office Supplies,4,0.29,243.41,7,Sunday,8,0
Standard Class,Medium,Consumer,Africa,Furniture,4,0.32,1042.66,7,Friday,4,1
Same Day,Low,Home Office,Pacific Asia,Furniture,13,0.11,350.58,4,Saturday,12,0
Second Class,High,Corporate,USCA,Furniture,7,0.17,285.31,6,Wednesday,9,0
Standard Class,High,Corporate,Africa,Office Supplies,19,0.1,1174.87,7,Thursday,11,1
Standard Class,High,Consumer,LATAM,Apparel,4,0.12,807.31,7,Thursday,2,0
Standard Class,High,Corporate,USCA,Electronics,1,0.39,1000.35,2,Tuesday,8,1
Standard Class,Medium,Consumer,Pacific Asia,Grocery,8,0.18,898.99,2,Monday,11,1
Standard Class,Medium,Consumer,LATAM,Grocery,12,0.34,455.08,6,Thursday,4,0
Second Class,Medium,Consumer,LATAM,Office Supplies,12,0.32,1036.67,6,Saturday,9,0
Same Day,High,Consumer,LATAM,Electronics,11,0.18,709.92,1,Saturday,8,0
Second Class,Medium,Consumer,Africa,Furniture,17,0.4,792.3,7,Saturday,8,0
Second Class,Low,Consumer,Pacific Asia,Grocery,17,0.34,398.03,2,Saturday,4,1
Standard Class,Low,Consumer,Pacific Asia,Furniture,12,0.19,1177.59,6,Wednesday,12,0
Standard Class,High,Consumer,Africa,Office Supplies,12,0.12,1026.98,5,Sunday,4,1
Standard Class,Low,Consumer,Pacific Asia,Office Supplies,17,0.03,186.26,3,Tuesday,5,0
Second Class,Medium,Consumer,LATAM,Office Supplies,9,0.19,252.61,1,Wednesday,5,0
Same Day,Critical,Consumer,LATAM,Apparel,13,0.14,900.81,4,Wednesday,8,0
Second Class,Medium,Consumer,LATAM,Office Supplies,17,0.28,40.64,2,Monday,6,1
Standard Class,Critical,Consumer,Pacific Asia,Furniture,1,0.01,409.19,7,Saturday,12,1
Standard Class,Medium,Consumer,Europe,Apparel,3,0.33,643.7,3,Sunday,4,0
Second Class,Low,Consumer,USCA,Furniture,8,0.17,253.84,3,Thursday,5,0
Standard Class,High,Corporate,Europe,Office Supplies,8,0.19,1049.05,3,Tuesday,9,0
First Class,Low,Consumer,Africa,Apparel,8,0.07,1068.23,4,Friday,1,0
First Class,Medium,Consumer,Europe,Electronics,6,0.37,1148.65,6,Sunday,1,0
Second Class,Low,Consumer,Europe,Office Supplies,15,0.16,184.13,1,Friday,2,0
Standard Class,Low,Consumer,Africa,Apparel,5,0.34,104.35,3,Friday,6,1
Standard Class,Medium,Consumer,Europe,Apparel,6,0.09,671.75,1,Sunday,1,1
Standard Class,Low,Home Office,USCA,Apparel,6,0.04,953.0,5,Monday,9,0
Standard Class,Medium,Home Office,Pacific Asia,Grocery,10,0.25,356.36,5,Monday,6,0
Standard Class,High,Consumer,Africa,Apparel,19,0.39,296.76,3,Thursday,2,1
Second Class,Low,Corporate,Europe,Electronics,2,0.26,626.09,6,Wednesday,4,0
Second Class,Low,Consumer,LATAM,Office Supplies,7,0.24,583.65,3,Monday,6,0
Standard Class,Medium,Consumer,LATAM,Office Supplies,19,0.18,580.66,5,Friday,5,1
Standard Class,Medium,Corporate,Africa,Office Supplies,13,0.11,492.28,1,Saturday,4,1
Standard Class,High,Consumer,LATAM,Apparel,4,0.17,875.2,1,Sunday,9,1
Standard Class,Low,Consumer,USCA,Office Supplies,11,0.06,741.48,1,Monday,12,1
First Class,High,Corporate,Europe,Electronics,18,0.1,590.5,2,Monday,5,0
Standard Class,Medium,Corporate,USCA,Grocery,11,0.19,867.63,7,Wednesday,9,0
Standard Class,Medium,Home Office,USCA,Electronics,13,0.06,321.42,5,Monday,2,0
Standard Class,Low,Corporate,Pacific Asia,Grocery,10,0.32,1071.29,2,Friday,9,1
First Class,Medium,Corporate,Europe,Office Supplies,17,0.0,467.16,2,Saturday,5,0
Second Class,Low,Consumer,Africa,Furniture,4,0.13,399.84,7,Tuesday,8,0
Standard Class,Low,Consumer,LATAM,Grocery,3,0.21,655.31,5,Saturday,9,0
Standard Class,Medium,Corporate,Pacific Asia,Electronics,7,0.37,331.79,2,Thursday,3,1
Second Class,High,Home Office,USCA,Electronics,16,0.23,329.8,7,Thursday,3,0
Same Day,Medium,Consumer,LATAM,Furniture,6,0.12,102.67,7,Monday,5,0
Standard Class,Medium,Home Office,Europe,Grocery,18,0.14,785.81,2,Monday,12,1
First Class,Medium,Consumer,USCA,Grocery,1,0.14,1096.15,6,Monday,4,0
Same Day,Medium,Consumer,USCA,Electronics,19,0.07,825.46,4,Tuesday,12,0
Same Day,Critical,Consumer,Europe,Grocery,10,0.06,685.61,5,Saturday,8,0
Second Class,Medium,Consumer,Africa,Furniture,3,0.19,857.03,3,Sunday,10,0
Second Class,Low,Corporate,Pacific Asia,Grocery,11,0.11,1160.08,3,Friday,6,0
Standard Class,Low,Consumer,Europe,Grocery,7,0.04,410.43,1,Sunday,10,1
First Class,Medium,Home Office,LATAM,Furniture,6,0.09,522.52,1,Friday,1,0
Standard Class,Medium,Corporate,LATAM,Office Supplies,14,0.21,350.6,7,Thursday,2,1
Second Class,Low,Consumer,USCA,Grocery,8,0.1,29.9,3,Thursday,1,0
Standard Class,High,Corporate,Pacific Asia,Electronics,11,0.1,423.44,1,Thursday,10,1
Second Class,Medium,Consumer,Africa,Apparel,2,0.25,95.22,2,Wednesday,8,1
First Class,Medium,Corporate,Africa,Electronics,7,0.28,1031.49,7,Tuesday,1,0
Standard Class,Low,Consumer,LATAM,Electronics,17,0.1,861.57,6,Monday,10,0
First Class,Low,Consumer,Africa,Office Supplies,5,0.19,371.8,3,Wednesday,3,0
Standard Class,High,Corporate,LATAM,Office Supplies,6,0.31,400.25,3,Tuesday,5,0
First Class,High,Home Office,Pacific Asia,Electronics,17,0.28,687.83,6,Friday,9,0
Standard Class,Low,Corporate,USCA,Grocery,15,0.03,959.66,1,Thursday,10,1
Standard Class,Low,Corporate,LATAM,Electronics,3,0.14,865.26,1,Friday,8,1
Same Day,Medium,Corporate,Pacific Asia,Grocery,18,0.29,44.29,7,Friday,3,0
Standard Class,Low,Consumer,LATAM,Furniture,15,0.07,944.5,2,Monday,2,1
First Class,Medium,Home Office,Europe,Furniture,4,0.08,1058.79,6,Friday,1,0
Standard Class,Critical,Consumer,LATAM,Office Supplies,10,0.25,116.97,2,Sunday,5,1
Standard Class,Low,Consumer,Pacific Asia,Apparel,11,0.11,926.37,4,Thursday,5,0
Standard Class,Low,Consumer,Africa,Apparel,1,0.13,309.56,3,Saturday,8,1
Second Class,High,Consumer,LATAM,Office Supplies,10,0.21,216.71,7,Monday,6,0
Standard Class,Low,Consumer,USCA,Furniture,15,0.3,657.21,2,Wednesday,9,1
Standard Class,Critical,Consumer,Pacific Asia,Office Supplies,8,0.2,667.68,2,Tuesday,10,1
Standard Class,Medium,Consumer,Africa,Furniture,9,0.36,570.34,2,Monday,1,1
Standard Class,High,Corporate,Pacific Asia,Grocery,1,0.04,1083.15,2,Friday,5,1
Same Day,Low,Corporate,LATAM,Furniture,12,0.3,297.52,3,Tuesday,5,0
Same Day,Low,Corporate,Europe,Furniture,16,0.22,727.03,1,Sunday,4,0
Standard Class,Medium,Consumer,Europe,Furniture,7,0.33,497.74,1,Saturday,10,1
Second Class,Medium,Corporate,USCA,Apparel,12,0.13,1049.8,5,Sunday,9,0
Standard Class,Low,Consumer,USCA,Furniture,12,0.19,168.05,1,Monday,10,1
Second Class,Critical,Corporate,Africa,Electronics,11,0.33,108.67,1,Tuesday,12,1
First Class,High,Consumer,Europe,Grocery,16,0.33,1191.38,5,Thursday,10,0
Same Day,Medium,Corporate,LATAM,Apparel,8,0.15,696.87,4,Saturday,12,0
Standard Class,Low,Consumer,Pacific Asia,Electronics,19,0.33,1095.21,4,Tuesday,5,1
First Class,Medium,Corporate,Pacific Asia,Apparel,8,0.27,495.78,6,Saturday,3,0
Standard Class,Medium,Home Office,Europe,Apparel,5,0.16,729.11,6,Friday,4,0
Same Day,Medium,Corporate,Europe,Electronics,17,0.39,835.97,5,Thursday,7,0
Standard Class,High,Consumer,Pacific Asia,Office Supplies,16,0.01,1183.47,5,Friday,4,0
Second Class,Low,Consumer,Africa,Office Supplies,4,0.15,144.16,3,Tuesday,5,0
Second Class,Low,Home Office,Pacific Asia,Furniture,18,0.12,158.49,7,Wednesday,11,0
Second Class,Low,Consumer,USCA,Electronics,12,0.37,632.61,7,Sunday,12,0
Standard Class,High,Home Office,LATAM,Furniture,4,0.04,76.4,5,Tuesday,10,0
Same Day,Medium,Consumer,Europe,Office Supplies,18,0.25,875.7,3,Tuesday,8,0
Standard Class,Low,Home Office,Europe,Electronics,7,0.29,1189.0,4,Wednesday,1,0
Second Class,Low,Home Office,Africa,Electronics,2,0.07,975.61,3,Wednesday,10,0
Standard Class,Low,Corporate,USCA,Electronics,2,0.06,326.31,1,Tuesday,6,1
Standard Class,Low,Consumer,Pacific Asia,Furniture,13,0.02,961.48,1,Friday,12,1
Standard Class,Medium,Consumer,USCA,Apparel,4,0.06,757.17,5,Monday,12,0
Standard Class,Low,Home Office,USCA,Apparel,5,0.32,152.11,4,Friday,6,0
Standard Class,Low,Home Office,Africa,Apparel,12,0.38,683.45,6,Wednesday,12,1
Standard Class,High,Consumer,Africa,Electronics,11,0.36,1077.16,5,Thursday,5,1
Standard Class,Medium,Consumer,Pacific Asia,Office Supplies,3,0.15,355.01,4,Saturday,11,0
First Class,Medium,Home Office,Pacific Asia,Furniture,11,0.29,794.34,3,Tuesday,1,0
First Class,Low,Corporate,LATAM,Furniture,9,0.33,59.46,1,Thursday,9,0
Standard Class,Low,Home Office,USCA,Office Supplies,8,0.32,1002.72,2,Thursday,11,1
Standard Class,Medium,Home Office,Pacific Asia,Apparel,8,0.03,255.07,2,Thursday,6,1
Standard Class,Low,Home Office,Africa,Grocery,10,0.09,734.26,3,Sunday,9,1
Standard Class,Low,Consumer,LATAM,Office Supplies,6,0.38,633.79,2,Friday,4,1
Second Class,High,Consumer,LATAM,Apparel,18,0.3,662.28,4,Wednesday,10,0
Second Class,High,Consumer,Africa,Electronics,6,0.33,311.95,3,Sunday,2,0
Standard Class,Low,Home Office,Pacific Asia,Office Supplies,12,0.21,675.34,2,Wednesday,3,1
Standard Class,Low,Consumer,Africa,Apparel,16,0.16,727.27,2,Monday,12,1
Standard Class,Critical,Consumer,Pacific Asia,Furniture,16,0.26,516.29,1,Tuesday,4,1
First Class,Low,Consumer,Africa,Grocery,4,0.19,763.57,4,Saturday,5,0
Same Day,Medium,Consumer,Africa,Grocery,18,0.15,237.97,2,Friday,8,1
Standard Class,Critical,Home Office,Europe,Grocery,13,0.14,619.99,6,Saturday,2,1
Standard Class,Critical,Corporate,Pacific Asia,Apparel,3,0.06,862.99,1,Saturday,6,1
First Class,Medium,Corporate,USCA,Apparel,12,0.21,447.92,1,Tuesday,9,0
Same Day,Low,Consumer,Europe,Electronics,19,0.21,499.26,2,Thursday,7,0
Standard Class,Low,Home Office,Europe,Grocery,5,0.24,205.4,5,Friday,1,0
Standard Class,High,Consumer,Europe,Furniture,19,0.05,743.57,6,Tuesday,9,0
Standard Class,High,Corporate,Europe,Grocery,19,0.37,156.99,6,Tuesday,11,1
Second Class,Medium,Consumer,USCA,Office Supplies,12,0.3,605.96,2,Thursday,9,0
Standard Class,High,Consumer,Europe,Office Supplies,5,0.05,260.4,1,Wednesday,5,1
Standard Class,Medium,Consumer,USCA,Furniture,2,0.03,241.01,1,Friday,7,1
Second Class,Medium,Corporate,USCA,Apparel,16,0.26,124.04,2,Saturday,6,1
Standard Class,High,Corporate,Europe,Grocery,4,0.14,435.3,5,Tuesday,2,0
First Class,Medium,Consumer,LATAM,Office Supplies,15,0.13,1042.22,3,Monday,12,0
Standard Class,Medium,Consumer,USCA,Furniture,10,0.34,729.85,5,Wednesday,2,0
Standard Class,Low,Home Office,Europe,Electronics,6,0.14,937.14,5,Monday,10,0
Second Class,Medium,Consumer,Africa,Office Supplies,7,0.25,146.34,5,Wednesday,3,0
Standard Class,Medium,Consumer,Africa,Office Supplies,2,0.21,382.84,7,Saturday,11,1
Same Day,Low,Consumer,Pacific Asia,Grocery,4,0.11,472.45,6,Wednesday,3,0
Standard Class,High,Home Office,USCA,Apparel,15,0.13,1033.41,2,Wednesday,1,1
Standard Class,Medium,Consumer,USCA,Office Supplies,13,0.38,800.63,3,Friday,1,1
Second Class,High,Home Office,Africa,Office Supplies,9,0.13,593.67,5,Sunday,10,0
Standard Class,Low,Consumer,USCA,Grocery,5,0.31,367.57,5,Friday,9,0
Same Day,Medium,Consumer,USCA,Apparel,17,0.34,914.34,4,Friday,1,0
Standard Class,Low,Consumer,Africa,Electronics,6,0.03,1067.11,5,Saturday,2,1
Standard Class,High,Corporate,Europe,Electronics,14,0.27,648.81,4,Saturday,11,1
Standard Class,Low,Consumer,Africa,Electronics,5,0.3,61.68,3,Monday,1,1
Standard Class,Medium,Corporate,LATAM,Electronics,2,0.17,333.5,5,Monday,3,0
First Class,High,Consumer,Africa,Apparel,14,0.23,897.51,7,Thursday,4,0
First Class,Low,Consumer,Africa,Electronics,19,0.06,471.25,1,Thursday,11,1
Standard Class,Critical,Home Office,Europe,Grocery,19,0.13,754.84,2,Wednesday,1,1
Standard Class,High,Corporate,Africa,Grocery,13,0.28,634.18,1,Wednesday,1,1
First Class,Low,Consumer,Africa,Grocery,12,0.24,1090.18,7,Friday,5,0
Same Day,Low,Corporate,Europe,Electronics,1,0.05,375.33,6,Wednesday,9,0
Standard Class,Low,Corporate,Africa,Grocery,3,0.4,540.81,6,Sunday,2,1
Standard Class,Low,Consumer,Europe,Grocery,10,0.38,87.09,6,Wednesday,1,0
Standard Class,High,Consumer,LATAM,Furniture,8,0.09,967.91,7,Monday,2,0
First Class,Critical,Consumer,Europe,Electronics,13,0.35,397.73,5,Friday,7,1
Standard Class,Low,Consumer,USCA,Grocery,19,0.11,869.1,5,Sunday,8,0
Standard Class,Medium,Corporate,USCA,Apparel,3,0.23,13.61,4,Friday,7,0
First Class,Medium,Consumer,Europe,Grocery,3,0.31,1042.25,3,Friday,11,0
Standard Class,Low,Consumer,Africa,Furniture,18,0.14,1166.63,1,Thursday,8,1
Standard Class,Low,Consumer,Pacific Asia,Apparel,3,0.22,569.25,7,Wednesday,9,0
Standard Class,Low,Home Office,Pacific Asia,Apparel,12,0.18,584.3,5,Thursday,3,0
Standard Class,Medium,Corporate,LATAM,Office Supplies,2,0.3,743.48,2,Tuesday,4,1
Standard Class,Medium,Consumer,LATAM,Furniture,8,0.19,1170.38,2,Thursday,4,1
Standard Class,Medium,Consumer,Pacific Asia,Furniture,14,0.23,674.71,3,Monday,5,0
Standard Class,Low,Consumer,Pacific Asia,Grocery,19,0.34,97.89,7,Monday,8,1
Second Class,High,Corporate,Europe,Furniture,11,0.28,682.55,7,Sunday,11,0
First Class,Medium,Consumer,Pacific Asia,Apparel,16,0.21,508.67,6,Monday,1,0
First Class,High,Home Office,USCA,Apparel,14,0.18,915.42,1,Saturday,6,0
Standard Class,Medium,Consumer,LATAM,Grocery,8,0.05,370.97,7,Thursday,7,0
Standard Class,High,Corporate,LATAM,Apparel,14,0.02,1110.11,4,Tuesday,10,0
Standard Class,High,Corporate,USCA,Grocery,12,0.38,962.09,4,Tuesday,3,0
Standard Class,Medium,Home Office,LATAM,Office Supplies,17,0.07,398.61,7,Thursday,9,0
Standard Class,Low,Consumer,Pacific Asia,Furniture,12,0.11,428.87,6,Thursday,6,0
Second Class,High,Corporate,LATAM,Furniture,12,0.24,626.2,4,Monday,9,0
Standard Class,Medium,Consumer,USCA,Furniture,12,0.33,128.52,6,Friday,3,0
Standard Class,High,Consumer,LATAM,Office Supplies,7,0.33,831.24,4,Saturday,4,0
Standard Class,High,Home Office,Pacific Asia,Furniture,10,0.33,734.88,7,Tuesday,12,0
Second Class,Medium,Home Office,Europe,Office Supplies,16,0.39,389.26,2,Saturday,8,1
Standard Class,Low,Corporate,Pacific Asia,Office Supplies,3,0.02,769.27,2,Tuesday,4,1
Second Class,Low,Consumer,LATAM,Grocery,3,0.16,126.91,5,Friday,6,0
Standard Class,Critical,Home Office,Africa,Electronics,1,0.37,1142.94,5,Sunday,3,1
First Class,Low,Consumer,LATAM,Electronics,5,0.19,89.7,7,Friday,7,0
First Class,Low,Consumer,LATAM,Grocery,8,0.35,401.32,6,Thursday,6,0
Standard Class,Medium,Corporate,USCA,Grocery,17,0.01,1164.93,1,Sunday,9,1
Standard Class,Medium,Consumer,Africa,Grocery,16,0.2,484.04,1,Saturday,1,1
Standard Class,Low,Home Office,USCA,Furniture,16,0.37,1063.87,3,Sunday,6,1
Standard Class,Low,Consumer,USCA,Apparel,18,0.1,189.57,6,Monday,12,0
Second Class,Medium,Consumer,Pacific Asia,Grocery,18,0.37,89.42,2,Monday,11,1
First Class,Low,Corporate,Europe,Office Supplies,14,0.0,138.73,3,Sunday,2,0
Second Class,High,Corporate,LATAM,Electronics,12,0.03,1166.74,4,Sunday,9,0
First Class,Low,Consumer,Africa,Furniture,10,0.19,115.64,7,Monday,2,0
Standard Class,High,Consumer,LATAM,Apparel,2,0.04,785.57,5,Thursday,3,0
Standard Class,High,Corporate,USCA,Electronics,3,0.09,534.31,5,Friday,7,0
Second Class,Medium,Consumer,Europe,Electronics,1,0.12,1034.35,3,Tuesday,9,0
Standard Class,Low,Consumer,USCA,Electronics,9,0.19,360.23,7,Monday,4,0
Second Class,Medium,Corporate,LATAM,Office Supplies,4,0.16,44.41,3,Friday,11,0
Standard Class,Medium,Consumer,Pacific Asia,Office Supplies,16,0.37,900.83,2,Saturday,5,1
Standard Class,Low,Home Office,LATAM,Office Supplies,4,0.35,710.62,4,Monday,12,0
Same Day,High,Corporate,USCA,Apparel,17,0.3,527.06,6,Saturday,7,0
Standard Class,Medium,Home Office,Africa,Electronics,15,0.26,394.39,1,Saturday,6,1
Same Day,High,Consumer,Africa,Grocery,4,0.08,1080.33,1,Saturday,12,0
Same Day,Low,Home Office,Africa,Apparel,4,0.24,154.94,3,Monday,6,0
First Class,Low,Consumer,Africa,Office Supplies,12,0.06,178.21,3,Thursday,10,0
Second Class,Critical,Consumer,Africa,Office Supplies,3,0.18,27.65,3,Friday,8,0
Second Class,Medium,Consumer,Europe,Office Supplies,5,0.18,96.35,1,Monday,6,0
First Class,Medium,Consumer,Europe,Furniture,19,0.28,1030.17,5,Sunday,6,0
Standard Class,Medium,Consumer,Pacific Asia,Electronics,6,0.33,954.44,5,Wednesday,3,0
Standard Class,Low,Corporate,Africa,Grocery,9,0.13,131.88,7,Friday,3,1
Second Class,Medium,Consumer,USCA,Electronics,3,0.02,937.98,1,Tuesday,7,0
Standard Class,Low,Consumer,USCA,Apparel,2,0.02,772.85,5,Saturday,4,0
Standard Class,Medium,Corporate,LATAM,Furniture,10,0.35,471.11,2,Saturday,10,1
Standard Class,Medium,Consumer,Africa,Apparel,5,0.19,110.2,6,Saturday,9,1
Second Class,High,Corporate,USCA,Office Supplies,7,0.1,726.8,3,Wednesday,6,0
First Class,Medium,Corporate,Pacific Asia,Office Supplies,15,0.01,1009.21,6,Tuesday,4,0
Standard Class,Low,Home Office,USCA,Grocery,2,0.21,510.64,4,Wednesday,12,0
Same Day,Medium,Consumer,Pacific Asia,Electronics,10,0.05,515.02,4,Thursday,12,0
Second Class,Low,Home Office,Africa,Apparel,11,0.17,993.75,5,Sunday,9,0
First Class,Low,Corporate,LATAM,Office Supplies,8,0.21,260.61,1,Monday,7,0
Second Class,Low,Home Office,LATAM,Grocery,12,0.09,215.24,6,Wednesday,3,0
First Class,Medium,Consumer,Europe,Grocery,4,0.08,837.74,2,Thursday,5,0
Standard Class,Low,Corporate,Africa,Apparel,13,0.01,791.19,6,Monday,2,1
First Class,Medium,Home Office,USCA,Electronics,18,0.23,1095.43,4,Monday,1,0
Standard Class,High,Consumer,LATAM,Furniture,18,0.08,407.76,4,Friday,11,0
First Class,Medium,Corporate,Pacific Asia,Grocery,3,0.35,250.38,5,Friday,9,0
Same Day,Low,Home Office,Pacific Asia,Apparel,3,0.24,520.31,1,Sunday,5,0
Standard Class,Low,Corporate,USCA,Office Supplies,7,0.22,466.71,4,Saturday,5,0
Standard Class,Medium,Consumer,USCA,Furniture,17,0.2,1126.33,7,Monday,7,0
First Class,High,Corporate,Africa,Furniture,6,0.09,1101.95,2,Thursday,10,1
Standard Class,Low,Consumer,USCA,Electronics,16,0.39,519.5,3,Friday,3,1
First Class,High,Home Office,USCA,Apparel,5,0.39,500.87,7,Friday,5,0
Standard Class,Medium,Consumer,USCA,Electronics,17,0.13,539.54,1,Thursday,1,1
Standard Class,Medium,Consumer,LATAM,Grocery,11,0.31,879.77,6,Thursday,4,0
Same Day,Critical,Consumer,Africa,Grocery,12,0.05,664.57,3,Wednesday,8,0
Second Class,Medium,Corporate,USCA,Apparel,12,0.31,352.63,7,Friday,12,0
First Class,High,Home Office,USCA,Office Supplies,4,0.11,924.79,6,Thursday,3,0
Standard Class,Low,Consumer,Pacific Asia,Grocery,9,0.12,1085.56,3,Thursday,1,0
Second Class,Medium,Consumer,LATAM,Grocery,14,0.2,864.13,1,Wednesday,11,0
Second Class,Medium,Consumer,USCA,Office Supplies,12,0.16,241.64,2,Sunday,5,0
Second Class,Low,Home Office,LATAM,Furniture,10,0.05,952.21,6,Thursday,8,0
Second Class,Medium,Consumer,Africa,Apparel,8,0.24,1186.85,2,Thursday,8,0
Second Class,Low,Consumer,Africa,Furniture,3,0.09,825.33,6,Tuesday,2,0
Standard Class,Low,Corporate,Europe,Electronics,13,0.18,300.22,7,Wednesday,8,0
Standard Class,Low,Consumer,Pacific Asia,Office Supplies,16,0.09,16.6,5,Friday,7,0
First Class,Medium,Consumer,Europe,Apparel,13,0.34,468.63,7,Saturday,4,0
Standard Class,High,Consumer,LATAM,Office Supplies,13,0.14,569.6,1,Friday,8,1
Second Class,Medium,Home Office,Pacific Asia,Office Supplies,19,0.35,1092.49,1,Sunday,1,1
Standard Class,Medium,Home Office,USCA,Furniture,18,0.13,747.42,6,Saturday,11,0
Second Class,Low,Corporate,Pacific Asia,Furniture,8,0.07,345.13,5,Thursday,2,0
Second Class,High,Consumer,Pacific Asia,Electronics,1,0.23,833.16,2,Thursday,8,0
Standard Class,Medium,Corporate,Africa,Apparel,17,0.22,119.71,7,Thursday,10,1
Standard Class,High,Consumer,Europe,Office Supplies,9,0.25,263.98,6,Monday,10,0
Standard Class,High,Corporate,Africa,Electronics,10,0.12,895.94,1,Sunday,3,1
Second Class,Low,Corporate,Africa,Office Supplies,9,0.13,363.7,1,Saturday,12,1
First Class,Medium,Home Office,Europe,Electronics,12,0.09,47.06,6,Sunday,5,0
Standard Class,Critical,Consumer,Africa,Office Supplies,10,0.37,601.15,3,Monday,7,1
Second Class,Low,Corporate,Pacific Asia,Furniture,8,0.27,793.08,3,Saturday,8,0
Standard Class,Medium,Corporate,LATAM,Grocery,4,0.3,948.93,2,Wednesday,9,1
Standard Class,Critical,Consumer,USCA,Electronics,14,0.08,374.18,7,Thursday,9,1
Same Day,Low,Corporate,USCA,Electronics,7,0.26,515.24,3,Friday,4,0
Standard Class,High,Home Office,Africa,Grocery,10,0.31,672.31,3,Sunday,12,1
Standard Class,High,Home Office,Europe,Furniture,10,0.14,98.86,2,Saturday,4,1
Standard Class,Medium,Corporate,Pacific Asia,Electronics,15,0.06,245.2,2,Tuesday,2,1
Standard Class,Low,Consumer,Africa,Furniture,15,0.28,449.41,5,Sunday,1,1
Standard Class,Low,Home Office,Pacific Asia,Office Supplies,2,0.24,327.94,1,Saturday,2,1
Standard Class,Low,Corporate,Pacific Asia,Office Supplies,16,0.23,564.34,1,Thursday,9,1
Second Class,High,Consumer,USCA,Grocery,10,0.07,784.37,2,Saturday,5,0
Standard Class,High,Consumer,LATAM,Apparel,15,0.1,652.23,2,Thursday,5,1
Standard Class,Medium,Consumer,LATAM,Furniture,19,0.25,931.31,4,Friday,5,1
Standard Class,Low,Consumer,Europe,Apparel,10,0.25,755.36,6,Wednesday,8,0
Standard Class,Low,Corporate,LATAM,Apparel,15,0.22,357.38,6,Monday,4,0
Second Class,High,Consumer,Africa,Furniture,2,0.31,152.76,6,Wednesday,4,0
Same Day,Medium,Consumer,USCA,Apparel,14,0.33,771.23,3,Monday,2,0
Standard Class,High,Consumer,USCA,Electronics,15,0.11,262.22,4,Monday,10,0
First Class,Medium,Consumer,Pacific Asia,Office Supplies,10,0.06,389.21,1,Sunday,11,0
Second Class,High,Consumer,Africa,Grocery,9,0.08,956.29,2,Sunday,3,0
Second Class,Medium,Consumer,Africa,Furniture,19,0.11,271.7,5,Tuesday,2,0
Standard Class,Medium,Consumer,Pacific Asia,Grocery,6,0.38,650.02,6,Saturday,5,0
Standard Class,Medium,Corporate,Pacific Asia,Office Supplies,8,0.05,122.84,1,Saturday,2,1
Standard Class,High,Consumer,USCA,Grocery,2,0.35,505.68,2,Monday,6,1
Second Class,Medium,Corporate,Africa,Furniture,1,0.08,1176.53,6,Tuesday,11,0
Standard Class,Low,Consumer,LATAM,Grocery,13,0.14,1145.72,1,Sunday,7,1
Same Day,Low,Consumer,LATAM,Apparel,6,0.05,1136.45,4,Friday,9,0
Standard Class,Low,Consumer,USCA,Apparel,3,0.04,718.24,7,Thursday,11,0
Standard Class,Medium,Consumer,LATAM,Office Supplies,2,0.04,360.69,2,Friday,1,1
Second Class,Low,Consumer,LATAM,Apparel,10,0.14,432.39,3,Thursday,6,0
Standard Class,Low,Consumer,Africa,Grocery,8,0.21,255.19,7,Sunday,7,1
Standard Class,Medium,Consumer,Africa,Electronics,9,0.08,126.14,5,Sunday,12,1
Second Class,Low,Corporate,Europe,Grocery,7,0.37,210.93,2,Saturday,8,0
Same Day,High,Consumer,Africa,Electronics,13,0.23,566.04,1,Thursday,8,1
First Class,Medium,Home Office,Europe,Grocery,7,0.35,42.17,6,Friday,3,0
Second Class,Medium,Home Office,Africa,Electronics,19,0.06,1127.64,7,Saturday,4,0
Second Class,Low,Corporate,Pacific Asia,Electronics,1,0.06,678.33,7,Sunday,7,0
Same Day,Low,Consumer,Africa,Furniture,13,0.34,216.49,7,Sunday,1,0
Standard Class,Medium,Home Office,Europe,Furniture,17,0.23,505.45,6,Friday,6,0
Standard Class,High,Consumer,LATAM,Grocery,12,0.38,457.78,2,Tuesday,9,1
Standard Class,High,Consumer,Africa,Apparel,14,0.06,1004.07,3,Thursday,3,1
Standard Class,Low,Consumer,LATAM,Furniture,16,0.01,153.39,3,Sunday,10,1
Second Class,Medium,Home Office,LATAM,Electronics,12,0.37,521.55,7,Thursday,2,0
Second Class,Low,Consumer,Africa,Grocery,16,0.28,856.46,7,Sunday,5,0
Second Class,Critical,Home Office,Africa,Apparel,2,0.32,454.09,6,Tuesday,11,1
Standard Class,Critical,Consumer,Pacific Asia,Grocery,19,0.12,435.54,2,Saturday,1,1
Second Class,Medium,Home Office,Europe,Electronics,7,0.0,415.12,4,Saturday,11,0
Standard Class,Medium,Home Office,Africa,Furniture,12,0.19,916.79,6,Friday,12,1
Second Class,High,Home Office,LATAM,Furniture,14,0.4,151.97,5,Sunday,5,0
Second Class,Medium,Consumer,LATAM,Office Supplies,18,0.36,1029.48,7,Saturday,11,0
Standard Class,Medium,Home Office,Africa,Office Supplies,7,0.03,94.35,5,Friday,3,1
Standard Class,Critical,Home Office,Europe,Grocery,5,0.08,389.61,3,Wednesday,4,1
Standard Class,Medium,Consumer,LATAM,Grocery,1,0.12,472.96,1,Friday,10,1
First Class,Medium,Consumer,Pacific Asia,Apparel,7,0.33,478.37,6,Wednesday,9,0
Same Day,High,Corporate,LATAM,Furniture,16,0.33,233.33,7,Friday,7,0
Second Class,Medium,Consumer,Europe,Furniture,16,0.07,727.76,3,Sunday,4,0
Standard Class,Medium,Corporate,USCA,Office Supplies,17,0.21,549.75,7,Tuesday,10,0
Standard Class,Low,Consumer,Pacific Asia,Electronics,4,0.2,685.41,6,Tuesday,9,0
Second Class,Low,Corporate,Pacific Asia,Electronics,16,0.17,741.75,4,Wednesday,1,0
First Class,Low,Consumer,USCA,Office Supplies,4,0.21,237.69,6,Wednesday,10,0
Standard Class,Medium,Consumer,Pacific Asia,Grocery,5,0.12,1105.15,3,Wednesday,12,0
Standard Class,Medium,Consumer,Pacific Asia,Furniture,5,0.21,997.81,4,Tuesday,5,0
Second Class,Critical,Home Office,Pacific Asia,Furniture,11,0.27,995.8,4,Sunday,6,0
Standard Class,Medium,Consumer,LATAM,Furniture,14,0.03,642.67,1,Sunday,5,1
Standard Class,High,Home Office,LATAM,Electronics,17,0.39,985.86,2,Wednesday,10,1
Standard Class,Low,Corporate,Africa,Grocery,9,0.07,756.71,1,Wednesday,9,1
Standard Class,High,Consumer,Africa,Electronics,17,0.14,546.16,1,Friday,5,1
First Class,Medium,Consumer,LATAM,Grocery,19,0.19,905.43,6,Monday,9,0
Same Day,Medium,Consumer,Pacific Asia,Office Supplies,1,0.02,723.93,2,Monday,10,0
Second Class,Low,Consumer,Europe,Grocery,13,0.22,12.4,2,Sunday,11,0
Standard Class,Medium,Consumer,USCA,Electronics,10,0.35,1196.43,2,Sunday,6,1
Standard Class,Medium,Corporate,Africa,Furniture,10,0.36,521.52,1,Friday,7,1
Standard Class,Medium,Home Office,Pacific Asia,Electronics,7,0.13,690.36,3,Sunday,1,0
Standard Class,High,Consumer,Africa,Office Supplies,6,0.22,493.06,3,Tuesday,11,1
Second Class,High,Corporate,Europe,Furniture,7,0.31,129.36,7,Friday,8,0
Standard Class,Critical,Home Office,Pacific Asia,Electronics,5,0.1,1002.47,1,Sunday,8,1
Standard Class,Medium,Home Office,LATAM,Furniture,7,0.21,822.24,2,Monday,1,1
Standard Class,Critical,Home Office,Europe,Office Supplies,15,0.15,995.93,1,Saturday,12,1
Standard Class,High,Home Office,Africa,Grocery,10,0.15,585.9,7,Sunday,8,1
Standard Class,Low,Consumer,Pacific Asia,Grocery,13,0.04,952.13,3,Friday,5,0
Standard Class,Medium,Home Office,Pacific Asia,Apparel,9,0.16,959.29,2,Sunday,11,1
Same Day,Low,Home Office,USCA,Furniture,6,0.06,410.19,1,Wednesday,8,0
Standard Class,Low,Consumer,USCA,Office Supplies,7,0.12,14.85,3,Tuesday,5,0
Standard Class,Low,Consumer,USCA,Electronics,6,0.13,1033.15,2,Wednesday,2,1
First Class,Low,Consumer,LATAM,Electronics,16,0.17,229.71,7,Sunday,5,0
Same Day,Medium,Consumer,Pacific Asia,Apparel,2,0.37,1043.77,2,Monday,11,0
Second Class,Medium,Consumer,Pacific Asia,Electronics,15,0.25,745.78,5,Thursday,10,0
First Class,Low,Corporate,Africa,Office Supplies,3,0.39,765.34,2,Monday,5,1
Standard Class,High,Corporate,LATAM,Office Supplies,13,0.24,304.19,3,Sunday,4,0
Standard Class,High,Consumer,USCA,Grocery,17,0.32,489.1,3,Friday,6,1
Standard Class,Critical,Consumer,Pacific Asia,Furniture,19,0.33,381.39,4,Monday,10,1
Second Class,Medium,Corporate,USCA,Furniture,11,0.3,236.51,6,Wednesday,9,0
Second Class,Medium,Consumer,Europe,Electronics,2,0.27,872.16,3,Thursday,6,0
Standard Class,Low,Consumer,LATAM,Furniture,10,0.17,124.05,7,Friday,10,0
Standard Class,Low,Corporate,USCA,Apparel,12,0.23,619.24,3,Monday,5,0
Second Class,Low,Consumer,LATAM,Furniture,13,0.08,647.85,3,Friday,4,0
Standard Class,Medium,Consumer,Pacific Asia,Electronics,6,0.25,1146.91,2,Saturday,6,1
Second Class,Critical,Consumer,Europe,Furniture,4,0.21,1044.58,4,Saturday,12,0
Second Class,Low,Corporate,Africa,Office Supplies,12,0.32,595.11,6,Friday,12,0
Second Class,Low,Corporate,Europe,Office Supplies,15,0.36,1014.58,4,Tuesday,8,0
First Class,Low,Consumer,LATAM,Grocery,19,0.05,950.79,1,Wednesday,7,0
First Class,Medium,Consumer,Europe,Grocery,8,0.28,43.2,7,Friday,12,0
Standard Class,Low,Corporate,Pacific Asia,Grocery,5,0.38,1107.34,1,Wednesday,9,1
Second Class,Medium,Home Office,LATAM,Grocery,4,0.37,828.61,4,Saturday,2,0
Second Class,Low,Corporate,LATAM,Furniture,13,0.33,809.62,4,Thursday,2,0
Standard Class,Medium,Home Office,Pacific Asia,Electronics,6,0.02,859.04,2,Monday,5,1
Standard Class,Low,Corporate,USCA,Furniture,16,0.1,277.47,7,Sunday,6,0
Standard Class,Medium,Corporate,Africa,Electronics,10,0.06,44.72,3,Saturday,4,1
Standard Class,Low,Home Office,Europe,Electronics,5,0.37,285.89,6,Monday,6,0
Second Class,High,Corporate,Africa,Electronics,15,0.3,955.55,4,Saturday,6,1
First Class,Medium,Home Office,Africa,Electronics,11,0.21,720.81,6,Sunday,3,0
Standard Class,Medium,Consumer,Pacific Asia,Office Supplies,9,0.39,439.92,6,Thursday,2,0
Standard Class,Medium,Home Office,USCA,Electronics,18,0.08,297.41,5,Tuesday,9,0
Same Day,Low,Corporate,Africa,Furniture,1,0.26,961.8,2,Thursday,12,1
Standard Class,Low,Home Office,LATAM,Electronics,9,0.24,554.86,1,Sunday,8,1
Standard Class,Medium,Consumer,USCA,Office Supplies,9,0.14,737.98,2,Tuesday,8,1
Second Class,Medium,Corporate,Pacific Asia,Furniture,15,0.19,24.96,4,Tuesday,5,0
Standard Class,Medium,Home Office,Africa,Apparel,4,0.09,521.62,5,Saturday,7,1
Standard Class,Medium,Consumer,Pacific Asia,Furniture,4,0.27,28.37,4,Monday,9,0
Standard Class,High,Corporate,Europe,Office Supplies,1,0.17,947.04,7,Friday,1,0
Standard Class,High,Home Office,Pacific Asia,Office Supplies,1,0.01,306.61,6,Wednesday,2,0
Second Class,Low,Consumer,LATAM,Grocery,1,0.38,208.88,1,Monday,9,0
Standard Class,Medium,Consumer,Pacific Asia,Apparel,6,0.2,1112.41,7,Thursday,5,0
Standard Class,Low,Corporate,USCA,Electronics,11,0.28,31.43,2,Sunday,9,1
Second Class,Medium,Corporate,Europe,Office Supplies,16,0.08,245.41,1,Saturday,4,0
First Class,Low,Consumer,LATAM,Grocery,5,0.05,296.18,4,Wednesday,3,0
Standard Class,Low,Consumer,Europe,Grocery,10,0.36,989.14,4,Saturday,10,0
Standard Class,High,Consumer,LATAM,Electronics,16,0.24,855.0,2,Tuesday,3,1
Second Class,Medium,Consumer,Europe,Furniture,11,0.2,1161.22,4,Thursday,5,0
Standard Class,Low,Consumer,Africa,Apparel,18,0.21,836.88,7,Wednesday,11,1
Standard Class,Low,Corporate,Pacific Asia,Electronics,14,0.09,291.22,3,Sunday,4,1
Second Class,Medium,Corporate,USCA,Electronics,13,0.37,208.53,2,Friday,10,1
First Class,High,Corporate,USCA,Furniture,1,0.09,908.93,1,Tuesday,8,0
First Class,Medium,Consumer,Africa,Furniture,3,0.06,1082.08,5,Friday,11,0
Second Class,Critical,Consumer,Europe,Office Supplies,15,0.37,1094.89,6,Friday,3,1
Second Class,Low,Consumer,Pacific Asia,Furniture,12,0.1,927.61,4,Sunday,12,0
Standard Class,Medium,Home Office,Africa,Furniture,5,0.34,955.3,5,Saturday,9,1
Second Class,High,Corporate,Europe,Apparel,16,0.31,798.22,1,Saturday,6,1
Standard Class,Medium,Home Office,Pacific Asia,Apparel,14,0.15,885.63,7,Sunday,3,0
Standard Class,Low,Consumer,Europe,Apparel,10,0.1,148.1,5,Thursday,5,0
Second Class,Medium,Corporate,USCA,Electronics,5,0.3,401.76,2,Sunday,1,0
Second Class,Medium,Corporate,Pacific Asia,Apparel,7,0.24,555.14,7,Tuesday,7,0
Standard Class,Medium,Home Office,USCA,Apparel,16,0.1,800.54,6,Saturday,4,0
Same Day,High,Corporate,USCA,Grocery,15,0.36,507.04,7,Friday,9,0
Standard Class,High,Corporate,Pacific Asia,Apparel,6,0.29,456.25,1,Friday,4,1
Standard Class,Medium,Consumer,Africa,Electronics,7,0.36,680.68,2,Monday,10,1
Standard Class,Low,Corporate,Europe,Grocery,18,0.17,479.37,2,Monday,12,1
First Class,Medium,Consumer,Pacific Asia,Electronics,19,0.05,96.32,5,Friday,9,0
Second Class,High,Consumer,USCA,Electronics,19,0.37,1163.61,3,Sunday,3,0
Standard Class,Critical,Consumer,Europe,Grocery,17,0.24,1112.13,2,Saturday,10,1
Second Class,Low,Home Office,Pacific Asia,Grocery,14,0.24,56.42,2,Saturday,9,0
Standard Class,Medium,Consumer,Africa,Grocery,9,0.23,639.73,1,Sunday,8,1
First Class,Low,Home Office,Pacific Asia,Grocery,16,0.19,858.2,6,Sunday,6,0
Standard Class,Low,Home Office,Pacific Asia,Electronics,10,0.1,735.74,7,Tuesday,2,0
Standard Class,Medium,Home Office,LATAM,Grocery,9,0.25,430.53,3,Monday,6,0
Same Day,Medium,Home Office,Europe,Furniture,12,0.29,965.9,4,Sunday,4,0
Standard Class,Low,Home Office,Pacific Asia,Apparel,9,0.37,741.55,2,Saturday,9,1
Standard Class,High,Consumer,USCA,Apparel,16,0.03,294.33,1,Sunday,10,1
Second Class,High,Consumer,USCA,Furniture,16,0.1,737.37,5,Monday,10,0
Same Day,Critical,Corporate,LATAM,Electronics,2,0.31,336.86,1,Thursday,5,1
Standard Class,Low,Consumer,USCA,Electronics,7,0.31,719.06,7,Wednesday,6,0
Standard Class,Medium,Consumer,Pacific Asia,Apparel,7,0.08,919.54,3,Friday,11,0
Standard Class,Medium,Corporate,Europe,Office Supplies,7,0.07,370.03,1,Saturday,6,1
Standard Class,Low,Corporate,LATAM,Furniture,19,0.15,346.2,4,Monday,1,0
Standard Class,Medium,Home Office,LATAM,Furniture,3,0.03,874.78,5,Thursday,10,0
Second Class,High,Corporate,Africa,Apparel,10,0.29,614.96,5,Monday,9,0
Same Day,Low,Corporate,Africa,Grocery,6,0.27,175.17,6,Wednesday,2,0
Standard Class,Critical,Consumer,Europe,Office Supplies,2,0.34,659.38,2,Thursday,8,1
Standard Class,High,Consumer,Europe,Electronics,18,0.17,799.22,3,Thursday,1,0
Standard Class,High,Home Office,LATAM,Electronics,9,0.25,594.67,5,Friday,3,0
Standard Class,High,Consumer,Pacific Asia,Electronics,15,0.38,752.75,5,Saturday,10,1
First Class,Low,Consumer,Pacific Asia,Electronics,14,0.38,444.18,4,Tuesday,1,0
Standard Class,High,Corporate,Africa,Furniture,9,0.03,1054.6,7,Sunday,5,0
Standard Class,Low,Consumer,Europe,Furniture,2,0.0,295.56,1,Saturday,2,1
Second Class,High,Consumer,Europe,Grocery,10,0.38,344.8,4,Thursday,6,0
Standard Class,Low,Consumer,Pacific Asia,Furniture,4,0.21,930.66,3,Tuesday,2,0
Second Class,Low,Consumer,Africa,Grocery,1,0.28,78.85,7,Monday,10,0
Standard Class,Medium,Consumer,Pacific Asia,Grocery,11,0.37,1184.98,3,Friday,1,0
First Class,Low,Home Office,Pacific Asia,Electronics,16,0.17,758.53,5,Thursday,7,0
Same Day,Medium,Corporate,LATAM,Electronics,11,0.18,970.86,2,Wednesday,3,0
Second Class,Medium,Consumer,Europe,Furniture,13,0.07,704.89,1,Saturday,7,0
Same Day,High,Consumer,LATAM,Furniture,14,0.36,945.73,1,Saturday,3,1
Standard Class,Medium,Consumer,LATAM,Grocery,1,0.26,526.7,3,Sunday,11,0
Standard Class,Low,Home Office,Pacific Asia,Apparel,9,0.07,696.32,4,Monday,6,0
Second Class,Low,Consumer,Africa,Electronics,18,0.22,797.69,5,Saturday,3,0
Second Class,Medium,Home Office,Pacific Asia,Office Supplies,11,0.13,1083.29,7,Friday,5,0
Standard Class,Medium,Consumer,Africa,Apparel,3,0.06,51.38,6,Sunday,12,1
Standard Class,Medium,Home Office,Europe,Electronics,4,0.07,139.6,7,Monday,12,0
Standard Class,Low,Consumer,USCA,Electronics,11,0.22,831.87,1,Saturday,2,1
Standard Class,Low,Consumer,Europe,Furniture,7,0.23,419.79,4,Monday,6,0
Standard Class,Low,Consumer,Pacific Asia,Office Supplies,9,0.32,816.5,4,Friday,2,0
Second Class,Low,Corporate,Africa,Office Supplies,5,0.1,281.01,6,Wednesday,9,0
Standard Class,Low,Consumer,USCA,Electronics,2,0.37,757.63,3,Thursday,3,0
Standard Class,High,Consumer,Africa,Grocery,12,0.21,578.96,5,Saturday,6,1
Second Class,Low,Home Office,Africa,Office Supplies,4,0.08,156.27,5,Wednesday,2,0
Second Class,Medium,Consumer,USCA,Apparel,13,0.17,1116.02,7,Sunday,11,0
First Class,Medium,Consumer,USCA,Grocery,2,0.37,952.72,2,Saturday,8,0
Second Class,Low,Home Office,Europe,Furniture,15,0.19,939.48,5,Wednesday,10,0
Standard Class,Medium,Consumer,LATAM,Electronics,1,0.35,839.34,3,Tuesday,5,0
First Class,Medium,Home Office,USCA,Electronics,18,0.06,35.4,6,Tuesday,9,0
Standard Class,Medium,Consumer,LATAM,Apparel,2,0.37,610.5,4,Thursday,6,0
Standard Class,High,Consumer,LATAM,Apparel,4,0.17,903.64,1,Tuesday,5,1
Second Class,Low,Consumer,LATAM,Furniture,19,0.37,267.93,4,Thursday,6,0
Same Day,High,Home Office,LATAM,Furniture,10,0.35,742.16,1,Wednesday,3,0
Standard Class,Medium,Home Office,USCA,Office Supplies,13,0.26,1116.08,2,Saturday,2,1
Standard Class,Medium,Home Office,Africa,Grocery,19,0.27,905.99,7,Tuesday,11,1
Standard Class,High,Consumer,USCA,Electronics,8,0.08,661.69,2,Saturday,1,1
Standard Class,High,Home Office,USCA,Office Supplies,10,0.24,378.81,6,Saturday,3,0
Standard Class,Medium,Consumer,Pacific Asia,Furniture,8,0.22,767.48,2,Sunday,12,1
Second Class,High,Consumer,Pacific Asia,Apparel,19,0.13,860.14,6,Thursday,9,0
Standard Class,Medium,Home Office,Europe,Office Supplies,9,0.2,768.95,6,Saturday,5,0
Same Day,Medium,Consumer,LATAM,Apparel,9,0.37,908.95,7,Wednesday,10,0
First Class,Low,Consumer,LATAM,Grocery,13,0.0,342.3,4,Wednesday,6,0
Second Class,Low,Consumer,Pacific Asia,Apparel,1,0.17,614.3,3,Monday,1,0
First Class,High,Corporate,Africa,Electronics,12,0.13,662.92,5,Tuesday,6,0
Standard Class,Low,Consumer,Europe,Grocery,10,0.38,116.96,7,Thursday,4,0
Standard Class,Low,Consumer,Africa,Apparel,19,0.39,220.09,6,Friday,6,1
Second Class,High,Home Office,Pacific Asia,Office Supplies,8,0.23,374.88,6,Thursday,4,0
First Class,Low,Consumer,Africa,Electronics,11,0.22,66.83,6,Friday,6,0
First Class,Low,Consumer,LATAM,Electronics,11,0.36,287.99,1,Thursday,7,0
Standard Class,Medium,Corporate,Pacific Asia,Furniture,16,0.0,631.37,3,Wednesday,3,1
Same Day,Medium,Home Office,Africa,Furniture,11,0.22,654.68,6,Thursday,8,0
Standard Class,High,Consumer,Europe,Office Supplies,1,0.01,306.82,5,Friday,12,0
First Class,Medium,Corporate,Europe,Furniture,6,0.39,1136.32,7,Thursday,11,0
Same Day,Medium,Consumer,USCA,Apparel,13,0.13,565.93,1,Tuesday,3,0
Standard Class,Medium,Corporate,Pacific Asia,Furniture,11,0.21,768.36,4,Monday,5,0
Second Class,Medium,Consumer,Pacific Asia,Electronics,3,0.17,46.13,7,Monday,12,0
Standard Class,Medium,Consumer,Pacific Asia,Office Supplies,1,0.36,485.03,1,Friday,9,1
Standard Class,High,Consumer,LATAM,Apparel,14,0.4,655.11,4,Friday,12,1
Standard Class,Medium,Home Office,LATAM,Electronics,11,0.03,381.58,5,Sunday,2,0
Second Class,Low,Corporate,Pacific Asia,Electronics,14,0.29,213.93,3,Sunday,4,0
Same Day,Low,Home Office,Africa,Grocery,10,0.15,249.36,1,Saturday,3,1
Second Class,Medium,Corporate,LATAM,Furniture,2,0.06,565.19,5,Friday,7,0
Standard Class,Low,Consumer,Pacific Asia,Apparel,5,0.16,94.51,2,Saturday,10,1
First Class,Medium,Consumer,LATAM,Office Supplies,15,0.4,289.01,6,Sunday,8,0
Same Day,High,Home Office,USCA,Office Supplies,18,0.14,866.25,6,Monday,1,0
Standard Class,Medium,Corporate,Europe,Office Supplies,16,0.11,265.54,6,Saturday,4,0
Same Day,Low,Home Office,USCA,Grocery,3,0.34,149.15,3,Friday,8,0
Standard Class,High,Consumer,Pacific Asia,Apparel,9,0.35,109.68,6,Sunday,10,0
First Class,Low,Consumer,Europe,Electronics,18,0.14,1186.59,2,Sunday,9,0
Standard Class,Medium,Consumer,Africa,Grocery,19,0.12,113.37,6,Thursday,10,1
Standard Class,Medium,Consumer,Pacific Asia,Furniture,5,0.26,525.86,2,Sunday,7,1
Standard Class,Low,Consumer,Africa,Electronics,4,0.08,618.18,3,Monday,3,1
Second Class,High,Consumer,Africa,Office Supplies,8,0.19,1157.85,1,Sunday,5,0
Standard Class,Low,Corporate,LATAM,Furniture,7,0.06,1070.41,5,Monday,2,0
Standard Class,Critical,Consumer,LATAM,Apparel,11,0.12,292.84,3,Thursday,2,1
Second Class,Low,Consumer,Europe,Apparel,12,0.12,110.79,7,Friday,3,0
Same Day,Low,Corporate,Europe,Grocery,12,0.28,531.13,1,Tuesday,9,0
Standard Class,Low,Consumer,LATAM,Apparel,16,0.11,130.09,6,Monday,7,0
Standard Class,Low,Corporate,Europe,Office Supplies,16,0.36,1046.62,6,Saturday,10,1
Standard Class,Medium,Consumer,USCA,Grocery,15,0.39,847.49,7,Saturday,3,1
Standard Class,Medium,Home Office,Pacific Asia,Grocery,1,0.03,1133.11,3,Thursday,11,0
First Class,High,Corporate,USCA,Office Supplies,15,0.16,687.65,3,Monday,4,0
First Class,Low,Home Office,Pacific Asia,Apparel,18,0.12,443.67,6,Wednesday,1,0
Second Class,Medium,Corporate,LATAM,Furniture,6,0.14,605.77,1,Tuesday,11,0
Standard Class,Medium,Consumer,USCA,Grocery,9,0.11,201.32,2,Saturday,8,1
First Class,Medium,Consumer,Africa,Furniture,17,0.15,561.05,4,Sunday,6,0
Second Class,Medium,Corporate,USCA,Furniture,12,0.06,1198.46,1,Wednesday,11,0
First Class,Medium,Corporate,Europe,Furniture,2,0.11,831.7,4,Tuesday,4,0
Second Class,Low,Corporate,USCA,Furniture,16,0.3,84.2,4,Friday,8,0
First Class,High,Consumer,LATAM,Office Supplies,15,0.14,873.54,3,Tuesday,3,0
Second Class,Medium,Corporate,LATAM,Electronics,12,0.08,129.79,1,Thursday,3,0
Standard Class,Medium,Corporate,Europe,Apparel,15,0.04,474.87,1,Wednesday,12,1
Same Day,Low,Corporate,Pacific Asia,Electronics,13,0.14,945.64,2,Monday,3,0
Standard Class,Low,Consumer,Europe,Electronics,12,0.26,162.43,4,Monday,2,0
Second Class,Low,Home Office,Pacific Asia,Grocery,19,0.1,358.36,2,Wednesday,7,0
Standard Class,Low,Consumer,LATAM,Electronics,16,0.17,242.36,5,Wednesday,4,0
Second Class,Low,Consumer,LATAM,Electronics,7,0.38,1045.41,7,Saturday,3,0
Second Class,High,Home Office,Pacific Asia,Office Supplies,17,0.22,186.02,4,Tuesday,4,0
Standard Class,Medium,Consumer,USCA,Furniture,10,0.21,647.58,2,Saturday,4,1
Standard Class,Medium,Corporate,USCA,Electronics,9,0.16,337.62,2,Thursday,6,1
Second Class,Low,Consumer,Europe,Electronics,6,0.22,613.64,4,Monday,10,0
First Class,High,Consumer,LATAM,Grocery,9,0.39,209.16,6,Thursday,11,0
Standard Class,Low,Consumer,USCA,Apparel,1,0.1,911.52,6,Sunday,12,0
Standard Class,High,Consumer,LATAM,Grocery,16,0.38,775.3,2,Wednesday,10,1
Second Class,Critical,Consumer,Europe,Apparel,14,0.06,61.68,5,Saturday,4,0
Standard Class,Medium,Consumer,Africa,Apparel,8,0.04,1137.6,1,Saturday,1,1
Standard Class,Critical,Corporate,LATAM,Apparel,15,0.26,1072.64,5,Sunday,3,1
Standard Class,Medium,Corporate,Africa,Office Supplies,16,0.1,364.36,4,Saturday,11,1
Standard Class,Low,Home Office,LATAM,Office Supplies,14,0.18,357.34,3,Wednesday,8,0
Standard Class,Low,Home Office,Pacific Asia,Furniture,16,0.29,604.02,6,Thursday,11,1
Standard Class,Low,Consumer,Africa,Apparel,7,0.21,746.75,6,Friday,1,1
Standard Class,Low,Home Office,Pacific Asia,Office Supplies,18,0.01,356.33,4,Thursday,3,0
Standard Class,Medium,Corporate,Pacific Asia,Office Supplies,17,0.12,956.47,7,Thursday,12,0
Standard Class,Low,Consumer,Europe,Electronics,1,0.03,103.41,7,Monday,11,0
Standard Class,High,Corporate,Europe,Apparel,11,0.37,483.42,6,Saturday,3,0
Standard Class,Low,Consumer,USCA,Grocery,5,0.32,671.41,6,Saturday,11,0
First Class,Medium,Corporate,Africa,Electronics,13,0.39,961.62,1,Monday,5,1
Standard Class,Critical,Consumer,USCA,Office Supplies,8,0.35,1047.46,5,Wednesday,5,1
Standard Class,Low,Consumer,Africa,Office Supplies,18,0.19,300.84,6,Sunday,9,1
Standard Class,Medium,Consumer,Europe,Office Supplies,13,0.35,296.87,2,Monday,9,1
Standard Class,High,Consumer,Europe,Office Supplies,9,0.27,448.23,2,Thursday,9,1
Second Class,Low,Home Office,Europe,Grocery,11,0.21,518.79,3,Saturday,2,0
Second Class,Medium,Home Office,Africa,Furniture,6,0.15,1019.6,5,Friday,3,0
First Class,Low,Consumer,Europe,Furniture,11,0.27,19.01,2,Thursday,9,0
Second Class,High,Consumer,USCA,Apparel,15,0.24,825.1,4,Saturday,7,0
Same Day,Medium,Consumer,Pacific Asia,Office Supplies,14,0.25,271.87,2,Wednesday,9,0
Standard Class,Medium,Home Office,Africa,Apparel,8,0.16,1060.06,7,Sunday,2,1
Standard Class,High,Consumer,Pacific Asia,Grocery,18,0.3,387.64,6,Friday,9,1
Standard Class,Low,Home Office,USCA,Apparel,1,0.03,649.69,1,Sunday,9,1
Standard Class,High,Corporate,LATAM,Furniture,9,0.29,401.55,5,Saturday,3,0
Standard Class,High,Home Office,Europe,Furniture,7,0.29,516.08,2,Wednesday,11,1
Second Class,High,Corporate,USCA,Furniture,15,0.21,631.45,2,Thursday,3,0
Standard Class,High,Corporate,LATAM,Apparel,15,0.11,899.57,1,Wednesday,10,1
Same Day,Medium,Corporate,Africa,Office Supplies,9,0.21,153.7,7,Monday,9,0
First Class,Critical,Home Office,USCA,Electronics,5,0.05,429.15,6,Tuesday,3,0
Standard Class,Low,Home Office,Africa,Furniture,7,0.11,771.17,2,Sunday,3,1
Standard Class,Medium,Corporate,Pacific Asia,Apparel,12,0.17,710.67,3,Thursday,8,0
Standard Class,Low,Corporate,Pacific Asia,Electronics,6,0.27,939.19,6,Tuesday,12,0
Standard Class,Critical,Home Office,Africa,Furniture,10,0.07,1068.0,7,Thursday,2,1
Standard Class,Medium,Home Office,Pacific Asia,Furniture,15,0.06,121.95,5,Friday,2,0
Standard Class,High,Corporate,Pacific Asia,Grocery,4,0.24,859.47,7,Saturday,5,0
Standard Class,Low,Consumer,Europe,Furniture,15,0.27,347.97,2,Monday,9,1
Standard Class,High,Consumer,Africa,Electronics,18,0.03,582.85,4,Thursday,3,1
Same Day,High,Home Office,Africa,Electronics,3,0.01,757.05,2,Wednesday,8,0
Second Class,Medium,Consumer,LATAM,Office Supplies,15,0.06,189.23,6,Sunday,4,0
Same Day,Low,Consumer,Europe,Electronics,5,0.36,422.44,3,Wednesday,2,0
Standard Class,Medium,Consumer,USCA,Apparel,2,0.27,1171.54,6,Saturday,7,0
Standard Class,Low,Corporate,Europe,Apparel,15,0.37,172.19,6,Monday,6,1
Second Class,Medium,Corporate,USCA,Furniture,8,0.27,109.17,4,Tuesday,10,0
Standard Class,Low,Consumer,Africa,Office Supplies,5,0.39,1005.79,6,Wednesday,10,1
Standard Class,Low,Consumer,Europe,Furniture,9,0.18,522.46,3,Tuesday,5,0
Second Class,Low,Corporate,LATAM,Office Supplies,7,0.24,813.0,1,Wednesday,2,0
Second Class,Low,Home Office,Pacific Asia,Grocery,4,0.24,373.82,4,Friday,6,0
Standard Class,Low,Consumer,USCA,Office Supplies,19,0.0,246.13,4,Thursday,12,1
Standard Class,High,Consumer,Pacific Asia,Grocery,8,0.01,262.85,3,Saturday,8,0
Standard Class,Medium,Corporate,Africa,Grocery,14,0.06,242.75,3,Monday,11,1
Standard Class,Low,Home Office,Africa,Furniture,9,0.2,303.9,1,Sunday,12,1
Standard Class,Medium,Corporate,Africa,Apparel,5,0.17,273.25,4,Friday,4,1
Standard Class,Medium,Corporate,Pacific Asia,Office Supplies,6,0.22,978.3,6,Tuesday,7,0
Standard Class,High,Home Office,Africa,Furniture,10,0.32,644.62,4,Saturday,1,1
Same Day,Low,Consumer,Africa,Grocery,13,0.33,362.84,6,Sunday,10,0
Second Class,Low,Consumer,Pacific Asia,Grocery,10,0.39,420.62,7,Friday,3,0
Second Class,Critical,Corporate,Africa,Electronics,13,0.22,1149.78,6,Tuesday,8,1
Standard Class,Low,Home Office,USCA,Electronics,3,0.14,228.81,4,Saturday,3,0
Standard Class,Low,Corporate,Europe,Office Supplies,12,0.12,1065.24,4,Thursday,8,0
Standard Class,Low,Home Office,USCA,Apparel,4,0.14,886.8,1,Thursday,4,1
Standard Class,Low,Corporate,Africa,Electronics,11,0.13,740.01,2,Tuesday,8,1
Standard Class,Critical,Corporate,Africa,Grocery,9,0.16,752.67,4,Sunday,11,1
First Class,Low,Consumer,Africa,Furniture,6,0.03,513.3,5,Monday,4,0
Second Class,High,Consumer,Africa,Apparel,12,0.25,532.23,1,Monday,4,0
Standard Class,Critical,Corporate,Pacific Asia,Office Supplies,14,0.23,957.34,6,Monday,1,1
Standard Class,Medium,Consumer,Europe,Furniture,9,0.18,974.93,7,Tuesday,9,0
Same Day,Low,Consumer,Pacific Asia,Office Supplies,8,0.03,689.68,2,Tuesday,12,0
Standard Class,Low,Home Office,Pacific Asia,Furniture,9,0.04,924.63,3,Tuesday,2,0
Standard Class,Medium,Home Office,Africa,Furniture,13,0.22,973.96,6,Thursday,4,1
Standard Class,Medium,Consumer,USCA,Apparel,11,0.01,405.21,6,Tuesday,2,0
First Class,Medium,Corporate,USCA,Office Supplies,9,0.29,751.8,7,Sunday,8,0
Same Day,Medium,Consumer,LATAM,Electronics,8,0.4,528.6,2,Sunday,5,0
Standard Class,High,Consumer,Europe,Furniture,10,0.24,126.75,3,Thursday,1,0
First Class,Medium,Corporate,LATAM,Furniture,9,0.29,781.67,5,Thursday,8,0
First Class,Medium,Corporate,Pacific Asia,Electronics,4,0.18,709.11,1,Monday,1,0
Standard Class,High,Consumer,LATAM,Apparel,10,0.27,132.09,2,Tuesday,4,1
Standard Class,Low,Consumer,LATAM,Apparel,17,0.26,94.27,7,Wednesday,5,1
Standard Class,Low,Consumer,LATAM,Apparel,19,0.33,307.06,3,Tuesday,6,1
Same Day,Low,Home Office,Europe,Grocery,10,0.28,1001.76,4,Friday,6,0
Standard Class,Low,Corporate,USCA,Grocery,18,0.3,85.78,5,Sunday,3,1
First Class,Medium,Consumer,USCA,Apparel,16,0.22,557.84,5,Friday,9,0
Standard Class,Low,Consumer,LATAM,Apparel,4,0.19,223.05,1,Saturday,3,1
Second Class,Medium,Corporate,Europe,Electronics,9,0.18,311.73,1,Tuesday,7,0
Standard Class,Critical,Corporate,USCA,Grocery,9,0.16,926.21,1,Tuesday,3,1
Second Class,Low,Home Office,Africa,Office Supplies,2,0.11,1022.22,7,Monday,8,0
First Class,Medium,Consumer,USCA,Apparel,19,0.01,700.54,1,Friday,11,0
First Class,Low,Home Office,USCA,Apparel,8,0.27,1037.26,4,Monday,7,0
First Class,Low,Consumer,Europe,Apparel,19,0.36,1029.68,5,Saturday,9,0
Standard Class,Medium,Consumer,Europe,Furniture,4,0.37,273.61,4,Saturday,6,0
Second Class,High,Consumer,USCA,Grocery,11,0.23,777.57,1,Wednesday,5,0
Standard Class,Low,Corporate,Africa,Office Supplies,3,0.04,936.21,2,Wednesday,12,1
Standard Class,Low,Home Office,Africa,Furniture,18,0.35,677.65,7,Saturday,2,1
Standard Class,Low,Corporate,LATAM,Furniture,17,0.3,968.88,7,Sunday,9,1
Standard Class,Low,Corporate,LATAM,Office Supplies,19,0.1,758.31,3,Tuesday,10,0
Standard Class,Low,Consumer,USCA,Office Supplies,9,0.32,348.5,2,Friday,3,1
Same Day,Medium,Consumer,USCA,Office Supplies,16,0.19,825.86,5,Thursday,12,0
Standard Class,Low,Corporate,USCA,Office Supplies,8,0.36,709.72,5,Saturday,1,0
Second Class,Medium,Corporate,Africa,Office Supplies,9,0.1,753.69,4,Saturday,2,0
Standard Class,Medium,Corporate,Pacific Asia,Apparel,5,0.32,123.43,3,Sunday,1,0
Standard Class,Medium,Consumer,LATAM,Office Supplies,5,0.28,159.63,1,Friday,5,1
Standard Class,Low,Consumer,LATAM,Office Supplies,14,0.01,979.44,1,Wednesday,6,1
Same Day,Critical,Consumer,Pacific Asia,Grocery,14,0.23,523.21,2,Monday,12,1
First Class,Low,Home Office,USCA,Apparel,5,0.29,266.18,7,Thursday,6,0
Same Day,High,Corporate,LATAM,Furniture,4,0.06,120.28,3,Tuesday,8,0
Same Day,Low,Consumer,Africa,Apparel,17,0.21,322.86,4,Friday,12,0
Standard Class,Medium,Consumer,Pacific Asia,Electronics,6,0.12,361.28,1,Tuesday,2,1
Standard Class,Low,Consumer,Africa,Office Supplies,7,0.28,1179.73,5,Friday,3,1
Second Class,Low,Consumer,USCA,Furniture,14,0.22,1003.06,1,Friday,3,0
Standard Class,Low,Corporate,LATAM,Electronics,15,0.25,103.36,3,Wednesday,7,0
Standard Class,Low,Home Office,Africa,Furniture,6,0.03,900.66,6,Friday,8,1
Standard Class,High,Corporate,Pacific Asia,Apparel,10,0.06,681.08,5,Tuesday,10,0
Second Class,Medium,Consumer,USCA,Electronics,8,0.22,281.89,4,Monday,9,0
Second Class,Low,Corporate,LATAM,Office Supplies,8,0.07,898.43,1,Monday,3,0
Standard Class,Medium,Corporate,LATAM,Office Supplies,5,0.2,45.91,5,Sunday,6,0
Standard Class,High,Consumer,USCA,Electronics,16,0.28,880.52,4,Thursday,7,1
Second Class,Medium,Home Office,USCA,Apparel,11,0.32,1075.39,3,Sunday,8,0
Second Class,Low,Home Office,USCA,Electronics,7,0.06,1060.31,6,Saturday,4,0
Standard Class,High,Consumer,Africa,Apparel,2,0.3,929.09,4,Thursday,6,1
Second Class,Low,Corporate,Europe,Furniture,7,0.15,1122.33,4,Monday,10,0
Standard Class,Medium,Corporate,LATAM,Apparel,6,0.27,851.72,5,Sunday,9,0
Standard Class,Medium,Corporate,Africa,Electronics,19,0.06,827.21,1,Monday,2,1
First Class,High,Consumer,Pacific Asia,Electronics,18,0.21,41.17,5,Wednesday,12,0
Second Class,High,Consumer,LATAM,Furniture,1,0.34,217.28,7,Sunday,4,0
Standard Class,High,Consumer,Europe,Electronics,18,0.04,939.9,2,Thursday,10,1
Second Class,Low,Corporate,Pacific Asia,Grocery,12,0.33,1197.03,5,Wednesday,12,0
Second Class,High,Consumer,LATAM,Electronics,17,0.18,866.72,5,Monday,7,0
First Class,Low,Corporate,Europe,Grocery,8,0.33,700.0,7,Friday,12,0
Second Class,Low,Corporate,USCA,Electronics,3,0.38,228.27,1,Sunday,11,0
Second Class,Medium,Consumer,Europe,Electronics,10,0.06,1138.02,7,Monday,5,0
Standard Class,Medium,Corporate,LATAM,Furniture,16,0.27,783.18,6,Tuesday,11,1
Standard Class,Medium,Consumer,Europe,Grocery,18,0.09,591.96,3,Saturday,5,0
Standard Class,Medium,Consumer,LATAM,Furniture,1,0.05,1035.05,2,Sunday,5,1
Standard Class,High,Consumer,LATAM,Grocery,8,0.25,1144.41,1,Wednesday,4,1
Second Class,Low,Home Office,Europe,Grocery,19,0.04,451.71,6,Saturday,6,0
Standard Class,Low,Corporate,Europe,Office Supplies,3,0.19,623.78,1,Friday,8,1
Standard Class,High,Consumer,Pacific Asia,Grocery,16,0.25,146.97,7,Friday,1,0
Standard Class,Low,Home Office,Pacific Asia,Furniture,16,0.2,1152.23,4,Saturday,8,1
Standard Class,Medium,Corporate,Africa,Furniture,16,0.28,153.6,2,Saturday,12,1
Standard Class,Medium,Consumer,LATAM,Apparel,12,0.32,1115.54,4,Friday,10,0
Second Class,Medium,Consumer,Pacific Asia,Electronics,9,0.35,237.33,4,Friday,7,0
Standard Class,Medium,Consumer,Africa,Office Supplies,18,0.22,1091.44,1,Sunday,7,1
Second Class,Low,Corporate,LATAM,Electronics,11,0.11,548.24,7,Sunday,6,0
Same Day,High,Corporate,Africa,Furniture,11,0.2,714.56,3,Wednesday,3,0
Standard Class,Low,Consumer,Pacific Asia,Office Supplies,12,0.16,52.39,1,Tuesday,4,1
Standard Class,Medium,Consumer,Africa,Grocery,18,0.09,479.32,7,Monday,12,1
Standard Class,Low,Consumer,Europe,Furniture,2,0.21,597.14,5,Thursday,11,0
Second Class,Medium,Consumer,Africa,Furniture,4,0.01,21.22,3,Wednesday,1,0
Second Class,Medium,Corporate,USCA,Furniture,4,0.24,796.42,7,Wednesday,4,0
Standard Class,High,Consumer,USCA,Furniture,14,0.33,1008.29,2,Wednesday,10,1
Standard Class,Medium,Corporate,Africa,Office Supplies,13,0.4,39.49,3,Monday,1,1
First Class,Medium,Home Office,USCA,Electronics,9,0.37,596.12,2,Sunday,5,0
Standard Class,High,Consumer,Africa,Electronics,15,0.04,50.14,4,Sunday,2,1
Standard Class,Medium,Consumer,Africa,Grocery,10,0.06,1049.22,1,Monday,6,1
First Class,Medium,Consumer,Africa,Furniture,5,0.06,201.37,1,Thursday,12,0
Second Class,Medium,Consumer,USCA,Furniture,4,0.22,79.64,5,Wednesday,7,0
First Class,Medium,Corporate,LATAM,Electronics,18,0.02,1030.66,1,Monday,2,0
Second Class,High,Corporate,Africa,Grocery,4,0.37,538.96,3,Thursday,11,0
First Class,Low,Consumer,Africa,Apparel,16,0.02,123.54,5,Saturday,5,0
Standard Class,Medium,Consumer,Europe,Office Supplies,11,0.16,781.02,7,Wednesday,2,0
Second Class,Medium,Consumer,Europe,Electronics,7,0.36,849.66,7,Monday,7,0
Same Day,High,Consumer,Pacific Asia,Office Supplies,1,0.38,686.32,1,Thursday,6,0
Second Class,High,Corporate,USCA,Electronics,3,0.19,405.23,5,Monday,6,0
Standard Class,Medium,Consumer,LATAM,Grocery,16,0.2,515.14,1,Sunday,12,1
Standard Class,Medium,Corporate,Africa,Furniture,4,0.25,1146.26,7,Tuesday,1,1
Standard Class,Low,Corporate,Africa,Apparel,3,0.16,645.89,7,Sunday,9,1
Standard Class,Medium,Consumer,USCA,Office Supplies,1,0.13,482.5,1,Saturday,8,1
Standard Class,High,Corporate,Pacific Asia,Apparel,1,0.3,852.75,6,Sunday,1,0
Second Class,High,Home Office,Pacific Asia,Furniture,10,0.24,100.63,4,Thursday,1,0
Second Class,High,Consumer,Europe,Electronics,12,0.19,355.37,6,Sunday,11,0
Standard Class,Low,Consumer,USCA,Grocery,3,0.04,279.5,1,Tuesday,3,1
Second Class,High,Consumer,Pacific Asia,Furniture,13,0.03,819.32,1,Friday,10,0
Standard Class,High,Corporate,Pacific Asia,Apparel,6,0.2,728.66,3,Thursday,12,0
Standard Class,Low,Consumer,LATAM,Apparel,10,0.25,913.73,2,Sunday,6,1
Standard Class,Medium,Home Office,Europe,Apparel,6,0.26,517.86,3,Monday,10,0
Standard Class,High,Corporate,Europe,Electronics,1,0.36,216.99,5,Monday,12,0
Standard Class,Medium,Home Office,Europe,Apparel,15,0.33,227.56,7,Sunday,1,1
Standard Class,Critical,Consumer,Pacific Asia,Electronics,14,0.06,1071.78,5,Monday,5,1
Standard Class,Medium,Home Office,Africa,Apparel,12,0.32,99.12,1,Monday,5,1
First Class,Medium,Consumer,Pacific Asia,Office Supplies,10,0.27,717.0,1,Sunday,6,0
Standard Class,High,Consumer,Pacific Asia,Office Supplies,9,0.33,285.69,4,Thursday,10,0
Second Class,Medium,Home Office,USCA,Furniture,15,0.34,264.99,1,Monday,4,1
Second Class,High,Consumer,Europe,Furniture,14,0.14,127.1,3,Friday,6,0
First Class,Medium,Home Office,Europe,Grocery,10,0.11,1175.34,3,Friday,3,0
Same Day,Medium,Consumer,LATAM,Apparel,1,0.22,82.57,3,Monday,7,0
Standard Class,Low,Home Office,Europe,Apparel,2,0.12,185.82,3,Saturday,4,0
Standard Class,Low,Corporate,Pacific Asia,Electronics,2,0.14,444.55,2,Monday,5,1
First Class,Medium,Corporate,USCA,Furniture,2,0.03,552.4,6,Sunday,4,0
Standard Class,High,Consumer,LATAM,Office Supplies,2,0.4,1141.45,3,Saturday,11,0
Second Class,Low,Consumer,Pacific Asia,Electronics,8,0.12,297.73,3,Wednesday,1,0
Second Class,Low,Corporate,Pacific Asia,Office Supplies,18,0.31,867.96,5,Tuesday,8,0
Second Class,Low,Corporate,LATAM,Electronics,13,0.4,791.1,6,Tuesday,4,0
Same Day,Medium,Consumer,Pacific Asia,Furniture,17,0.39,625.82,6,Friday,12,0
Same Day,Critical,Consumer,Pacific Asia,Apparel,8,0.25,326.61,7,Wednesday,4,0
Second Class,Medium,Consumer,USCA,Apparel,10,0.22,196.4,7,Tuesday,7,0
Standard Class,Medium,Consumer,USCA,Furniture,14,0.12,220.06,7,Monday,6,0
First Class,Medium,Consumer,USCA,Office Supplies,19,0.34,421.73,5,Saturday,3,0
Standard Class,Low,Home Office,Europe,Grocery,19,0.14,173.18,5,Wednesday,8,0
Standard Class,Medium,Consumer,LATAM,Grocery,5,0.04,1198.31,6,Friday,7,0
First Class,Medium,Consumer,USCA,Furniture,18,0.12,540.52,6,Monday,7,0
Standard Class,Medium,Home Office,Pacific Asia,Electronics,10,0.13,651.4,1,Thursday,8,1
Standard Class,High,Consumer,Europe,Apparel,16,0.29,743.58,5,Tuesday,2,1
Standard Class,High,Corporate,LATAM,Office Supplies,18,0.07,242.98,7,Monday,9,1
First Class,High,Corporate,USCA,Grocery,9,0.13,583.29,1,Monday,5,0
Standard Class,High,Corporate,USCA,Apparel,10,0.03,84.84,5,Sunday,5,0
Second Class,Critical,Corporate,LATAM,Furniture,12,0.34,1163.31,3,Sunday,9,0
Standard Class,Medium,Corporate,USCA,Apparel,5,0.29,572.66,5,Saturday,4,0
First Class,Low,Consumer,LATAM,Grocery,15,0.17,45.3,7,Saturday,8,0
First Class,Medium,Corporate,LATAM,Office Supplies,7,0.17,722.9,4,Tuesday,10,0
Standard Class,High,Corporate,Pacific Asia,Electronics,7,0.07,129.14,1,Saturday,2,1
Standard Class,Low,Consumer,LATAM,Electronics,3,0.15,950.08,3,Saturday,10,0
Standard Class,Low,Consumer,Africa,Apparel,3,0.36,1144.49,6,Sunday,11,1
Same Day,Low,Home Office,USCA,Electronics,7,0.06,1100.71,7,Wednesday,11,0
Second Class,Medium,Corporate,Pacific Asia,Grocery,1,0.31,519.06,3,Sunday,1,0
Same Day,Medium,Consumer,Europe,Office Supplies,18,0.02,857.97,7,Friday,11,0
Standard Class,Low,Home Office,Africa,Electronics,1,0.12,195.41,3,Saturday,11,1
First Class,Low,Corporate,LATAM,Electronics,6,0.34,100.08,6,Monday,1,0
First Class,Medium,Home Office,Europe,Furniture,7,0.18,987.05,5,Wednesday,10,0
Second Class,Low,Home Office,Europe,Electronics,12,0.28,837.25,1,Wednesday,3,0
Same Day,Low,Consumer,Europe,Electronics,3,0.04,1089.4,3,Saturday,9,0
Standard Class,Medium,Corporate,Europe,Grocery,2,0.27,1098.36,3,Sunday,6,0
Standard Class,Medium,Corporate,Pacific Asia,Electronics,15,0.33,423.26,5,Wednesday,6,1
Second Class,Low,Home Office,Pacific Asia,Furniture,4,0.32,389.19,6,Sunday,11,0
Second Class,Medium,Corporate,Europe,Furniture,19,0.18,535.86,3,Thursday,1,0
Second Class,Low,Consumer,Africa,Furniture,11,0.36,802.16,7,Saturday,2,0
Standard Class,High,Consumer,USCA,Electronics,5,0.23,15.94,6,Tuesday,12,0
Standard Class,Low,Consumer,USCA,Apparel,12,0.33,646.19,3,Saturday,8,0
Standard Class,Low,Home Office,Pacific Asia,Apparel,16,0.09,33.48,6,Monday,1,0
Standard Class,High,Home Office,Africa,Grocery,10,0.08,546.3,2,Friday,4,1
Second Class,Medium,Consumer,Africa,Apparel,6,0.3,107.91,5,Sunday,6,0
Second Class,Low,Corporate,LATAM,Grocery,12,0.26,679.04,2,Sunday,4,0
Standard Class,Low,Home Office,Pacific Asia,Grocery,7,0.27,383.99,6,Saturday,10,0
Standard Class,High,Consumer,Africa,Furniture,10,0.09,579.91,2,Saturday,9,1
Standard Class,High,Consumer,Africa,Office Supplies,16,0.16,1149.66,7,Sunday,8,1
Standard Class,Low,Consumer,USCA,Grocery,3,0.1,415.75,5,Sunday,3,0
First Class,Medium,Home Office,Africa,Electronics,16,0.03,865.95,3,Tuesday,3,0
Same Day,Low,Corporate,Africa,Furniture,12,0.08,823.12,3,Saturday,12,0
Standard Class,Medium,Consumer,Europe,Electronics,8,0.4,1044.02,1,Friday,3,1
First Class,Low,Consumer,USCA,Electronics,5,0.09,407.95,1,Thursday,12,0
First Class,Low,Corporate,USCA,Apparel,17,0.06,76.73,6,Tuesday,10,0
First Class,Low,Home Office,Europe,Electronics,14,0.28,1165.05,5,Saturday,12,0
Standard Class,Medium,Corporate,USCA,Grocery,9,0.24,441.21,7,Saturday,12,0
Same Day,Medium,Consumer,LATAM,Electronics,19,0.3,240.55,4,Saturday,1,0
Standard Class,Medium,Consumer,LATAM,Electronics,12,0.26,1097.78,2,Monday,4,1
Standard Class,Low,Home Office,Pacific Asia,Apparel,11,0.09,236.83,6,Friday,8,0
Standard Class,Low,Consumer,USCA,Electronics,1,0.2,639.22,5,Sunday,7,0
Standard Class,High,Consumer,USCA,Grocery,11,0.07,909.05,3,Monday,7,0
Standard Class,Low,Home Office,LATAM,Grocery,8,0.1,879.91,2,Friday,5,1
Standard Class,Medium,Home Office,Pacific Asia,Electronics,4,0.39,45.06,1,Monday,11,1
Standard Class,Low,Corporate,Pacific Asia,Grocery,4,0.29,250.9,2,Sunday,9,1
First Class,Medium,Corporate,LATAM,Grocery,11,0.31,1067.31,1,Sunday,11,0
First Class,Medium,Consumer,LATAM,Apparel,19,0.01,668.29,7,Monday,11,0
Standard Class,Critical,Consumer,Europe,Furniture,4,0.15,827.79,5,Sunday,4,1
First Class,Low,Consumer,Pacific Asia,Furniture,6,0.22,488.73,1,Thursday,9,0
First Class,Low,Corporate,Pacific Asia,Office Supplies,9,0.06,896.79,7,Sunday,3,0
First Class,Medium,Consumer,Europe,Furniture,11,0.34,354.02,7,Thursday,8,0
Standard Class,High,Home Office,LATAM,Electronics,12,0.06,286.12,5,Thursday,3,0
Second Class,Critical,Consumer,Europe,Grocery,18,0.25,1196.56,5,Monday,12,0
Same Day,Medium,Corporate,Europe,Furniture,9,0.22,197.61,3,Monday,8,0
Second Class,Medium,Corporate,Africa,Apparel,15,0.34,1177.82,4,Sunday,9,1
Standard Class,Medium,Corporate,Pacific Asia,Office Supplies,17,0.12,1112.55,6,Monday,1,0
Standard Class,Medium,Consumer,LATAM,Electronics,9,0.11,860.46,4,Friday,5,0
Second Class,Medium,Home Office,Africa,Furniture,13,0.34,702.55,6,Monday,3,1
Standard Class,High,Consumer,Africa,Grocery,2,0.09,15.39,4,Tuesday,10,1
Standard Class,Medium,Corporate,Africa,Apparel,17,0.3,765.99,5,Friday,5,1
Standard Class,Medium,Corporate,LATAM,Furniture,18,0.08,929.17,7,Monday,9,0
First Class,Medium,Consumer,Europe,Grocery,6,0.35,882.12,6,Wednesday,1,0
First Class,Medium,Corporate,LATAM,Furniture,2,0.34,214.76,7,Sunday,5,0
Standard Class,Medium,Corporate,Pacific Asia,Electronics,1,0.31,658.0,6,Wednesday,8,0
Same Day,Medium,Home Office,Pacific Asia,Office Supplies,5,0.2,664.74,5,Friday,5,0
Standard Class,Low,Home Office,Europe,Grocery,14,0.01,786.93,6,Wednesday,6,1
Second Class,Low,Consumer,LATAM,Office Supplies,18,0.05,998.82,3,Sunday,3,0
First Class,Medium,Consumer,Europe,Office Supplies,4,0.18,840.89,6,Wednesday,11,0
First Class,High,Consumer,Europe,Apparel,14,0.02,178.15,3,Saturday,3,0
Same Day,Low,Home Office,LATAM,Grocery,15,0.03,32.65,1,Friday,3,0
Standard Class,Medium,Consumer,Pacific Asia,Apparel,8,0.05,172.54,1,Sunday,12,1
First Class,Low,Corporate,LATAM,Office Supplies,2,0.1,57.94,5,Wednesday,8,0
Standard Class,Low,Corporate,Pacific Asia,Electronics,17,0.3,529.76,4,Wednesday,4,1
Second Class,Critical,Corporate,USCA,Electronics,17,0.02,347.67,7,Sunday,1,0
Second Class,High,Consumer,USCA,Furniture,6,0.39,18.7,7,Friday,12,0
Second Class,Low,Consumer,USCA,Furniture,6,0.11,105.53,2,Tuesday,5,0
Standard Class,Medium,Consumer,Africa,Grocery,19,0.13,483.08,3,Monday,9,1
First Class,Low,Consumer,Pacific Asia,Electronics,1,0.1,1128.32,2,Thursday,3,0
Standard Class,Critical,Consumer,Pacific Asia,Office Supplies,6,0.24,1193.81,6,Sunday,10,1
Standard Class,Low,Consumer,LATAM,Electronics,5,0.01,69.64,2,Sunday,3,1
Second Class,Low,Corporate,Pacific Asia,Grocery,4,0.04,998.39,5,Tuesday,2,0
Standard Class,Medium,Consumer,LATAM,Furniture,13,0.04,581.51,1,Wednesday,5,1
First Class,High,Consumer,Africa,Furniture,17,0.27,749.04,4,Saturday,2,0
Standard Class,Low,Consumer,LATAM,Apparel,13,0.13,612.1,2,Sunday,9,1
Standard Class,Medium,Consumer,USCA,Furniture,16,0.17,1110.16,3,Monday,11,0
First Class,Low,Consumer,LATAM,Office Supplies,13,0.38,579.4,3,Tuesday,11,0
Standard Class,High,Consumer,LATAM,Grocery,1,0.08,209.89,3,Thursday,6,0
Standard Class,Low,Corporate,LATAM,Furniture,10,0.03,938.03,6,Saturday,12,0
Second Class,High,Consumer,Pacific Asia,Furniture,18,0.18,621.39,2,Thursday,8,0
Standard Class,Medium,Home Office,Europe,Office Supplies,17,0.07,149.31,6,Thursday,12,0
Second Class,Medium,Consumer,Europe,Furniture,17,0.06,559.29,7,Saturday,4,0
Standard Class,Critical,Home Office,Europe,Office Supplies,10,0.16,828.0,1,Saturday,7,1
First Class,Critical,Home Office,Pacific Asia,Furniture,2,0.27,362.05,4,Saturday,4,0
First Class,Medium,Corporate,USCA,Office Supplies,10,0.1,1095.25,7,Monday,8,0
Second Class,Low,Home Office,Europe,Furniture,6,0.35,1021.45,2,Monday,4,0
Standard Class,Medium,Consumer,Europe,Grocery,3,0.14,685.79,1,Tuesday,9,1
First Class,Medium,Consumer,Africa,Apparel,10,0.37,74.7,7,Wednesday,7,0
Second Class,Medium,Consumer,Africa,Apparel,19,0.2,704.08,7,Monday,8,0
Second Class,Medium,Consumer,USCA,Electronics,17,0.29,504.57,7,Monday,2,0
Standard Class,Low,Consumer,LATAM,Apparel,12,0.34,871.64,4,Saturday,3,0
First Class,Medium,Corporate,LATAM,Office Supplies,12,0.21,327.77,4,Thursday,12,0
Second Class,Medium,Consumer,Africa,Office Supplies,6,0.34,730.86,6,Saturday,7,0
Standard Class,Low,Consumer,Africa,Apparel,12,0.15,669.78,4,Tuesday,12,1
Standard Class,Medium,Consumer,USCA,Office Supplies,6,0.15,636.95,6,Saturday,4,0
First Class,Medium,Corporate,USCA,Grocery,3,0.32,147.93,4,Friday,9,0
Standard Class,Medium,Home Office,Pacific Asia,Office Supplies,3,0.1,592.96,4,Saturday,8,0
Same Day,Low,Corporate,LATAM,Grocery,9,0.29,665.24,6,Monday,9,0
Second Class,Medium,Consumer,Pacific Asia,Grocery,1,0.03,1113.91,1,Monday,4,0
Second Class,Low,Consumer,Europe,Grocery,4,0.25,558.43,7,Friday,6,0
Standard Class,Medium,Corporate,USCA,Furniture,12,0.38,771.44,7,Sunday,10,0
Standard Class,High,Consumer,LATAM,Electronics,5,0.18,687.4,7,Monday,12,0
Same Day,Medium,Home Office,LATAM,Office Supplies,18,0.17,242.34,4,Sunday,3,0
Standard Class,Low,Consumer,Pacific Asia,Furniture,16,0.22,229.45,2,Monday,9,1
First Class,Medium,Consumer,Africa,Electronics,10,0.29,889.88,7,Thursday,10,0
Standard Class,Critical,Home Office,Africa,Furniture,12,0.14,632.45,1,Tuesday,4,1
Standard Class,Low,Home Office,USCA,Office Supplies,11,0.0,1076.28,4,Wednesday,6,0
Standard Class,High,Corporate,Africa,Grocery,19,0.2,1090.7,1,Saturday,4,1
Standard Class,Medium,Consumer,Europe,Furniture,5,0.17,363.52,1,Tuesday,6,1
Same Day,High,Corporate,LATAM,Electronics,3,0.21,130.82,3,Monday,2,0
Standard Class,Low,Consumer,Africa,Electronics,19,0.29,419.46,1,Monday,3,1
Standard Class,Low,Consumer,USCA,Electronics,6,0.11,89.78,3,Friday,11,0
Standard Class,High,Consumer,Europe,Furniture,17,0.2,939.69,5,Sunday,3,1
Standard Class,Low,Corporate,Pacific Asia,Electronics,13,0.1,183.96,3,Friday,6,0
Standard Class,Low,Corporate,Pacific Asia,Apparel,7,0.18,1040.97,5,Monday,9,0
First Class,Medium,Consumer,Europe,Electronics,19,0.14,504.24,5,Friday,4,0
Standard Class,Low,Home Office,USCA,Electronics,19,0.15,341.54,5,Tuesday,5,0
Standard Class,High,Consumer,Pacific Asia,Furniture,12,0.23,606.81,3,Monday,1,0
Standard Class,Medium,Consumer,LATAM,Office Supplies,11,0.28,730.51,1,Monday,4,1
Same Day,High,Corporate,LATAM,Furniture,17,0.01,844.84,4,Sunday,7,0
Standard Class,High,Home Office,USCA,Furniture,17,0.35,412.44,6,Thursday,8,1
Standard Class,Low,Home Office,USCA,Apparel,18,0.15,1179.74,5,Tuesday,1,0
Second Class,Low,Corporate,LATAM,Office Supplies,15,0.26,512.52,4,Tuesday,3,0
Second Class,High,Consumer,USCA,Furniture,6,0.05,1003.02,1,Saturday,11,0
Standard Class,Medium,Home Office,Europe,Apparel,8,0.23,51.49,5,Friday,11,0
Standard Class,Critical,Home Office,USCA,Furniture,11,0.27,935.78,5,Monday,2,1
First Class,Medium,Consumer,LATAM,Apparel,13,0.06,666.09,5,Saturday,2,0
Standard Class,Low,Corporate,Africa,Grocery,17,0.36,771.15,5,Wednesday,8,1
First Class,High,Corporate,USCA,Electronics,17,0.3,453.73,3,Sunday,9,0
Second Class,Low,Consumer,Pacific Asia,Electronics,18,0.21,658.36,3,Tuesday,4,0
Standard Class,Low,Home Office,Europe,Furniture,16,0.07,1119.34,2,Tuesday,8,1
Standard Class,Medium,Consumer,Europe,Apparel,16,0.35,469.38,4,Friday,3,1
Standard Class,High,Corporate,Europe,Grocery,4,0.03,135.86,4,Sunday,11,0
First Class,Medium,Consumer,Pacific Asia,Electronics,17,0.05,867.41,2,Tuesday,5,0
Standard Class,Low,Corporate,Pacific Asia,Furniture,8,0.28,611.15,3,Friday,5,0
Standard Class,Low,Corporate,Europe,Furniture,7,0.1,515.68,2,Saturday,9,1
Second Class,Low,Consumer,Europe,Apparel,8,0.18,935.6,5,Wednesday,3,0
Same Day,Low,Consumer,Europe,Office Supplies,1,0.22,678.99,3,Monday,3,0
Standard Class,Low,Home Office,USCA,Furniture,2,0.18,761.34,5,Saturday,2,0
Same Day,Medium,Corporate,Pacific Asia,Grocery,13,0.03,1112.03,2,Friday,11,0
Standard Class,High,Corporate,LATAM,Grocery,2,0.29,79.63,4,Tuesday,7,0
Standard Class,Low,Consumer,USCA,Office Supplies,5,0.1,322.23,1,Sunday,2,1
Standard Class,Low,Consumer,LATAM,Grocery,5,0.3,1078.88,6,Monday,10,0
Standard Class,High,Corporate,USCA,Apparel,6,0.35,953.35,7,Thursday,11,0
Standard Class,Medium,Home Office,USCA,Furniture,18,0.21,234.43,1,Thursday,5,1
Standard Class,High,Consumer,LATAM,Apparel,16,0.28,211.25,7,Tuesday,2,1
Same Day,Low,Corporate,Europe,Office Supplies,17,0.01,991.91,6,Sunday,8,0
First Class,Low,Consumer,LATAM,Office Supplies,9,0.01,667.91,5,Wednesday,8,0
Second Class,Medium,Consumer,Africa,Apparel,8,0.08,1033.8,6,Thursday,12,0
Standard Class,Medium,Corporate,Pacific Asia,Electronics,8,0.14,1102.04,1,Thursday,12,1
Standard Class,Medium,Consumer,Africa,Office Supplies,2,0.07,92.76,5,Wednesday,5,1
Standard Class,Medium,Consumer,USCA,Furniture,9,0.25,1164.04,2,Saturday,7,1
Second Class,Low,Corporate,LATAM,Office Supplies,6,0.11,862.6,3,Thursday,8,0
Same Day,Medium,Consumer,Europe,Apparel,19,0.34,1003.01,4,Wednesday,6,0
Standard Class,Medium,Corporate,Europe,Apparel,1,0.22,760.1,5,Sunday,9,0
Standard Class,Medium,Corporate,Africa,Grocery,19,0.15,373.14,7,Sunday,9,1
Standard Class,Medium,Corporate,Africa,Electronics,1,0.36,723.32,3,Tuesday,11,1
Standard Class,Medium,Consumer,USCA,Apparel,13,0.33,623.89,3,Friday,10,1
Standard Class,Low,Consumer,Pacific Asia,Grocery,7,0.33,1119.17,7,Monday,9,0
Second Class,Low,Corporate,USCA,Grocery,13,0.29,670.49,5,Monday,6,0
Second Class,Medium,Consumer,Europe,Furniture,18,0.25,43.19,4,Friday,6,0
Standard Class,Low,Home Office,LATAM,Grocery,2,0.15,826.45,4,Wednesday,5,0
Standard Class,Medium,Corporate,Africa,Electronics,3,0.17,70.14,3,Friday,9,1
Same Day,High,Consumer,Europe,Furniture,6,0.26,1133.36,1,Tuesday,12,0
Standard Class,Low,Corporate,USCA,Apparel,13,0.07,589.05,7,Sunday,9,0
Standard Class,Low,Home Office,Pacific Asia,Apparel,9,0.33,1161.93,3,Monday,2,0
Standard Class,Critical,Consumer,LATAM,Grocery,3,0.38,40.78,2,Friday,6,1
Standard Class,Low,Consumer,Pacific Asia,Office Supplies,15,0.04,644.09,6,Monday,3,0
Standard Class,Low,Home Office,USCA,Electronics,4,0.01,279.19,6,Wednesday,7,0
First Class,Low,Consumer,USCA,Electronics,17,0.06,772.48,5,Tuesday,11,0
Standard Class,Medium,Consumer,Europe,Grocery,17,0.3,602.87,3,Thursday,9,1
Standard Class,Low,Consumer,LATAM,Electronics,13,0.04,683.69,4,Monday,9,0
Second Class,Medium,Consumer,USCA,Furniture,11,0.15,437.97,2,Tuesday,12,0
Standard Class,Medium,Corporate,Europe,Grocery,8,0.03,71.34,3,Friday,8,0
First Class,Low,Corporate,USCA,Office Supplies,3,0.17,136.25,5,Saturday,5,0
First Class,Low,Home Office,Europe,Apparel,18,0.24,1031.69,5,Thursday,8,0
Standard Class,Medium,Corporate,Pacific Asia,Electronics,1,0.25,846.3,5,Sunday,3,0
First Class,Medium,Home Office,Europe,Apparel,8,0.21,925.58,4,Tuesday,5,0
Standard Class,Low,Consumer,Pacific Asia,Office Supplies,9,0.38,155.98,6,Tuesday,1,0
Same Day,Low,Consumer,Africa,Office Supplies,17,0.21,68.6,5,Friday,6,0
Standard Class,Medium,Home Office,USCA,Furniture,8,0.34,30.56,2,Monday,6,1
Same Day,High,Consumer,Africa,Office Supplies,11,0.4,630.96,7,Sunday,2,0
First Class,Low,Corporate,LATAM,Office Supplies,1,0.09,606.07,1,Sunday,3,0
Standard Class,Medium,Consumer,Africa,Electronics,2,0.11,141.67,2,Thursday,11,1
Standard Class,Low,Corporate,Europe,Apparel,15,0.21,422.48,4,Tuesday,11,0
Same Day,Low,Home Office,Europe,Electronics,17,0.07,640.96,4,Friday,6,0
First Class,Low,Consumer,LATAM,Electronics,15,0.23,814.22,2,Saturday,11,0
Standard Class,High,Consumer,LATAM,Grocery,18,0.27,973.9,2,Wednesday,6,1
Second Class,Medium,Consumer,USCA,Grocery,12,0.02,773.25,2,Wednesday,8,0
Standard Class,High,Consumer,Europe,Furniture,14,0.27,45.71,4,Saturday,2,1
Standard Class,Medium,Consumer,LATAM,Furniture,12,0.06,707.45,7,Saturday,1,0
Standard Class,High,Corporate,Africa,Office Supplies,2,0.12,114.63,5,Saturday,7,1
Standard Class,Low,Consumer,Europe,Furniture,16,0.3,682.24,6,Sunday,2,1
First Class,Low,Consumer,LATAM,Furniture,19,0.07,457.43,4,Tuesday,10,0
Standard Class,Critical,Consumer,USCA,Office Supplies,1,0.21,350.74,5,Saturday,2,1
First Class,Medium,Corporate,Pacific Asia,Apparel,2,0.24,583.24,2,Sunday,1,0
Standard Class,High,Consumer,Europe,Office Supplies,12,0.07,463.96,6,Thursday,6,0
Standard Class,Low,Corporate,Europe,Office Supplies,4,0.11,998.02,6,Saturday,11,0
Standard Class,Low,Home Office,Europe,Apparel,7,0.24,279.53,6,Sunday,3,0
Standard Class,Medium,Consumer,Europe,Office Supplies,17,0.18,172.68,6,Friday,11,0
Standard Class,Low,Consumer,Pacific Asia,Grocery,5,0.26,1006.01,5,Sunday,4,0
Standard Class,Medium,Corporate,Pacific Asia,Furniture,2,0.34,299.66,3,Tuesday,10,0
Second Class,Medium,Consumer,USCA,Office Supplies,13,0.05,48.36,1,Thursday,11,0
Standard Class,Low,Consumer,Europe,Electronics,8,0.03,470.51,5,Tuesday,10,0
Standard Class,Low,Corporate,LATAM,Furniture,18,0.27,984.66,1,Wednesday,10,1
Standard Class,Low,Consumer,Africa,Grocery,4,0.31,523.93,2,Thursday,3,1
First Class,Low,Consumer,Europe,Grocery,6,0.18,569.4,1,Friday,5,0
Same Day,Medium,Home Office,Pacific Asia,Office Supplies,9,0.16,66.16,3,Saturday,9,0
Standard Class,Low,Consumer,USCA,Apparel,10,0.24,856.15,6,Tuesday,2,0
Standard Class,Low,Home Office,Europe,Electronics,4,0.22,419.01,4,Sunday,2,0
Standard Class,High,Consumer,USCA,Office Supplies,4,0.2,877.06,1,Saturday,4,1
Same Day,Medium,Home Office,LATAM,Apparel,7,0.33,499.06,4,Wednesday,10,0
Standard Class,Low,Corporate,LATAM,Grocery,14,0.07,637.0,7,Saturday,4,1
Standard Class,Medium,Consumer,LATAM,Furniture,12,0.27,711.49,4,Friday,1,0
Standard Class,High,Corporate,LATAM,Grocery,15,0.3,244.3,7,Friday,12,1
Standard Class,Low,Home Office,Africa,Office Supplies,17,0.36,359.88,5,Sunday,7,1
Standard Class,Medium,Consumer,USCA,Apparel,13,0.38,706.83,1,Saturday,2,1
First Class,Medium,Corporate,Europe,Office Supplies,1,0.2,989.3,6,Thursday,12,0
Standard Class,Low,Consumer,Africa,Grocery,13,0.17,1154.12,5,Friday,2,1
Second Class,High,Corporate,Europe,Electronics,16,0.2,633.76,6,Monday,4,0
Standard Class,Critical,Corporate,Pacific Asia,Grocery,13,0.29,97.96,6,Wednesday,6,1
Standard Class,High,Consumer,Africa,Office Supplies,9,0.01,1147.66,1,Monday,11,1
Same Day,Low,Consumer,Africa,Apparel,18,0.07,510.72,7,Saturday,6,0
Standard Class,Low,Consumer,Pacific Asia,Office Supplies,16,0.36,131.95,3,Friday,12,1
First Class,Critical,Home Office,Africa,Furniture,12,0.08,1166.92,3,Wednesday,8,1
Standard Class,Medium,Consumer,USCA,Furniture,8,0.09,343.81,5,Thursday,7,0
Standard Class,Low,Corporate,LATAM,Apparel,1,0.38,791.64,2,Sunday,11,1
Same Day,Medium,Consumer,Europe,Grocery,13,0.12,181.5,7,Monday,2,0
Standard Class,Low,Corporate,Pacific Asia,Office Supplies,19,0.12,866.28,4,Tuesday,12,1
First Class,Low,Corporate,LATAM,Furniture,13,0.37,1171.81,4,Thursday,4,0
Standard Class,High,Corporate,Africa,Electronics,3,0.15,1182.22,1,Monday,9,1
First Class,Low,Home Office,USCA,Furniture,1,0.2,160.19,3,Tuesday,10,0
Standard Class,Low,Consumer,Africa,Grocery,14,0.22,924.76,7,Tuesday,1,1
Standard Class,Low,Consumer,Pacific Asia,Apparel,1,0.35,800.51,7,Tuesday,7,0
First Class,Medium,Home Office,Africa,Electronics,5,0.03,963.75,5,Tuesday,4,0
Same Day,Low,Consumer,USCA,Office Supplies,5,0.1,406.52,2,Monday,10,0
Same Day,Medium,Corporate,Africa,Office Supplies,11,0.23,488.08,7,Monday,7,0
First Class,Medium,Corporate,Africa,Apparel,19,0.17,416.76,1,Saturday,11,1
First Class,High,Corporate,Africa,Electronics,12,0.11,922.15,3,Friday,3,0
Standard Class,Low,Consumer,Africa,Electronics,8,0.16,972.83,2,Saturday,7,1
Standard Class,High,Consumer,USCA,Electronics,10,0.39,306.67,2,Wednesday,3,1
Standard Class,Low,Corporate,Europe,Apparel,18,0.01,691.62,5,Saturday,11,0
Standard Class,Medium,Consumer,LATAM,Apparel,9,0.06,159.9,5,Thursday,8,0
Standard Class,Medium,Corporate,Pacific Asia,Office Supplies,11,0.01,25.66,3,Friday,3,0
Standard Class,Low,Consumer,Europe,Furniture,5,0.24,735.99,7,Sunday,5,0
Standard Class,Medium,Consumer,USCA,Grocery,13,0.01,1009.84,5,Thursday,7,0
Second Class,Low,Consumer,Pacific Asia,Office Supplies,13,0.18,1088.8,7,Friday,5,0
Standard Class,Low,Home Office,Pacific Asia,Electronics,4,0.34,748.23,1,Wednesday,6,1
Standard Class,Low,Corporate,Africa,Furniture,17,0.04,972.34,4,Tuesday,5,1
Standard Class,Medium,Corporate,LATAM,Grocery,14,0.15,491.04,1,Thursday,10,1
First Class,Low,Home Office,LATAM,Electronics,9,0.15,1051.65,6,Sunday,4,0
Second Class,Low,Corporate,USCA,Apparel,2,0.14,931.91,1,Sunday,3,0
Second Class,Low,Home Office,Europe,Furniture,4,0.29,377.15,2,Friday,7,0
Standard Class,Medium,Consumer,Africa,Apparel,11,0.0,720.69,7,Tuesday,11,1
Standard Class,Medium,Home Office,LATAM,Grocery,10,0.31,71.0,3,Thursday,5,0
Standard Class,Low,Consumer,Africa,Grocery,5,0.34,184.44,3,Saturday,7,1
Standard Class,Low,Home Office,Europe,Electronics,16,0.17,1136.52,2,Thursday,5,1
Standard Class,Medium,Home Office,Pacific Asia,Apparel,6,0.35,21.61,1,Thursday,11,1
Standard Class,High,Consumer,Europe,Office Supplies,5,0.15,251.85,1,Monday,12,1
Standard Class,Medium,Consumer,Pacific Asia,Office Supplies,13,0.28,175.18,4,Saturday,11,1
Same Day,High,Corporate,Europe,Apparel,9,0.16,841.53,4,Saturday,7,0
Same Day,Low,Consumer,Africa,Grocery,10,0.02,135.78,3,Tuesday,4,0
Standard Class,Critical,Corporate,Europe,Furniture,2,0.03,33.95,1,Wednesday,12,1
Standard Class,Low,Consumer,LATAM,Apparel,15,0.18,1117.28,6,Friday,1,0
Standard Class,Critical,Home Office,LATAM,Electronics,12,0.4,1048.58,4,Thursday,1,1
Standard Class,Low,Consumer,USCA,Office Supplies,12,0.07,436.55,7,Sunday,3,0
Same Day,Medium,Corporate,LATAM,Electronics,3,0.36,129.62,2,Sunday,5,0
Standard Class,Low,Consumer,LATAM,Furniture,15,0.37,817.06,1,Saturday,4,1
First Class,Low,Consumer,Pacific Asia,Office Supplies,19,0.16,1060.91,6,Monday,11,0
Standard Class,High,Consumer,Africa,Office Supplies,13,0.18,1169.84,5,Wednesday,7,1
Same Day,Medium,Consumer,Africa,Office Supplies,3,0.2,164.85,4,Friday,4,0
Standard Class,Critical,Consumer,Pacific Asia,Electronics,13,0.31,724.25,2,Tuesday,8,1
First Class,Medium,Home Office,LATAM,Grocery,5,0.05,522.36,2,Monday,10,0
Standard Class,Medium,Consumer,Europe,Electronics,11,0.13,196.53,7,Monday,3,0
Second Class,Low,Corporate,Pacific Asia,Grocery,17,0.07,971.4,5,Friday,7,0
Standard Class,Critical,Consumer,Africa,Apparel,19,0.35,940.81,7,Tuesday,6,1
Standard Class,Medium,Corporate,USCA,Office Supplies,12,0.03,1157.93,7,Thursday,1,0
Same Day,Medium,Consumer,Africa,Electronics,5,0.3,111.79,4,Wednesday,6,0
Same Day,Medium,Corporate,Europe,Furniture,17,0.18,294.26,7,Sunday,9,0
First Class,Medium,Corporate,Africa,Furniture,19,0.29,994.81,3,Friday,11,0
Second Class,High,Consumer,Pacific Asia,Grocery,11,0.36,480.56,2,Monday,9,0
First Class,Low,Consumer,USCA,Grocery,2,0.14,576.36,1,Wednesday,10,0
Standard Class,Low,Consumer,Africa,Office Supplies,6,0.09,737.72,3,Saturday,2,1
Standard Class,Low,Consumer,Pacific Asia,Grocery,3,0.26,496.06,6,Sunday,9,0
Standard Class,High,Consumer,Pacific Asia,Furniture,15,0.4,52.12,2,Tuesday,3,1
Second Class,Low,Consumer,Pacific Asia,Electronics,18,0.29,728.74,2,Tuesday,4,1
Standard Class,Low,Corporate,USCA,Electronics,17,0.32,282.36,7,Wednesday,11,1
Standard Class,Low,Consumer,Pacific Asia,Grocery,15,0.25,1162.96,5,Wednesday,7,0
Second Class,Medium,Consumer,USCA,Grocery,2,0.15,831.49,4,Tuesday,6,0
First Class,Medium,Consumer,Europe,Furniture,5,0.26,1010.38,4,Tuesday,10,0
Standard Class,Low,Corporate,Europe,Apparel,5,0.05,1145.74,6,Saturday,6,0
Standard Class,Critical,Consumer,Europe,Electronics,9,0.2,85.36,5,Friday,2,1
Standard Class,Critical,Corporate,Pacific Asia,Grocery,6,0.23,186.94,5,Wednesday,11,1
Standard Class,Low,Corporate,USCA,Office Supplies,19,0.36,971.55,6,Saturday,1,1
Standard Class,Medium,Corporate,Europe,Grocery,10,0.37,1062.9,7,Saturday,2,0
Second Class,Medium,Consumer,LATAM,Grocery,19,0.02,15.81,3,Wednesday,5,0
Second Class,Low,Corporate,Europe,Electronics,19,0.25,1134.82,3,Sunday,1,0
Second Class,Low,Consumer,Pacific Asia,Grocery,16,0.32,550.71,6,Saturday,2,0
Standard Class,Medium,Home Office,LATAM,Office Supplies,12,0.21,560.53,5,Friday,12,0
First Class,Medium,Corporate,Africa,Office Supplies,9,0.04,1055.7,3,Tuesday,1,0
Standard Class,Low,Consumer,LATAM,Office Supplies,3,0.09,354.54,1,Monday,9,1
Standard Class,High,Home Office,Africa,Furniture,17,0.13,704.35,6,Thursday,3,1
First Class,Medium,Corporate,LATAM,Office Supplies,10,0.27,407.69,5,Sunday,3,0
Standard Class,Medium,Consumer,USCA,Electronics,18,0.03,145.13,6,Saturday,12,0
Standard Class,Low,Consumer,LATAM,Apparel,7,0.22,436.71,4,Wednesday,7,0
First Class,Medium,Corporate,Europe,Grocery,7,0.04,215.91,4,Saturday,2,0
Standard Class,Low,Home Office,Africa,Grocery,9,0.16,629.97,5,Monday,9,1
Second Class,Medium,Home Office,Africa,Grocery,16,0.17,640.46,4,Thursday,3,0
Standard Class,High,Corporate,Europe,Office Supplies,11,0.18,530.4,2,Sunday,10,1
Second Class,High,Consumer,USCA,Office Supplies,9,0.28,216.84,1,Friday,6,0
Standard Class,Low,Corporate,LATAM,Office Supplies,1,0.03,151.29,2,Tuesday,8,1
Standard Class,Medium,Corporate,USCA,Apparel,12,0.11,134.5,5,Saturday,10,0
Second Class,High,Consumer,Europe,Apparel,3,0.26,143.48,4,Monday,8,0
Standard Class,Medium,Consumer,LATAM,Apparel,19,0.38,360.91,7,Monday,2,1
Standard Class,Low,Corporate,Europe,Apparel,8,0.25,12.22,6,Saturday,11,0
Standard Class,Medium,Home Office,Africa,Apparel,7,0.35,84.09,3,Friday,1,1
Standard Class,Low,Corporate,Africa,Grocery,5,0.39,569.83,2,Wednesday,5,1
Standard Class,High,Consumer,Africa,Grocery,5,0.35,227.4,2,Saturday,5,1
Standard Class,Medium,Consumer,Pacific Asia,Apparel,5,0.39,323.42,4,Tuesday,2,0
Same Day,Low,Home Office,Pacific Asia,Grocery,12,0.31,430.45,3,Tuesday,10,0
Standard Class,Low,Home Office,Africa,Apparel,5,0.35,57.19,5,Saturday,7,1
Standard Class,Low,Consumer,Pacific Asia,Apparel,7,0.2,271.83,4,Saturday,2,0
Standard Class,High,Corporate,Pacific Asia,Apparel,1,0.14,934.26,1,Saturday,4,1
Standard Class,Low,Home Office,Europe,Grocery,19,0.4,415.67,1,Saturday,9,1
Same Day,Medium,Home Office,LATAM,Furniture,2,0.04,231.53,5,Friday,2,0
Standard Class,High,Corporate,Africa,Furniture,12,0.38,245.32,5,Tuesday,5,1
Same Day,Low,Consumer,Pacific Asia,Furniture,10,0.17,1181.83,1,Sunday,5,0
Standard Class,Medium,Corporate,Europe,Electronics,16,0.01,186.66,7,Friday,12,0
Second Class,Medium,Consumer,Europe,Furniture,11,0.32,1087.45,6,Thursday,1,0
Standard Class,Medium,Home Office,LATAM,Furniture,18,0.18,105.85,6,Sunday,11,0
First Class,Low,Consumer,Europe,Furniture,12,0.32,1050.57,3,Tuesday,10,0
Second Class,Low,Corporate,USCA,Office Supplies,9,0.02,613.23,5,Thursday,3,0
Standard Class,Medium,Corporate,USCA,Apparel,7,0.39,734.36,1,Saturday,2,1
Standard Class,High,Corporate,Africa,Grocery,7,0.27,302.66,3,Sunday,6,1
Standard Class,Low,Corporate,LATAM,Office Supplies,13,0.02,1079.34,6,Tuesday,11,0
Same Day,Low,Consumer,USCA,Apparel,13,0.0,708.7,3,Tuesday,2,0
Standard Class,Low,Corporate,LATAM,Furniture,5,0.24,814.08,5,Thursday,3,0
Standard Class,High,Consumer,Africa,Furniture,14,0.39,672.55,2,Thursday,1,1
First Class,Low,Consumer,Europe,Office Supplies,16,0.21,159.03,3,Wednesday,8,0
Standard Class,High,Home Office,Europe,Grocery,13,0.14,1005.11,5,Sunday,5,0
Same Day,Low,Corporate,Europe,Office Supplies,12,0.38,228.47,3,Friday,8,0
Second Class,High,Corporate,USCA,Office Supplies,1,0.39,357.42,7,Wednesday,8,0
Second Class,Medium,Corporate,LATAM,Apparel,8,0.31,806.73,7,Sunday,12,0
First Class,Medium,Corporate,USCA,Electronics,8,0.29,121.06,4,Wednesday,3,0
Standard Class,Low,Corporate,Pacific Asia,Grocery,15,0.0,1120.75,7,Sunday,1,0
Standard Class,High,Corporate,LATAM,Grocery,3,0.13,157.71,3,Saturday,5,0
Standard Class,Low,Home Office,Africa,Office Supplies,8,0.37,803.92,2,Sunday,6,1
Standard Class,Low,Consumer,USCA,Office Supplies,18,0.15,765.8,6,Friday,9,0
Second Class,Low,Corporate,Europe,Furniture,7,0.13,840.66,3,Tuesday,11,0
Same Day,High,Corporate,Europe,Office Supplies,12,0.21,525.68,2,Monday,12,0
Standard Class,High,Consumer,Europe,Apparel,15,0.18,464.92,1,Saturday,2,1
Standard Class,Medium,Consumer,USCA,Furniture,8,0.34,1173.41,7,Sunday,1,0
Same Day,Medium,Home Office,USCA,Electronics,16,0.03,982.42,2,Tuesday,11,0
Standard Class,Low,Consumer,Europe,Apparel,5,0.26,587.68,3,Thursday,10,0
Standard Class,High,Consumer,Europe,Grocery,5,0.28,226.9,7,Friday,9,0
Standard Class,High,Consumer,Europe,Grocery,9,0.35,1069.76,1,Thursday,5,1
Same Day,Medium,Consumer,Pacific Asia,Apparel,13,0.17,782.01,6,Thursday,8,0
Second Class,Medium,Home Office,USCA,Office Supplies,15,0.12,171.57,6,Sunday,6,0
First Class,Critical,Consumer,Europe,Office Supplies,8,0.25,227.89,7,Sunday,8,0
First Class,High,Consumer,Africa,Office Supplies,12,0.29,653.58,1,Wednesday,5,1
Standard Class,Medium,Home Office,Europe,Grocery,9,0.07,609.38,1,Thursday,7,1
Standard Class,Low,Consumer,USCA,Apparel,15,0.06,497.05,1,Thursday,1,1
First Class,Medium,Corporate,Africa,Office Supplies,15,0.11,517.98,3,Thursday,1,0
Standard Class,Medium,Home Office,USCA,Furniture,13,0.1,214.92,5,Friday,7,0
First Class,Low,Corporate,USCA,Grocery,15,0.3,314.0,2,Saturday,4,1
Same Day,Low,Corporate,USCA,Apparel,5,0.21,596.32,5,Thursday,7,0
Second Class,Medium,Consumer,LATAM,Apparel,10,0.22,85.81,5,Thursday,3,0
Second Class,Medium,Consumer,Africa,Apparel,12,0.01,429.69,2,Monday,10,1
First Class,Medium,Consumer,Pacific Asia,Apparel,17,0.4,260.34,4,Friday,5,0
First Class,Low,Consumer,Pacific Asia,Electronics,9,0.33,217.83,2,Saturday,10,0
Standard Class,High,Corporate,LATAM,Furniture,5,0.18,184.45,4,Friday,2,0
Standard Class,Medium,Consumer,USCA,Electronics,9,0.03,176.83,2,Saturday,9,1
Standard Class,Low,Corporate,Pacific Asia,Office Supplies,5,0.28,200.92,6,Thursday,7,0
Second Class,Low,Consumer,Africa,Electronics,14,0.21,455.22,5,Thursday,1,0
Standard Class,High,Consumer,Europe,Electronics,7,0.27,130.73,5,Monday,4,0
Second Class,High,Consumer,Africa,Grocery,9,0.27,1077.48,6,Thursday,9,0
Standard Class,Low,Consumer,USCA,Apparel,12,0.06,602.52,2,Thursday,6,1
Second Class,High,Corporate,Africa,Electronics,5,0.13,610.68,1,Thursday,2,1
Standard Class,Low,Corporate,USCA,Apparel,7,0.01,261.2,4,Sunday,8,0
Second Class,Critical,Home Office,Africa,Furniture,5,0.39,1041.91,1,Saturday,4,1
Standard Class,Low,Home Office,LATAM,Electronics,17,0.32,995.48,7,Sunday,1,1
Standard Class,Low,Corporate,Africa,Grocery,11,0.37,50.75,4,Wednesday,11,1
Standard Class,Medium,Corporate,Pacific Asia,Grocery,5,0.02,881.56,6,Sunday,12,0
Second Class,Low,Consumer,Europe,Office Supplies,4,0.2,229.28,5,Thursday,7,0
Standard Class,Medium,Consumer,LATAM,Electronics,1,0.3,671.18,4,Friday,6,0
Standard Class,High,Home Office,Africa,Furniture,1,0.04,1045.92,5,Friday,5,1
Same Day,High,Consumer,USCA,Apparel,14,0.31,1121.52,2,Thursday,9,1
Second Class,Medium,Consumer,LATAM,Electronics,9,0.26,229.5,6,Tuesday,1,0
Same Day,Medium,Consumer,Pacific Asia,Office Supplies,1,0.39,1128.1,2,Sunday,10,0
Standard Class,Low,Consumer,Europe,Grocery,8,0.06,92.8,3,Friday,6,0
Standard Class,Low,Corporate,Europe,Electronics,13,0.25,1092.1,7,Wednesday,7,1
First Class,Medium,Consumer,Africa,Office Supplies,9,0.38,929.07,3,Friday,3,0
Standard Class,Low,Consumer,Pacific Asia,Furniture,15,0.3,1097.45,7,Tuesday,12,1
Second Class,Medium,Consumer,Pacific Asia,Apparel,11,0.13,445.71,2,Saturday,3,0
Standard Class,Medium,Corporate,Europe,Furniture,4,0.05,1129.53,3,Saturday,4,0
Standard Class,Low,Corporate,Europe,Furniture,8,0.39,984.03,6,Sunday,5,0
Standard Class,Medium,Consumer,Pacific Asia,Apparel,13,0.03,400.7,2,Monday,3,1
Standard Class,Low,Corporate,Europe,Electronics,17,0.39,413.33,1,Monday,3,1
Standard Class,Medium,Consumer,USCA,Apparel,4,0.12,435.09,5,Monday,2,0
Standard Class,High,Corporate,Europe,Office Supplies,10,0.34,710.66,2,Wednesday,7,1
Same Day,Medium,Corporate,USCA,Furniture,2,0.22,226.46,3,Monday,11,0
Standard Class,Low,Home Office,Europe,Apparel,15,0.37,525.86,7,Monday,8,1
Second Class,Medium,Consumer,LATAM,Grocery,18,0.17,90.52,6,Friday,4,0
First Class,Low,Consumer,LATAM,Apparel,14,0.34,436.4,7,Friday,2,0
Second Class,Medium,Consumer,LATAM,Apparel,3,0.1,803.41,3,Friday,3,0
Standard Class,Medium,Consumer,USCA,Office Supplies,1,0.19,711.47,7,Monday,4,0
Second Class,Medium,Consumer,USCA,Furniture,3,0.34,386.68,7,Tuesday,6,0
Second Class,High,Consumer,Africa,Office Supplies,13,0.05,316.07,3,Friday,8,0
Second Class,Medium,Consumer,Africa,Office Supplies,8,0.29,399.24,1,Friday,2,1
First Class,Low,Home Office,Europe,Grocery,17,0.17,92.76,6,Saturday,1,0
Same Day,Low,Consumer,USCA,Office Supplies,16,0.21,316.52,1,Thursday,9,0
Second Class,High,Home Office,LATAM,Office Supplies,16,0.23,852.58,7,Friday,9,0
Standard Class,Low,Home Office,LATAM,Grocery,12,0.11,222.71,7,Thursday,9,0
Second Class,Medium,Home Office,LATAM,Electronics,19,0.04,174.49,6,Tuesday,4,0
Standard Class,Medium,Home Office,Europe,Office Supplies,16,0.01,1016.81,1,Monday,1,1
First Class,Medium,Corporate,USCA,Apparel,15,0.17,291.5,2,Wednesday,8,0
Standard Class,High,Corporate,Europe,Office Supplies,9,0.11,308.81,5,Friday,6,0
Standard Class,Medium,Consumer,Pacific Asia,Furniture,16,0.25,561.02,1,Sunday,3,1
First Class,Medium,Corporate,Pacific Asia,Apparel,2,0.29,571.58,7,Sunday,5,0
Second Class,High,Home Office,Africa,Apparel,10,0.2,231.58,3,Sunday,12,0
Standard Class,Medium,Consumer,USCA,Electronics,12,0.25,671.81,3,Wednesday,4,0
Standard Class,Medium,Consumer,LATAM,Furniture,18,0.22,837.93,1,Saturday,6,1
First Class,Medium,Corporate,USCA,Furniture,18,0.0,586.55,6,Saturday,5,0
Standard Class,Medium,Corporate,Africa,Furniture,4,0.34,1075.57,5,Monday,5,1
First Class,High,Home Office,LATAM,Office Supplies,2,0.02,1189.99,5,Thursday,8,0
Standard Class,Low,Consumer,Europe,Office Supplies,7,0.16,639.05,6,Tuesday,3,0
First Class,Low,Corporate,LATAM,Apparel,19,0.04,1167.51,5,Friday,9,0
First Class,High,Consumer,Pacific Asia,Electronics,11,0.26,779.32,6,Tuesday,2,0
Standard Class,Medium,Home Office,Europe,Office Supplies,13,0.13,639.28,3,Sunday,11,0
Standard Class,Low,Consumer,LATAM,Office Supplies,17,0.03,1045.33,2,Wednesday,5,1
Standard Class,Medium,Home Office,Europe,Electronics,10,0.02,1160.13,7,Sunday,9,0
Second Class,Critical,Consumer,Pacific Asia,Furniture,16,0.09,1198.82,4,Sunday,11,0
Standard Class,High,Consumer,Pacific Asia,Apparel,16,0.27,913.42,1,Thursday,7,1
Second Class,Medium,Consumer,USCA,Office Supplies,16,0.29,587.51,1,Friday,7,1
Standard Class,Low,Consumer,Pacific Asia,Electronics,19,0.05,362.28,4,Sunday,3,0
Standard Class,High,Corporate,Pacific Asia,Electronics,13,0.06,674.0,4,Tuesday,10,1
Standard Class,Medium,Consumer,Pacific Asia,Furniture,11,0.24,935.26,3,Sunday,3,0
Standard Class,High,Consumer,Africa,Grocery,12,0.38,41.92,3,Tuesday,1,1
Second Class,Low,Consumer,Pacific Asia,Grocery,17,0.22,328.5,1,Wednesday,2,0
First Class,Low,Home Office,USCA,Grocery,15,0.28,431.98,7,Wednesday,7,0
Second Class,Medium,Consumer,Europe,Grocery,3,0.23,938.14,6,Saturday,1,0
Standard Class,Low,Consumer,Africa,Office Supplies,9,0.04,740.13,7,Thursday,5,1
Same Day,Medium,Corporate,Europe,Electronics,10,0.38,516.59,2,Sunday,3,0
Second Class,Critical,Home Office,Europe,Apparel,12,0.03,1103.93,6,Sunday,5,0
Same Day,Medium,Home Office,USCA,Office Supplies,9,0.3,650.39,1,Thursday,4,0
Standard Class,High,Home Office,Africa,Grocery,5,0.39,871.46,1,Wednesday,9,1
Standard Class,Medium,Consumer,LATAM,Apparel,2,0.13,790.01,1,Sunday,8,1
Standard Class,High,Home Office,Pacific Asia,Apparel,13,0.07,1031.62,3,Sunday,11,0
Second Class,High,Corporate,Europe,Grocery,11,0.23,976.73,1,Tuesday,1,0
Standard Class,Medium,Home Office,Europe,Apparel,9,0.32,1186.95,7,Tuesday,7,0
Standard Class,Medium,Consumer,USCA,Office Supplies,8,0.38,461.24,2,Sunday,11,1
Standard Class,Medium,Home Office,USCA,Furniture,15,0.28,206.2,7,Sunday,3,1
Second Class,Medium,Consumer,USCA,Office Supplies,16,0.13,914.18,2,Wednesday,2,0
Second Class,Low,Corporate,Africa,Office Supplies,10,0.2,1050.91,2,Monday,6,1
Standard Class,High,Consumer,Pacific Asia,Furniture,2,0.3,74.7,1,Friday,5,1
Standard Class,Critical,Consumer,Africa,Grocery,15,0.32,406.12,4,Wednesday,6,1
Second Class,Medium,Corporate,USCA,Grocery,18,0.03,970.56,1,Friday,6,0
Same Day,Medium,Consumer,USCA,Furniture,13,0.25,823.29,7,Sunday,2,0
Second Class,Medium,Corporate,Europe,Office Supplies,5,0.39,908.81,4,Wednesday,5,0
Same Day,Medium,Corporate,Africa,Electronics,19,0.31,656.41,1,Wednesday,4,1
First Class,Medium,Corporate,Africa,Apparel,1,0.0,464.39,2,Thursday,7,1
Second Class,High,Consumer,Pacific Asia,Apparel,3,0.09,975.56,7,Tuesday,12,0
Standard Class,Medium,Home Office,Africa,Apparel,10,0.18,669.9,4,Monday,5,1
Second Class,Low,Corporate,Pacific Asia,Electronics,15,0.28,622.87,7,Wednesday,8,0
Second Class,High,Consumer,LATAM,Office Supplies,16,0.22,884.46,2,Sunday,2,0
Second Class,Medium,Corporate,Pacific Asia,Grocery,4,0.03,237.13,1,Sunday,8,0
Standard Class,High,Consumer,USCA,Furniture,3,0.3,707.35,7,Tuesday,8,0
Standard Class,Low,Consumer,LATAM,Apparel,5,0.34,372.25,3,Monday,5,0
Standard Class,Low,Corporate,Europe,Electronics,3,0.08,35.52,4,Friday,11,0
Standard Class,High,Corporate,Europe,Furniture,8,0.03,901.15,7,Tuesday,10,0
Standard Class,Low,Consumer,Europe,Office Supplies,6,0.32,574.88,1,Tuesday,4,1
First Class,High,Consumer,USCA,Electronics,15,0.26,1084.86,7,Tuesday,3,0
Standard Class,High,Home Office,Europe,Electronics,6,0.32,605.2,2,Friday,12,1
Standard Class,Medium,Consumer,Pacific Asia,Furniture,7,0.23,22.13,5,Friday,1,0
Standard Class,Low,Consumer,USCA,Furniture,8,0.17,496.41,6,Tuesday,6,0
Second Class,Medium,Home Office,Africa,Apparel,16,0.39,213.58,3,Saturday,2,0
Standard Class,High,Consumer,USCA,Office Supplies,13,0.31,1106.08,5,Tuesday,4,1
Standard Class,Medium,Corporate,USCA,Furniture,5,0.16,540.5,7,Thursday,3,0
Second Class,Medium,Consumer,Africa,Apparel,2,0.36,617.73,6,Friday,8,0
Standard Class,Medium,Corporate,Pacific Asia,Apparel,14,0.4,444.94,7,Sunday,4,1
Same Day,Low,Consumer,LATAM,Furniture,18,0.12,631.45,5,Thursday,1,0
Same Day,High,Home Office,Africa,Electronics,18,0.36,108.52,3,Monday,4,0
Standard Class,High,Consumer,USCA,Electronics,18,0.02,555.89,2,Friday,4,1
Standard Class,Critical,Corporate,Europe,Electronics,15,0.09,799.5,5,Thursday,3,1
Second Class,Medium,Home Office,Africa,Apparel,5,0.06,452.98,5,Saturday,11,0
Standard Class,High,Home Office,Africa,Electronics,2,0.14,477.27,1,Saturday,11,1
Standard Class,Low,Consumer,LATAM,Office Supplies,11,0.23,1006.53,3,Wednesday,5,0
Standard Class,Medium,Home Office,USCA,Electronics,10,0.29,648.59,6,Saturday,5,0
Same Day,Medium,Consumer,Europe,Electronics,5,0.36,709.3,7,Saturday,2,0
Standard Class,High,Corporate,Europe,Apparel,2,0.06,363.21,4,Wednesday,11,0
Second Class,High,Consumer,LATAM,Grocery,12,0.23,584.75,5,Monday,9,0
Second Class,High,Consumer,Europe,Office Supplies,17,0.22,74.21,1,Tuesday,8,0
Standard Class,High,Consumer,Pacific Asia,Apparel,5,0.18,522.05,3,Friday,12,0
Standard Class,High,Corporate,Africa,Office Supplies,18,0.28,965.21,6,Thursday,4,1
Same Day,Low,Corporate,Africa,Office Supplies,16,0.21,202.13,6,Thursday,10,0
Standard Class,High,Consumer,Europe,Electronics,8,0.22,919.73,4,Saturday,6,0
Second Class,Medium,Corporate,Europe,Office Supplies,4,0.36,455.32,4,Saturday,4,0
Standard Class,Low,Home Office,Europe,Electronics,4,0.34,42.2,5,Sunday,8,0
Standard Class,Low,Corporate,Africa,Office Supplies,4,0.23,1144.32,2,Sunday,9,1
Standard Class,Medium,Consumer,Europe,Grocery,17,0.06,225.82,3,Wednesday,10,0
Standard Class,Low,Home Office,Pacific Asia,Office Supplies,10,0.38,408.37,1,Saturday,10,1
Standard Class,Medium,Corporate,Pacific Asia,Furniture,1,0.25,582.07,3,Thursday,7,0
First Class,Medium,Consumer,Africa,Electronics,18,0.32,1139.84,1,Saturday,4,1
Standard Class,High,Corporate,USCA,Grocery,15,0.02,701.59,5,Thursday,2,0
Standard Class,High,Consumer,USCA,Electronics,10,0.36,1087.36,3,Wednesday,11,0
Standard Class,Medium,Corporate,USCA,Grocery,16,0.28,681.71,5,Tuesday,10,1
First Class,Low,Home Office,Pacific Asia,Electronics,4,0.27,254.42,2,Tuesday,8,0
Standard Class,Low,Consumer,LATAM,Furniture,18,0.04,681.6,1,Thursday,12,1
Second Class,Low,Consumer,USCA,Furniture,11,0.29,129.53,2,Monday,1,0
Standard Class,Low,Consumer,LATAM,Grocery,8,0.03,149.3,1,Friday,11,1
Standard Class,Critical,Consumer,Africa,Apparel,1,0.02,147.64,6,Sunday,8,1
Standard Class,Medium,Corporate,Pacific Asia,Electronics,2,0.13,24.58,2,Friday,1,1
First Class,Low,Corporate,USCA,Apparel,17,0.01,190.03,3,Sunday,10,0
Standard Class,Low,Consumer,Pacific Asia,Office Supplies,19,0.06,430.04,6,Thursday,11,1
Standard Class,Medium,Home Office,Africa,Furniture,10,0.29,95.82,1,Sunday,9,1
Standard Class,Medium,Consumer,Pacific Asia,Electronics,8,0.33,17.33,7,Wednesday,1,0
First Class,Low,Home Office,Europe,Furniture,9,0.07,143.6,5,Saturday,8,0
Standard Class,Critical,Consumer,USCA,Office Supplies,10,0.33,1123.91,1,Friday,3,1
Standard Class,Low,Corporate,Pacific Asia,Grocery,5,0.19,635.51,7,Tuesday,10,0
Standard Class,Low,Consumer,Pacific Asia,Electronics,9,0.38,527.68,4,Thursday,5,0
Standard Class,Low,Consumer,Pacific Asia,Electronics,11,0.06,589.72,7,Monday,12,0
Second Class,Medium,Home Office,Africa,Electronics,18,0.02,670.22,1,Monday,9,1
Second Class,Low,Consumer,USCA,Grocery,1,0.34,138.32,1,Monday,4,0
Standard Class,Low,Home Office,USCA,Furniture,16,0.14,705.86,6,Tuesday,11,0
Standard Class,Low,Corporate,Europe,Grocery,10,0.18,1002.73,4,Thursday,9,0
Standard Class,Medium,Home Office,Europe,Furniture,18,0.2,677.17,2,Monday,6,1
Standard Class,Low,Home Office,Pacific Asia,Electronics,1,0.33,1060.83,7,Thursday,6,0
Standard Class,Low,Consumer,USCA,Grocery,6,0.03,174.49,2,Saturday,9,1
First Class,Medium,Corporate,USCA,Office Supplies,1,0.22,992.8,1,Tuesday,5,0
Same Day,Low,Home Office,Pacific Asia,Grocery,3,0.17,798.51,2,Saturday,3,0
Same Day,Medium,Consumer,LATAM,Furniture,13,0.14,728.37,4,Monday,10,0
First Class,Low,Home Office,USCA,Electronics,12,0.14,710.64,5,Monday,6,0
Second Class,Low,Corporate,Pacific Asia,Furniture,14,0.37,151.55,2,Wednesday,4,1
Second Class,Medium,Corporate,Pacific Asia,Apparel,17,0.11,773.91,1,Thursday,11,0
Standard Class,Low,Consumer,LATAM,Electronics,16,0.18,484.55,7,Saturday,8,1
Second Class,Low,Corporate,Europe,Office Supplies,13,0.2,85.28,5,Saturday,1,0
Standard Class,Medium,Consumer,Pacific Asia,Office Supplies,4,0.29,254.25,5,Monday,6,0
Standard Class,High,Home Office,USCA,Apparel,15,0.21,536.67,7,Wednesday,1,0
First Class,Medium,Corporate,Europe,Furniture,9,0.25,1191.64,5,Saturday,12,0
Standard Class,High,Consumer,Europe,Office Supplies,17,0.16,522.49,7,Friday,2,0
Standard Class,High,Home Office,Europe,Furniture,11,0.29,188.24,1,Saturday,10,1
Same Day,Critical,Corporate,Pacific Asia,Electronics,7,0.19,1083.03,5,Thursday,9,0
Standard Class,High,Home Office,USCA,Grocery,7,0.09,51.93,4,Monday,1,0
Standard Class,Medium,Consumer,LATAM,Electronics,4,0.33,160.8,5,Sunday,4,0
Same Day,Low,Corporate,Africa,Furniture,8,0.31,573.73,7,Tuesday,1,0
Second Class,Low,Corporate,Africa,Apparel,19,0.25,120.41,6,Monday,1,0
Standard Class,Medium,Corporate,Europe,Electronics,14,0.21,690.19,6,Saturday,9,0
Standard Class,Critical,Consumer,Africa,Office Supplies,4,0.08,197.74,7,Thursday,6,1
Standard Class,Medium,Consumer,Africa,Electronics,17,0.35,784.52,7,Monday,3,1
First Class,Medium,Home Office,Pacific Asia,Electronics,18,0.04,150.02,4,Sunday,9,0
Second Class,Medium,Consumer,LATAM,Electronics,15,0.15,974.02,1,Friday,9,0
Standard Class,Medium,Home Office,Africa,Apparel,5,0.34,883.26,7,Tuesday,4,1
Standard Class,Medium,Consumer,LATAM,Furniture,15,0.24,1111.23,7,Thursday,12,0
Standard Class,Medium,Home Office,Africa,Apparel,4,0.18,91.42,1,Saturday,4,1
Same Day,Low,Corporate,Europe,Office Supplies,4,0.32,670.8,6,Wednesday,8,0
Standard Class,Medium,Corporate,Europe,Furniture,12,0.4,853.54,1,Sunday,4,1
Second Class,High,Consumer,LATAM,Office Supplies,18,0.08,1084.17,5,Friday,10,0
Standard Class,High,Home Office,LATAM,Furniture,19,0.02,583.64,2,Monday,6,1
Second Class,Low,Corporate,LATAM,Furniture,18,0.19,1142.07,2,Wednesday,8,0
Same Day,High,Corporate,LATAM,Electronics,1,0.11,155.75,5,Saturday,9,0
Second Class,Low,Consumer,USCA,Electronics,4,0.27,525.54,3,Friday,3,0
Standard Class,Low,Corporate,Europe,Apparel,15,0.2,311.27,3,Wednesday,7,0
Second Class,Medium,Home Office,Africa,Furniture,6,0.2,194.91,4,Thursday,5,0
First Class,Low,Consumer,USCA,Office Supplies,2,0.14,351.27,2,Friday,5,0
Standard Class,Low,Corporate,LATAM,Electronics,2,0.08,801.01,5,Wednesday,7,0
First Class,Low,Consumer,Africa,Office Supplies,2,0.09,585.01,7,Sunday,5,0
Second Class,Medium,Home Office,Europe,Electronics,11,0.15,226.04,1,Saturday,12,0
First Class,Low,Home Office,LATAM,Furniture,8,0.27,47.75,2,Friday,4,0
Second Class,Medium,Consumer,Pacific Asia,Office Supplies,17,0.13,1108.96,5,Sunday,10,0
Standard Class,Medium,Consumer,LATAM,Apparel,12,0.13,383.82,6,Wednesday,8,0
Standard Class,Medium,Corporate,Africa,Apparel,4,0.17,161.83,6,Sunday,9,1
Standard Class,High,Consumer,Europe,Apparel,1,0.4,183.92,3,Tuesday,11,0
Same Day,Medium,Consumer,LATAM,Electronics,10,0.04,311.58,6,Monday,4,0
First Class,Low,Consumer,Europe,Electronics,7,0.12,284.67,6,Sunday,4,0
Second Class,Low,Consumer,USCA,Apparel,16,0.12,342.66,3,Wednesday,6,0
Standard Class,Medium,Consumer,Pacific Asia,Office Supplies,17,0.39,278.36,3,Friday,10,1
Standard Class,Medium,Consumer,USCA,Electronics,6,0.16,522.47,6,Friday,10,0
First Class,Low,Consumer,Pacific Asia,Apparel,1,0.23,921.07,4,Sunday,3,0
Standard Class,Low,Corporate,USCA,Electronics,11,0.08,42.34,7,Saturday,7,0
Standard Class,High,Corporate,Europe,Grocery,13,0.01,236.65,5,Wednesday,3,1
Second Class,Medium,Consumer,Europe,Office Supplies,13,0.14,857.26,5,Wednesday,5,0
Standard Class,Medium,Corporate,USCA,Furniture,9,0.26,187.17,6,Wednesday,6,0
Standard Class,High,Home Office,Africa,Office Supplies,3,0.28,892.18,7,Sunday,10,1
Standard Class,High,Consumer,USCA,Furniture,2,0.3,622.62,1,Saturday,10,1
Standard Class,Medium,Home Office,LATAM,Apparel,1,0.34,1059.12,7,Sunday,1,0
Same Day,Medium,Corporate,Africa,Electronics,7,0.05,22.09,5,Saturday,1,0
Standard Class,Critical,Consumer,Europe,Apparel,10,0.03,943.38,1,Saturday,1,1
Standard Class,Medium,Consumer,USCA,Furniture,2,0.32,690.93,6,Sunday,10,0
Standard Class,Low,Corporate,Africa,Grocery,4,0.17,567.97,7,Saturday,5,1
First Class,Low,Corporate,LATAM,Furniture,16,0.38,183.41,3,Tuesday,5,0
Standard Class,Medium,Consumer,Pacific Asia,Electronics,8,0.38,288.54,2,Saturday,2,1
Second Class,High,Home Office,Europe,Grocery,12,0.06,945.38,7,Tuesday,7,0
Standard Class,Low,Corporate,Africa,Electronics,5,0.28,187.32,3,Wednesday,4,1
Standard Class,Low,Consumer,Africa,Grocery,3,0.03,637.54,5,Tuesday,10,1
Standard Class,High,Consumer,Africa,Electronics,1,0.16,257.08,1,Wednesday,7,1
First Class,High,Consumer,USCA,Furniture,14,0.34,592.23,3,Sunday,3,0
First Class,Low,Consumer,Europe,Furniture,19,0.18,313.14,7,Wednesday,2,0
Standard Class,Low,Consumer,Europe,Furniture,16,0.01,427.82,7,Tuesday,4,0
Standard Class,Medium,Corporate,USCA,Furniture,9,0.1,964.91,5,Sunday,12,0
Same Day,Low,Corporate,USCA,Grocery,5,0.03,54.17,5,Friday,2,0
Standard Class,High,Consumer,USCA,Office Supplies,4,0.16,1109.91,1,Saturday,12,1
First Class,Low,Corporate,LATAM,Office Supplies,6,0.28,390.06,6,Wednesday,9,0
Standard Class,Low,Consumer,Africa,Apparel,12,0.26,719.29,4,Thursday,8,1
Same Day,Low,Consumer,LATAM,Office Supplies,14,0.29,273.89,2,Friday,2,1
First Class,Low,Corporate,Europe,Apparel,14,0.15,436.89,7,Friday,12,0
Same Day,Low,Consumer,USCA,Furniture,6,0.11,557.0,4,Tuesday,2,0
Second Class,Low,Home Office,Africa,Electronics,5,0.02,829.61,3,Wednesday,3,0
Standard Class,High,Home Office,Pacific Asia,Office Supplies,2,0.38,1048.98,4,Tuesday,4,0
Same Day,Low,Corporate,Africa,Office Supplies,3,0.05,1040.69,1,Sunday,12,1
Standard Class,High,Consumer,Pacific Asia,Furniture,9,0.07,411.04,7,Tuesday,5,0
Standard Class,Low,Consumer,Africa,Furniture,7,0.01,115.57,2,Saturday,5,1
Second Class,Medium,Consumer,USCA,Office Supplies,12,0.13,1110.77,4,Thursday,8,0
First Class,Low,Corporate,Pacific Asia,Furniture,18,0.33,46.53,4,Tuesday,2,0
Same Day,Low,Home Office,Pacific Asia,Office Supplies,13,0.13,1058.47,2,Saturday,5,0
Standard Class,Medium,Corporate,Europe,Electronics,1,0.27,40.73,3,Thursday,3,0
First Class,Medium,Corporate,Africa,Electronics,1,0.39,1172.18,1,Sunday,2,1
Second Class,High,Corporate,LATAM,Apparel,1,0.36,23.27,7,Thursday,2,0
Standard Class,High,Home Office,LATAM,Office Supplies,7,0.07,30.23,2,Friday,4,1
Standard Class,Medium,Consumer,Europe,Electronics,9,0.14,615.37,3,Sunday,9,0
Standard Class,Medium,Home Office,Europe,Electronics,1,0.3,803.46,2,Thursday,11,1
Standard Class,High,Corporate,Europe,Grocery,15,0.39,429.81,1,Thursday,2,1
Same Day,Medium,Consumer,USCA,Electronics,12,0.29,731.02,1,Tuesday,11,0
Second Class,Critical,Home Office,USCA,Apparel,4,0.1,1016.57,4,Wednesday,10,0
Second Class,High,Home Office,USCA,Electronics,10,0.05,956.75,4,Friday,6,0
Same Day,Low,Corporate,USCA,Furniture,18,0.2,1062.05,5,Sunday,8,0
Standard Class,Low,Home Office,Europe,Grocery,19,0.08,199.4,5,Friday,12,0
First Class,Medium,Consumer,Europe,Office Supplies,5,0.09,277.32,4,Monday,2,0
Standard Class,Medium,Consumer,USCA,Apparel,2,0.25,709.38,1,Friday,3,1
First Class,Medium,Consumer,USCA,Electronics,7,0.21,871.17,3,Friday,9,0
Standard Class,High,Corporate,Pacific Asia,Office Supplies,6,0.05,137.76,6,Thursday,2,0
Same Day,Low,Consumer,Africa,Electronics,16,0.06,219.0,4,Sunday,1,0
Standard Class,Low,Consumer,Pacific Asia,Grocery,15,0.01,1108.29,5,Wednesday,10,0
Standard Class,Low,Corporate,Africa,Office Supplies,9,0.09,40.75,1,Saturday,11,1
First Class,Medium,Consumer,USCA,Furniture,7,0.35,488.13,6,Wednesday,11,0
Standard Class,Medium,Consumer,USCA,Furniture,10,0.32,260.92,7,Wednesday,4,0
Second Class,Low,Consumer,USCA,Office Supplies,2,0.17,931.44,2,Wednesday,11,0
Standard Class,Medium,Consumer,Pacific Asia,Furniture,3,0.3,1037.67,4,Saturday,3,0
Second Class,Low,Consumer,Europe,Apparel,19,0.16,303.92,4,Monday,6,0
Standard Class,Low,Consumer,Africa,Grocery,3,0.32,711.96,3,Friday,12,1
Standard Class,Medium,Consumer,Pacific Asia,Apparel,8,0.07,1013.42,6,Friday,12,0
Standard Class,Low,Consumer,USCA,Office Supplies,5,0.06,722.22,7,Saturday,1,0
Standard Class,Medium,Consumer,Europe,Apparel,12,0.03,724.84,1,Sunday,3,1
Standard Class,High,Home Office,Pacific Asia,Grocery,11,0.1,501.31,3,Thursday,6,0
Standard Class,High,Consumer,Africa,Grocery,4,0.06,787.1,7,Monday,10,1
Standard Class,Low,Corporate,USCA,Office Supplies,4,0.32,1152.8,2,Monday,10,1
Standard Class,Medium,Consumer,Africa,Apparel,1,0.1,366.56,1,Wednesday,2,1
Second Class,Medium,Consumer,USCA,Grocery,7,0.21,248.71,3,Tuesday,12,0
First Class,High,Consumer,USCA,Office Supplies,2,0.3,1150.18,2,Saturday,10,0
Standard Class,High,Home Office,LATAM,Grocery,1,0.27,81.61,2,Thursday,7,1
Second Class,Low,Consumer,Africa,Electronics,19,0.08,1009.49,4,Wednesday,4,0
Second Class,Low,Corporate,Europe,Electronics,17,0.03,1092.66,6,Tuesday,12,0
Standard Class,Medium,Corporate,USCA,Grocery,11,0.36,271.12,6,Saturday,4,0
Second Class,Medium,Consumer,Europe,Office Supplies,5,0.25,516.59,1,Wednesday,3,0
Standard Class,Low,Home Office,Pacific Asia,Electronics,6,0.28,156.4,2,Saturday,10,1
Standard Class,Low,Consumer,USCA,Grocery,6,0.15,446.69,3,Friday,3,0
Standard Class,Medium,Consumer,USCA,Furniture,17,0.1,554.21,1,Friday,11,1
Second Class,Low,Consumer,USCA,Apparel,10,0.21,616.39,2,Thursday,8,0
Second Class,Low,Consumer,Europe,Grocery,10,0.03,155.73,4,Saturday,7,0
Standard Class,Low,Consumer,LATAM,Electronics,9,0.32,490.31,5,Thursday,7,0
Standard Class,Low,Corporate,Africa,Grocery,18,0.26,753.92,5,Wednesday,12,1
Same Day,Medium,Consumer,USCA,Office Supplies,13,0.3,605.17,6,Monday,4,0
Standard Class,Low,Corporate,Africa,Electronics,8,0.23,1011.29,5,Saturday,1,1
Standard Class,Low,Consumer,Africa,Office Supplies,11,0.23,1141.77,2,Sunday,4,1
Same Day,Low,Home Office,Africa,Office Supplies,7,0.24,982.06,2,Saturday,12,1
Second Class,Low,Consumer,Europe,Office Supplies,7,0.31,66.38,3,Tuesday,12,0
Second Class,Medium,Corporate,Africa,Grocery,3,0.09,265.46,5,Wednesday,8,0
First Class,Low,Corporate,Pacific Asia,Electronics,16,0.27,114.25,5,Sunday,3,0
First Class,Medium,Consumer,Europe,Office Supplies,13,0.22,526.26,1,Wednesday,6,0
Standard Class,Low,Consumer,Europe,Furniture,18,0.2,871.32,1,Sunday,1,1
Standard Class,Low,Consumer,Pacific Asia,Apparel,18,0.22,48.5,2,Saturday,3,1
Standard Class,Low,Consumer,LATAM,Grocery,12,0.11,327.79,6,Thursday,8,0
Same Day,Low,Consumer,LATAM,Furniture,13,0.01,121.74,7,Friday,4,0
Second Class,Medium,Corporate,USCA,Electronics,3,0.3,498.03,2,Tuesday,8,0
Standard Class,Medium,Consumer,LATAM,Apparel,3,0.37,1111.15,4,Saturday,10,0
First Class,High,Corporate,USCA,Office Supplies,2,0.19,501.27,6,Wednesday,2,0
Standard Class,Low,Consumer,Africa,Furniture,7,0.34,765.33,5,Saturday,3,1
Standard Class,Low,Home Office,USCA,Furniture,2,0.22,470.56,5,Friday,4,0
Standard Class,Low,Consumer,LATAM,Office Supplies,6,0.37,880.43,2,Saturday,1,1
Standard Class,High,Consumer,USCA,Office Supplies,13,0.2,894.2,7,Thursday,1,0
First Class,Low,Consumer,Europe,Furniture,11,0.08,174.28,7,Friday,4,0
Standard Class,Medium,Consumer,LATAM,Electronics,5,0.35,787.31,7,Tuesday,2,0
First Class,Low,Corporate,USCA,Grocery,7,0.32,469.76,3,Friday,8,0
Second Class,Low,Corporate,LATAM,Electronics,11,0.16,1033.1,1,Saturday,11,0
Standard Class,High,Corporate,Pacific Asia,Electronics,7,0.34,197.8,5,Monday,8,0
Same Day,Medium,Corporate,LATAM,Grocery,8,0.0,1077.95,7,Saturday,8,0
Standard Class,High,Home Office,Pacific Asia,Electronics,4,0.32,618.71,3,Tuesday,5,0
Standard Class,Medium,Corporate,USCA,Apparel,10,0.28,314.07,6,Tuesday,5,0
Standard Class,Medium,Consumer,Pacific Asia,Office Supplies,15,0.15,408.25,1,Friday,5,1
First Class,Low,Consumer,LATAM,Furniture,15,0.32,15.96,6,Saturday,9,0
Standard Class,Medium,Consumer,Europe,Grocery,19,0.05,1140.39,4,Thursday,10,0
Standard Class,Low,Corporate,Pacific Asia,Electronics,10,0.08,277.72,7,Sunday,7,0
Standard Class,Medium,Consumer,LATAM,Furniture,2,0.21,1092.59,7,Monday,10,0
Standard Class,Medium,Corporate,Europe,Apparel,16,0.35,1025.03,6,Thursday,6,1
First Class,High,Consumer,Africa,Electronics,5,0.05,425.4,6,Tuesday,8,0
Standard Class,Medium,Home Office,Pacific Asia,Electronics,17,0.23,260.99,2,Monday,7,1
Standard Class,Medium,Home Office,Pacific Asia,Electronics,3,0.3,517.66,3,Saturday,4,0
Standard Class,Low,Consumer,USCA,Apparel,8,0.3,1120.94,1,Saturday,9,1
Standard Class,Low,Home Office,Africa,Office Supplies,11,0.25,1027.59,7,Friday,2,1
Same Day,Low,Home Office,USCA,Furniture,5,0.38,591.46,2,Friday,10,0
Standard Class,Medium,Home Office,USCA,Electronics,17,0.19,659.2,7,Sunday,10,0
Same Day,Critical,Consumer,LATAM,Electronics,4,0.35,496.29,2,Thursday,5,1
Standard Class,Low,Corporate,USCA,Apparel,8,0.25,1134.26,7,Thursday,8,0
Standard Class,Low,Consumer,Pacific Asia,Apparel,2,0.29,1186.81,5,Wednesday,6,0
First Class,Medium,Corporate,USCA,Furniture,16,0.19,354.09,1,Sunday,11,0
Standard Class,High,Corporate,Europe,Furniture,9,0.07,1140.17,2,Tuesday,3,1
Second Class,Medium,Corporate,Pacific Asia,Electronics,17,0.04,1141.0,5,Monday,3,0
Same Day,Low,Consumer,LATAM,Electronics,10,0.27,573.4,7,Thursday,12,0
Standard Class,Critical,Home Office,USCA,Electronics,13,0.15,503.73,2,Wednesday,1,1
Standard Class,High,Consumer,Europe,Electronics,17,0.23,1044.47,1,Sunday,10,1
Second Class,Low,Consumer,Europe,Electronics,12,0.3,1132.24,2,Friday,3,0
Standard Class,High,Corporate,Pacific Asia,Apparel,9,0.31,488.83,4,Sunday,12,0
Standard Class,Medium,Home Office,USCA,Office Supplies,15,0.2,595.72,4,Wednesday,4,0
Standard Class,Low,Home Office,Europe,Furniture,10,0.13,407.74,4,Monday,7,0
Standard Class,Medium,Corporate,USCA,Apparel,19,0.31,258.64,4,Saturday,10,1
First Class,High,Consumer,Pacific Asia,Grocery,17,0.17,1195.49,6,Thursday,10,0
Standard Class,Medium,Consumer,Africa,Grocery,7,0.37,234.71,3,Friday,4,1
Standard Class,Low,Consumer,Europe,Grocery,14,0.33,978.87,7,Monday,12,1
Second Class,Critical,Consumer,LATAM,Furniture,13,0.3,510.49,2,Tuesday,9,1
Standard Class,Low,Consumer,USCA,Electronics,2,0.1,109.56,2,Wednesday,8,1
Standard Class,Medium,Consumer,Pacific Asia,Grocery,16,0.15,396.67,2,Wednesday,6,1
First Class,Medium,Consumer,Pacific Asia,Grocery,17,0.34,108.93,2,Thursday,6,1
Standard Class,Low,Home Office,LATAM,Office Supplies,6,0.01,1178.52,5,Wednesday,9,0
First Class,Low,Corporate,Africa,Apparel,1,0.31,325.59,3,Sunday,10,0
First Class,High,Corporate,USCA,Furniture,6,0.16,897.78,7,Friday,11,0
Standard Class,Medium,Consumer,Africa,Furniture,1,0.32,516.49,2,Thursday,12,1
Standard Class,Medium,Consumer,Pacific Asia,Office Supplies,10,0.22,818.52,5,Saturday,1,0
Standard Class,Medium,Consumer,Europe,Grocery,8,0.21,313.54,6,Thursday,11,0
Standard Class,Medium,Consumer,Africa,Office Supplies,16,0.28,122.03,3,Wednesday,6,1
First Class,Medium,Corporate,Europe,Electronics,12,0.32,972.17,5,Thursday,10,0
First Class,Low,Consumer,LATAM,Grocery,19,0.28,862.89,4,Sunday,8,0
Standard Class,Low,Home Office,Pacific Asia,Furniture,14,0.18,140.19,4,Friday,1,0
Second Class,High,Home Office,Europe,Apparel,8,0.13,879.83,5,Monday,5,0
Same Day,Medium,Consumer,USCA,Office Supplies,19,0.34,721.19,2,Friday,9,1
Same Day,Low,Consumer,Pacific Asia,Office Supplies,15,0.21,214.07,3,Sunday,10,0
Standard Class,High,Home Office,LATAM,Furniture,5,0.31,992.47,1,Sunday,5,1
Standard Class,High,Corporate,USCA,Grocery,17,0.4,841.69,5,Friday,10,1
Standard Class,Low,Corporate,Pacific Asia,Grocery,14,0.26,613.11,7,Friday,6,1
Same Day,Critical,Corporate,Africa,Grocery,15,0.11,222.58,5,Thursday,5,1
Standard Class,Medium,Consumer,Pacific Asia,Apparel,8,0.35,652.8,5,Saturday,1,0
Second Class,Low,Consumer,USCA,Apparel,4,0.11,203.62,2,Sunday,3,0
Standard Class,Low,Consumer,Europe,Grocery,7,0.1,228.9,5,Sunday,2,0
Standard Class,Medium,Consumer,Europe,Apparel,7,0.03,297.2,1,Thursday,4,1
Standard Class,High,Consumer,Pacific Asia,Office Supplies,5,0.03,788.87,4,Monday,8,0
Same Day,Low,Consumer,Pacific Asia,Grocery,10,0.34,818.79,4,Thursday,3,0
Standard Class,Low,Home Office,LATAM,Apparel,5,0.09,96.59,7,Saturday,1,0
Second Class,Low,Corporate,Africa,Office Supplies,4,0.04,784.57,3,Thursday,2,0
Standard Class,Medium,Consumer,LATAM,Office Supplies,11,0.14,51.17,3,Tuesday,8,0
Standard Class,Low,Consumer,LATAM,Apparel,6,0.29,1086.93,4,Friday,3,0
Standard Class,Low,Corporate,Europe,Grocery,15,0.14,936.61,1,Monday,4,1
Standard Class,Medium,Consumer,Europe,Grocery,11,0.12,872.03,1,Tuesday,4,1
Standard Class,High,Corporate,USCA,Apparel,7,0.2,294.66,2,Saturday,10,1
Standard Class,Medium,Home Office,LATAM,Apparel,19,0.01,1185.19,4,Monday,10,0
Standard Class,Low,Corporate,USCA,Electronics,5,0.2,1109.94,4,Wednesday,9,0
Standard Class,Medium,Consumer,Pacific Asia,Office Supplies,4,0.4,593.01,3,Wednesday,7,0
Same Day,Low,Corporate,USCA,Grocery,1,0.32,51.28,2,Saturday,1,0
Same Day,Critical,Consumer,Europe,Furniture,16,0.03,618.55,4,Friday,3,0
Standard Class,High,Consumer,LATAM,Office Supplies,12,0.26,193.23,3,Saturday,12,0
Second Class,Low,Consumer,Europe,Grocery,18,0.18,715.31,3,Monday,11,0
Same Day,Low,Home Office,Pacific Asia,Electronics,2,0.33,1184.04,6,Monday,9,0
Standard Class,Medium,Consumer,Africa,Office Supplies,13,0.04,910.74,3,Saturday,12,1
First Class,Medium,Home Office,LATAM,Office Supplies,12,0.09,393.49,3,Wednesday,7,0
Same Day,Medium,Consumer,Europe,Grocery,4,0.32,479.05,7,Friday,2,0
Standard Class,High,Consumer,Africa,Furniture,4,0.34,1134.04,1,Friday,5,1
Standard Class,High,Corporate,Pacific Asia,Apparel,13,0.21,141.1,7,Saturday,12,0
Same Day,Medium,Consumer,Africa,Furniture,3,0.01,1069.29,5,Wednesday,11,0
Standard Class,High,Consumer,Europe,Electronics,17,0.36,98.69,7,Friday,3,1
Standard Class,High,Consumer,Europe,Office Supplies,7,0.15,503.44,3,Saturday,11,0
Standard Class,High,Consumer,Pacific Asia,Grocery,13,0.02,897.09,1,Wednesday,1,1
Standard Class,Critical,Consumer,Pacific Asia,Office Supplies,15,0.33,480.13,6,Sunday,1,1
Second Class,Low,Corporate,Africa,Apparel,14,0.17,689.63,5,Wednesday,3,0
Second Class,Low,Corporate,Africa,Furniture,16,0.08,594.03,1,Sunday,4,1
Same Day,High,Home Office,Europe,Furniture,17,0.32,729.53,5,Saturday,9,0
Standard Class,High,Corporate,Pacific Asia,Electronics,16,0.18,213.42,1,Thursday,11,1
Standard Class,High,Corporate,USCA,Grocery,16,0.24,697.93,2,Saturday,3,1
Standard Class,Low,Corporate,Pacific Asia,Apparel,1,0.33,1184.84,1,Wednesday,5,1
Standard Class,Medium,Home Office,LATAM,Apparel,14,0.21,240.73,2,Sunday,7,1
Standard Class,Low,Consumer,LATAM,Grocery,2,0.04,89.67,7,Saturday,2,0
Same Day,Medium,Consumer,Pacific Asia,Electronics,9,0.39,476.23,5,Friday,2,0
First Class,Low,Corporate,Africa,Apparel,19,0.11,455.49,7,Saturday,12,0
Standard Class,Low,Consumer,LATAM,Electronics,5,0.4,159.63,4,Thursday,9,0
Second Class,Low,Home Office,Europe,Grocery,10,0.0,690.06,4,Saturday,1,0
Standard Class,Medium,Corporate,Europe,Grocery,6,0.19,530.73,3,Saturday,9,0
Standard Class,Low,Consumer,Europe,Grocery,3,0.28,1005.89,6,Wednesday,9,0
Second Class,Low,Corporate,Pacific Asia,Apparel,2,0.36,513.32,7,Friday,10,0
Standard Class,Low,Consumer,LATAM,Grocery,19,0.31,1182.94,5,Saturday,7,1
Same Day,Low,Home Office,Africa,Apparel,6,0.1,938.02,6,Wednesday,10,0
Second Class,High,Home Office,Europe,Electronics,10,0.1,590.07,1,Saturday,2,0
Standard Class,Low,Corporate,Africa,Office Supplies,18,0.14,667.11,3,Saturday,4,1
First Class,Low,Consumer,Europe,Electronics,14,0.04,1041.43,7,Saturday,4,0
Standard Class,High,Consumer,Pacific Asia,Apparel,2,0.27,931.24,1,Monday,2,1
Standard Class,Medium,Corporate,Europe,Furniture,4,0.38,792.71,4,Wednesday,11,0
Standard Class,Medium,Home Office,Pacific Asia,Furniture,15,0.26,327.5,3,Saturday,12,1
Standard Class,Medium,Consumer,LATAM,Office Supplies,6,0.21,498.31,5,Friday,2,0
First Class,High,Consumer,LATAM,Grocery,6,0.2,946.75,7,Monday,9,0
Standard Class,Low,Consumer,Africa,Electronics,9,0.24,756.68,5,Saturday,3,1
First Class,Critical,Corporate,Europe,Electronics,18,0.28,1148.23,3,Saturday,11,1
Second Class,High,Home Office,LATAM,Apparel,4,0.32,1048.73,6,Sunday,9,0
Standard Class,Medium,Consumer,USCA,Office Supplies,1,0.28,518.24,6,Wednesday,6,0
First Class,Medium,Consumer,USCA,Grocery,4,0.28,359.64,3,Wednesday,9,0
Standard Class,Medium,Corporate,Africa,Office Supplies,3,0.38,157.64,1,Friday,3,1
Standard Class,Low,Home Office,LATAM,Furniture,13,0.36,495.08,1,Friday,5,1
Standard Class,Low,Home Office,Pacific Asia,Office Supplies,15,0.33,279.75,5,Saturday,2,1
Standard Class,Critical,Corporate,USCA,Grocery,1,0.02,29.88,5,Friday,6,1
Standard Class,Medium,Consumer,LATAM,Grocery,16,0.27,174.47,7,Wednesday,1,1
Second Class,Low,Consumer,Pacific Asia,Electronics,2,0.18,549.08,3,Saturday,6,0
Standard Class,High,Home Office,Europe,Electronics,6,0.25,1071.98,6,Thursday,6,0
Standard Class,Medium,Home Office,LATAM,Grocery,1,0.27,391.94,7,Saturday,6,0
Same Day,Low,Corporate,Europe,Electronics,17,0.29,534.93,2,Tuesday,6,1
Second Class,Medium,Corporate,USCA,Electronics,17,0.35,467.05,7,Monday,2,0
First Class,Medium,Home Office,Europe,Electronics,1,0.36,449.08,3,Friday,6,0
Standard Class,Low,Consumer,USCA,Grocery,16,0.24,869.94,3,Thursday,7,1
Second Class,Critical,Consumer,Africa,Electronics,9,0.36,612.18,6,Saturday,8,1
First Class,Low,Corporate,Africa,Furniture,2,0.31,496.05,4,Saturday,4,0
Second Class,Medium,Home Office,USCA,Grocery,5,0.08,1132.55,6,Monday,10,0
Second Class,Low,Corporate,Pacific Asia,Office Supplies,8,0.01,338.78,3,Tuesday,9,0
Standard Class,Medium,Home Office,Africa,Apparel,1,0.0,1001.09,7,Sunday,12,1
Standard Class,Low,Consumer,Pacific Asia,Apparel,9,0.23,622.86,4,Wednesday,12,0
Standard Class,Low,Consumer,Pacific Asia,Furniture,14,0.21,535.61,1,Saturday,9,1
Standard Class,High,Consumer,Pacific Asia,Grocery,17,0.28,84.93,2,Thursday,5,1
First Class,Low,Home Office,LATAM,Office Supplies,5,0.34,1031.61,6,Thursday,8,0
Standard Class,High,Consumer,LATAM,Grocery,8,0.07,332.09,3,Wednesday,11,0
Same Day,Medium,Consumer,Pacific Asia,Office Supplies,17,0.34,818.43,6,Monday,12,0
Same Day,Critical,Home Office,USCA,Office Supplies,12,0.04,1050.63,7,Monday,12,0
Standard Class,Medium,Consumer,Africa,Grocery,19,0.35,648.0,1,Thursday,6,1
Standard Class,Low,Home Office,Europe,Electronics,8,0.34,772.39,3,Friday,12,0
First Class,Low,Corporate,LATAM,Apparel,19,0.28,414.82,3,Tuesday,4,0
Same Day,High,Consumer,LATAM,Electronics,12,0.12,874.58,1,Saturday,8,0
Standard Class,High,Corporate,Europe,Apparel,8,0.04,791.36,3,Monday,5,0
Standard Class,Low,Home Office,Pacific Asia,Electronics,11,0.31,539.3,2,Monday,12,1
Standard Class,Medium,Consumer,Europe,Grocery,11,0.09,765.18,3,Monday,4,0
Second Class,Medium,Home Office,Pacific Asia,Grocery,15,0.18,322.56,4,Friday,4,0
Standard Class,Critical,Consumer,LATAM,Office Supplies,2,0.21,792.81,6,Saturday,12,1
Second Class,High,Consumer,Europe,Furniture,3,0.27,810.56,1,Saturday,8,0
Standard Class,Critical,Consumer,USCA,Grocery,1,0.19,539.42,4,Thursday,8,1
Standard Class,High,Home Office,Africa,Apparel,1,0.28,306.75,2,Saturday,8,1
Standard Class,High,Corporate,Africa,Office Supplies,4,0.33,965.65,3,Monday,4,1
Standard Class,Low,Consumer,Africa,Apparel,19,0.29,907.41,1,Wednesday,7,1
Standard Class,High,Home Office,Europe,Electronics,18,0.12,77.94,1,Monday,10,1
Standard Class,Medium,Consumer,Pacific Asia,Furniture,1,0.36,598.18,4,Thursday,2,0
Standard Class,Critical,Consumer,LATAM,Grocery,19,0.22,119.61,2,Friday,2,1
Standard Class,Medium,Consumer,Africa,Electronics,1,0.19,390.28,4,Wednesday,10,1
Standard Class,Low,Corporate,Europe,Office Supplies,10,0.23,512.46,6,Tuesday,5,0
Same Day,Medium,Corporate,Africa,Apparel,13,0.19,220.49,6,Saturday,8,0
Standard Class,Medium,Home Office,Pacific Asia,Furniture,19,0.3,567.99,5,Friday,12,1
Standard Class,Low,Consumer,USCA,Grocery,8,0.17,850.4,2,Monday,6,1
Second Class,Low,Consumer,USCA,Apparel,5,0.31,529.99,3,Saturday,4,0
Same Day,Medium,Home Office,LATAM,Grocery,11,0.3,288.63,5,Saturday,4,0
Standard Class,Low,Consumer,USCA,Grocery,8,0.11,503.63,4,Friday,11,0
Second Class,Low,Home Office,USCA,Apparel,14,0.04,714.96,4,Friday,6,0
Second Class,Low,Consumer,Europe,Grocery,12,0.34,1124.31,7,Monday,12,0
Second Class,High,Consumer,Europe,Office Supplies,11,0.07,604.34,2,Sunday,12,0
Standard Class,High,Consumer,LATAM,Furniture,13,0.01,1066.56,2,Wednesday,11,1
Second Class,Low,Consumer,LATAM,Electronics,10,0.16,1181.62,6,Monday,3,0
Standard Class,High,Consumer,Europe,Furniture,8,0.1,675.23,6,Thursday,8,0
Second Class,Medium,Consumer,USCA,Electronics,10,0.09,185.01,4,Friday,11,0
Second Class,Low,Consumer,Pacific Asia,Office Supplies,6,0.07,1051.62,1,Monday,12,0
Standard Class,Low,Consumer,USCA,Furniture,1,0.3,1036.2,3,Thursday,12,0
First Class,Medium,Consumer,USCA,Office Supplies,9,0.31,1043.59,2,Friday,10,0
Standard Class,Medium,Consumer,Pacific Asia,Apparel,4,0.02,1141.15,6,Thursday,7,0
First Class,High,Consumer,LATAM,Electronics,1,0.22,338.96,1,Tuesday,10,0
Standard Class,Medium,Consumer,Europe,Apparel,10,0.05,406.78,4,Friday,5,0
Standard Class,Low,Corporate,LATAM,Apparel,7,0.2,827.65,6,Sunday,7,0
Standard Class,Critical,Corporate,LATAM,Furniture,7,0.14,681.04,4,Tuesday,5,1
Same Day,Low,Corporate,LATAM,Grocery,5,0.08,1043.36,1,Thursday,11,0
Standard Class,Medium,Consumer,Europe,Grocery,2,0.38,312.86,4,Monday,10,0
Standard Class,Low,Consumer,LATAM,Office Supplies,9,0.38,793.51,3,Friday,9,0
Standard Class,Low,Consumer,LATAM,Furniture,6,0.23,1129.09,7,Saturday,10,0
Second Class,Medium,Home Office,Africa,Apparel,9,0.08,266.89,1,Thursday,5,1
Standard Class,Low,Consumer,USCA,Office Supplies,15,0.23,375.19,3,Friday,2,0
Standard Class,Medium,Consumer,Africa,Apparel,13,0.37,494.83,2,Thursday,11,1
Standard Class,Low,Consumer,Europe,Office Supplies,15,0.15,113.64,7,Thursday,5,0
Standard Class,Medium,Home Office,Pacific Asia,Electronics,1,0.06,220.47,5,Monday,2,0
Standard Class,Medium,Corporate,Pacific Asia,Office Supplies,15,0.28,464.69,7,Monday,8,1
Standard Class,Low,Consumer,Africa,Office Supplies,18,0.26,98.53,3,Thursday,6,1
Second Class,High,Consumer,Africa,Apparel,11,0.0,441.55,7,Thursday,10,0
Standard Class,Low,Home Office,Africa,Grocery,3,0.34,300.53,5,Monday,1,1
Standard Class,Low,Consumer,USCA,Apparel,1,0.26,1038.77,4,Wednesday,5,0
Standard Class,Medium,Corporate,Europe,Furniture,4,0.08,734.11,3,Thursday,6,0
Same Day,Medium,Corporate,LATAM,Apparel,2,0.0,1079.2,3,Tuesday,11,0
Same Day,Medium,Consumer,Africa,Grocery,16,0.39,251.44,4,Friday,12,0
First Class,Low,Consumer,USCA,Furniture,19,0.3,107.17,6,Sunday,11,0
Standard Class,High,Consumer,Pacific Asia,Grocery,16,0.15,431.32,3,Saturday,4,0
Standard Class,Medium,Home Office,Pacific Asia,Furniture,12,0.17,77.15,4,Tuesday,3,0
Standard Class,Low,Corporate,Pacific Asia,Apparel,8,0.22,1061.38,2,Friday,5,1
Standard Class,Low,Home Office,Africa,Grocery,4,0.29,233.9,7,Saturday,12,1
Standard Class,High,Corporate,Pacific Asia,Grocery,16,0.07,177.88,7,Wednesday,11,0
First Class,Medium,Home Office,Pacific Asia,Electronics,9,0.08,947.46,1,Thursday,1,0
First Class,Low,Home Office,Pacific Asia,Electronics,15,0.02,857.76,6,Wednesday,8,0
First Class,Low,Consumer,LATAM,Office Supplies,12,0.39,77.78,6,Sunday,12,0
Standard Class,Low,Consumer,Pacific Asia,Electronics,17,0.35,616.38,3,Sunday,5,1
Second Class,Medium,Corporate,USCA,Grocery,15,0.22,544.13,2,Saturday,2,0
Standard Class,High,Corporate,Africa,Office Supplies,4,0.17,470.36,1,Saturday,6,1
Standard Class,Medium,Consumer,LATAM,Apparel,8,0.09,160.77,7,Wednesday,9,0
Second Class,Medium,Home Office,LATAM,Office Supplies,3,0.24,946.95,3,Sunday,6,0
Standard Class,High,Consumer,Africa,Furniture,7,0.28,295.55,2,Monday,10,1
Standard Class,Medium,Consumer,Pacific Asia,Office Supplies,7,0.28,555.3,3,Thursday,7,0
Standard Class,Medium,Corporate,Pacific Asia,Electronics,15,0.0,1058.47,1,Monday,3,1
Second Class,Low,Consumer,Europe,Apparel,17,0.28,388.71,3,Tuesday,9,0
First Class,Medium,Consumer,Pacific Asia,Furniture,10,0.35,52.52,4,Saturday,12,0
Standard Class,Medium,Home Office,USCA,Office Supplies,16,0.05,1068.07,7,Friday,6,0
First Class,Low,Corporate,Pacific Asia,Apparel,16,0.3,597.73,2,Thursday,1,1
Standard Class,Critical,Home Office,Africa,Electronics,15,0.33,601.5,3,Saturday,4,1
Standard Class,High,Corporate,Pacific Asia,Apparel,12,0.11,666.18,4,Sunday,10,0
Second Class,Medium,Corporate,Africa,Apparel,7,0.28,224.12,7,Friday,9,0
Second Class,Medium,Corporate,LATAM,Furniture,3,0.04,860.71,7,Wednesday,5,0
Same Day,Medium,Consumer,Europe,Grocery,2,0.26,285.34,6,Wednesday,11,0
Standard Class,Low,Corporate,LATAM,Electronics,4,0.2,368.37,1,Wednesday,6,1
Second Class,Low,Consumer,Africa,Furniture,8,0.34,761.11,6,Sunday,9,0
Second Class,High,Home Office,Europe,Furniture,10,0.18,902.21,1,Sunday,1,0
Same Day,Medium,Consumer,LATAM,Furniture,12,0.17,879.43,7,Monday,2,0
Standard Class,High,Consumer,Pacific Asia,Grocery,12,0.37,108.95,6,Friday,12,0
First Class,Low,Corporate,Pacific Asia,Grocery,9,0.37,907.95,4,Friday,5,0
Second Class,Medium,Corporate,Europe,Office Supplies,11,0.01,798.64,1,Sunday,7,0
Standard Class,Medium,Consumer,LATAM,Office Supplies,13,0.19,730.06,4,Saturday,11,0
Standard Class,Medium,Consumer,USCA,Electronics,1,0.06,1160.58,6,Friday,6,0
Standard Class,High,Home Office,USCA,Electronics,3,0.11,422.72,1,Sunday,12,1
Second Class,Critical,Consumer,USCA,Grocery,11,0.27,822.87,5,Wednesday,1,0
First Class,Low,Consumer,LATAM,Grocery,15,0.05,692.15,5,Tuesday,5,0
Second Class,Low,Consumer,LATAM,Grocery,7,0.0,471.67,3,Tuesday,2,0
Second Class,Low,Consumer,LATAM,Furniture,16,0.29,948.01,6,Tuesday,9,0
Standard Class,Medium,Consumer,Africa,Grocery,6,0.26,489.75,6,Wednesday,3,1
Standard Class,Low,Home Office,USCA,Furniture,10,0.36,674.68,6,Friday,9,0
Standard Class,Medium,Consumer,USCA,Furniture,4,0.22,677.15,1,Monday,9,1
Standard Class,Medium,Consumer,USCA,Electronics,6,0.38,618.48,5,Thursday,11,0
Standard Class,Medium,Home Office,Africa,Apparel,12,0.24,554.31,6,Saturday,4,1
Standard Class,High,Corporate,Africa,Office Supplies,3,0.15,209.66,6,Tuesday,12,1
Standard Class,Medium,Consumer,LATAM,Office Supplies,12,0.24,296.61,4,Saturday,10,0
Standard Class,Medium,Consumer,USCA,Electronics,16,0.3,156.97,1,Monday,1,1
Standard Class,Low,Home Office,USCA,Electronics,12,0.14,870.95,6,Saturday,1,0
Standard Class,Medium,Consumer,Pacific Asia,Grocery,15,0.15,895.71,2,Tuesday,4,1
Standard Class,Medium,Corporate,Pacific Asia,Grocery,18,0.25,769.85,4,Friday,12,0
Same Day,Medium,Corporate,Pacific Asia,Grocery,16,0.18,1102.0,5,Thursday,5,0
First Class,High,Consumer,Africa,Furniture,6,0.21,325.31,5,Tuesday,8,0
Second Class,High,Corporate,LATAM,Furniture,17,0.39,987.02,5,Wednesday,1,0
Standard Class,High,Consumer,Europe,Grocery,3,0.02,231.14,3,Monday,6,0
First Class,Low,Consumer,USCA,Furniture,18,0.26,90.71,7,Wednesday,5,0
First Class,Medium,Home Office,Pacific Asia,Electronics,11,0.37,10.15,3,Saturday,9,0
First Class,Low,Consumer,USCA,Grocery,17,0.09,700.95,2,Saturday,6,0
Standard Class,Low,Consumer,USCA,Office Supplies,6,0.08,936.7,2,Monday,7,1
Second Class,Low,Corporate,USCA,Office Supplies,18,0.15,989.35,7,Tuesday,8,0
First Class,Low,Corporate,LATAM,Furniture,5,0.03,570.08,4,Friday,10,0
Second Class,Low,Consumer,USCA,Office Supplies,16,0.22,79.88,2,Wednesday,6,0
Second Class,Medium,Corporate,LATAM,Grocery,10,0.26,52.56,4,Sunday,11,0
Standard Class,Critical,Consumer,Europe,Office Supplies,16,0.33,1101.65,6,Wednesday,3,1
Standard Class,Low,Corporate,Europe,Electronics,3,0.03,120.6,1,Sunday,8,1
Standard Class,High,Home Office,Africa,Furniture,10,0.17,943.75,3,Tuesday,12,1
Second Class,Low,Home Office,USCA,Office Supplies,18,0.31,92.78,6,Wednesday,2,0
Standard Class,Low,Corporate,Pacific Asia,Furniture,16,0.31,228.18,5,Tuesday,10,1
Standard Class,Medium,Consumer,Africa,Electronics,17,0.03,203.81,4,Friday,5,1
Standard Class,Medium,Consumer,Africa,Office Supplies,17,0.0,339.76,2,Tuesday,4,1
Standard Class,Low,Consumer,Europe,Grocery,10,0.31,492.7,1,Monday,8,1
Standard Class,Low,Corporate,Pacific Asia,Apparel,5,0.06,158.42,2,Tuesday,1,1
Second Class,Medium,Consumer,USCA,Office Supplies,4,0.23,1168.06,5,Monday,1,0
First Class,Low,Home Office,USCA,Electronics,15,0.04,12.38,1,Tuesday,1,0
Standard Class,Medium,Home Office,Europe,Apparel,16,0.12,928.82,2,Friday,4,1
Standard Class,Medium,Consumer,LATAM,Office Supplies,18,0.06,636.54,4,Monday,1,0
Standard Class,Low,Corporate,Europe,Furniture,19,0.29,111.84,6,Thursday,7,1
First Class,High,Corporate,Pacific Asia,Electronics,10,0.27,152.84,2,Thursday,8,0
Standard Class,Low,Consumer,LATAM,Office Supplies,11,0.05,712.1,3,Sunday,7,0
Standard Class,Medium,Corporate,Pacific Asia,Electronics,9,0.02,385.15,7,Wednesday,11,0
Standard Class,High,Consumer,USCA,Grocery,5,0.19,545.73,7,Thursday,8,0
Second Class,Critical,Consumer,LATAM,Apparel,6,0.08,663.54,7,Monday,7,0
First Class,Medium,Corporate,Pacific Asia,Apparel,3,0.0,692.28,3,Tuesday,6,0
First Class,Medium,Home Office,USCA,Grocery,13,0.11,703.31,1,Saturday,6,0
Second Class,Low,Consumer,Pacific Asia,Apparel,6,0.09,93.36,3,Monday,1,0
Standard Class,Medium,Corporate,LATAM,Apparel,11,0.27,891.17,2,Saturday,1,1
Standard Class,Medium,Consumer,USCA,Grocery,16,0.34,359.27,5,Wednesday,11,1
Standard Class,Medium,Home Office,Pacific Asia,Furniture,11,0.1,146.17,3,Sunday,10,0
Standard Class,High,Home Office,Africa,Apparel,10,0.09,131.62,4,Friday,9,1
Standard Class,Low,Consumer,LATAM,Furniture,16,0.16,292.05,2,Saturday,6,1
Standard Class,High,Home Office,LATAM,Electronics,14,0.07,758.13,7,Monday,11,0
Standard Class,High,Consumer,LATAM,Electronics,16,0.38,571.59,3,Friday,3,1
Same Day,Medium,Consumer,USCA,Apparel,17,0.1,137.42,6,Monday,3,0
Second Class,Medium,Corporate,LATAM,Electronics,8,0.04,48.5,1,Friday,12,0
First Class,Low,Consumer,Pacific Asia,Grocery,4,0.22,39.35,7,Friday,4,0
Second Class,Critical,Corporate,Africa,Apparel,17,0.22,511.1,5,Wednesday,10,1
Standard Class,Low,Corporate,Pacific Asia,Grocery,10,0.25,947.89,5,Friday,11,0
Second Class,Medium,Consumer,Pacific Asia,Furniture,2,0.39,692.62,5,Thursday,3,0
Standard Class,Medium,Consumer,LATAM,Office Supplies,12,0.13,973.52,5,Tuesday,5,0
Second Class,High,Consumer,Africa,Office Supplies,19,0.14,390.07,4,Tuesday,11,0
Standard Class,High,Consumer,Africa,Apparel,19,0.13,177.01,3,Sunday,11,1
Same Day,Medium,Consumer,Africa,Grocery,8,0.25,965.57,5,Friday,5,0
Standard Class,Low,Consumer,Africa,Office Supplies,6,0.24,876.13,4,Thursday,8,1
Standard Class,Low,Home Office,Europe,Apparel,19,0.21,711.04,4,Monday,9,0
Same Day,Low,Home Office,Africa,Office Supplies,18,0.15,1066.43,5,Wednesday,5,0
Standard Class,High,Consumer,LATAM,Office Supplies,14,0.17,760.51,6,Wednesday,12,1
Second Class,Medium,Consumer,Africa,Electronics,3,0.32,635.72,5,Saturday,3,0
Second Class,High,Corporate,Pacific Asia,Apparel,18,0.24,607.75,4,Saturday,2,0
First Class,Medium,Home Office,Europe,Office Supplies,19,0.29,744.68,4,Thursday,2,0
Same Day,Medium,Consumer,Pacific Asia,Apparel,15,0.11,624.78,1,Tuesday,5,0
Same Day,Low,Home Office,LATAM,Electronics,16,0.36,334.51,4,Thursday,7,0
Standard Class,Low,Corporate,LATAM,Apparel,17,0.01,1145.11,7,Tuesday,3,0
First Class,Low,Home Office,Africa,Electronics,3,0.24,1150.09,1,Monday,9,1
Second Class,Medium,Consumer,LATAM,Office Supplies,18,0.32,208.55,6,Sunday,5,0
Second Class,Low,Home Office,Europe,Office Supplies,13,0.35,641.41,2,Thursday,11,1
Standard Class,Medium,Consumer,Pacific Asia,Office Supplies,12,0.13,949.64,2,Sunday,9,1
Second Class,Medium,Home Office,LATAM,Electronics,19,0.18,75.18,1,Thursday,9,0
Same Day,Medium,Consumer,LATAM,Furniture,2,0.01,157.04,2,Friday,3,0
Same Day,Low,Corporate,Europe,Electronics,1,0.32,658.42,4,Tuesday,10,0
Standard Class,Low,Home Office,USCA,Electronics,10,0.05,43.72,7,Saturday,3,0
Standard Class,Low,Corporate,USCA,Grocery,18,0.17,1001.26,4,Thursday,1,0
Standard Class,Medium,Corporate,Europe,Office Supplies,12,0.4,1049.07,5,Saturday,11,0
First Class,Low,Consumer,LATAM,Office Supplies,13,0.37,886.21,3,Thursday,11,0
Second Class,High,Corporate,Europe,Grocery,4,0.13,988.61,5,Thursday,6,0
Standard Class,High,Home Office,Europe,Furniture,1,0.09,809.34,5,Tuesday,9,0
Standard Class,Low,Consumer,USCA,Apparel,4,0.1,178.82,3,Saturday,4,0
Standard Class,Medium,Corporate,Africa,Office Supplies,18,0.27,45.53,1,Sunday,2,1
Standard Class,Medium,Home Office,LATAM,Office Supplies,17,0.29,1019.22,4,Thursday,3,1
Same Day,Medium,Corporate,Pacific Asia,Electronics,14,0.09,851.52,3,Monday,8,0
Second Class,Low,Home Office,Europe,Furniture,2,0.1,484.17,6,Thursday,8,0
Standard Class,Low,Home Office,USCA,Furniture,14,0.13,958.24,4,Tuesday,5,0
Standard Class,Low,Corporate,Africa,Furniture,10,0.17,73.4,7,Tuesday,4,1
Standard Class,Low,Corporate,LATAM,Furniture,3,0.37,389.71,1,Monday,11,1
Same Day,High,Home Office,Europe,Grocery,15,0.01,416.8,2,Friday,12,0
Standard Class,Medium,Home Office,USCA,Electronics,7,0.26,134.8,5,Thursday,4,0
Standard Class,High,Home Office,Europe,Grocery,15,0.34,892.62,5,Sunday,7,1
Standard Class,Low,Consumer,Pacific Asia,Grocery,19,0.29,935.26,4,Sunday,4,1
Second Class,Low,Consumer,LATAM,Apparel,12,0.09,703.97,3,Friday,10,0
Second Class,Medium,Corporate,LATAM,Electronics,4,0.19,507.25,2,Saturday,3,0
Second Class,Low,Corporate,LATAM,Furniture,1,0.36,732.39,6,Sunday,5,0
Standard Class,Low,Consumer,LATAM,Electronics,5,0.05,1079.08,4,Saturday,10,0
Standard Class,Medium,Consumer,USCA,Furniture,9,0.4,435.72,7,Wednesday,8,0
Standard Class,Low,Consumer,Pacific Asia,Apparel,8,0.06,407.75,6,Thursday,4,0
Second Class,Medium,Corporate,Europe,Office Supplies,14,0.06,751.05,5,Saturday,8,0
Standard Class,Low,Home Office,USCA,Grocery,14,0.33,823.53,4,Wednesday,7,1
Second Class,Medium,Home Office,Africa,Apparel,4,0.33,554.72,4,Tuesday,3,0
First Class,High,Consumer,LATAM,Grocery,7,0.02,1032.88,5,Friday,10,0
First Class,Low,Consumer,LATAM,Furniture,2,0.07,429.22,2,Tuesday,8,0
Standard Class,High,Consumer,Europe,Furniture,11,0.38,772.69,4,Tuesday,1,0
Standard Class,Medium,Consumer,LATAM,Apparel,7,0.11,804.68,6,Wednesday,6,0
Standard Class,High,Corporate,LATAM,Office Supplies,17,0.0,360.84,3,Saturday,4,0
Second Class,Low,Consumer,Europe,Office Supplies,15,0.1,32.43,3,Monday,10,0
First Class,Medium,Consumer,Pacific Asia,Grocery,4,0.29,993.67,1,Saturday,2,0
Standard Class,Medium,Consumer,USCA,Furniture,2,0.37,584.08,1,Sunday,2,1
Standard Class,High,Consumer,Pacific Asia,Furniture,9,0.06,123.59,1,Saturday,10,1
First Class,Medium,Consumer,Europe,Office Supplies,12,0.09,1149.5,7,Sunday,8,0
First Class,Medium,Consumer,LATAM,Furniture,19,0.18,362.75,3,Thursday,5,0
Standard Class,High,Consumer,LATAM,Furniture,19,0.3,574.62,2,Tuesday,9,1
Second Class,Low,Consumer,Pacific Asia,Apparel,3,0.26,586.04,4,Wednesday,11,0
Standard Class,Low,Consumer,Africa,Office Supplies,5,0.13,451.25,3,Monday,7,1
Standard Class,Medium,Corporate,USCA,Office Supplies,9,0.03,190.38,1,Wednesday,2,1
Same Day,Medium,Home Office,LATAM,Electronics,19,0.1,848.11,1,Tuesday,11,0
First Class,Medium,Corporate,Europe,Office Supplies,9,0.09,242.63,7,Saturday,12,0
First Class,Medium,Corporate,Pacific Asia,Office Supplies,18,0.01,821.97,4,Friday,7,0
Standard Class,Critical,Home Office,USCA,Electronics,16,0.39,964.51,1,Wednesday,5,1
First Class,Medium,Consumer,Africa,Furniture,2,0.1,37.53,6,Wednesday,11,0
Standard Class,Low,Consumer,LATAM,Furniture,12,0.33,880.82,5,Friday,9,0
Standard Class,Low,Consumer,Pacific Asia,Grocery,18,0.19,769.26,2,Saturday,5,1
Standard Class,Critical,Consumer,LATAM,Furniture,11,0.39,242.97,5,Friday,7,1
Standard Class,Medium,Corporate,Pacific Asia,Office Supplies,3,0.06,748.03,3,Monday,1,0
First Class,High,Consumer,Africa,Grocery,3,0.04,510.72,4,Monday,8,0
Second Class,Low,Home Office,Europe,Grocery,15,0.0,110.66,2,Tuesday,12,0
Standard Class,Medium,Consumer,Europe,Furniture,12,0.29,633.19,6,Saturday,3,0
Standard Class,Medium,Home Office,USCA,Grocery,1,0.12,1168.21,7,Wednesday,6,0
Standard Class,Low,Home Office,LATAM,Electronics,11,0.35,782.08,2,Tuesday,10,1
Standard Class,Medium,Home Office,LATAM,Grocery,2,0.25,403.35,5,Saturday,3,0
Second Class,Medium,Home Office,LATAM,Apparel,14,0.23,680.57,6,Monday,11,0
First Class,Medium,Consumer,Europe,Electronics,1,0.19,887.98,6,Tuesday,1,0
Standard Class,High,Corporate,USCA,Office Supplies,18,0.1,195.93,1,Monday,4,1
Standard Class,High,Consumer,Europe,Furniture,18,0.03,639.31,6,Friday,7,0
Second Class,High,Home Office,Pacific Asia,Furniture,15,0.18,613.17,6,Friday,11,0
First Class,High,Consumer,LATAM,Apparel,4,0.04,458.1,3,Sunday,6,0
Standard Class,Medium,Consumer,Pacific Asia,Furniture,2,0.36,899.01,1,Friday,12,1
Standard Class,Low,Home Office,Africa,Office Supplies,15,0.33,682.36,2,Monday,4,1
Second Class,High,Consumer,Pacific Asia,Grocery,13,0.25,841.69,6,Wednesday,6,0
Standard Class,Medium,Consumer,Pacific Asia,Furniture,10,0.18,719.19,1,Thursday,9,1
Standard Class,Low,Consumer,Pacific Asia,Office Supplies,15,0.18,939.32,3,Saturday,1,1
Second Class,Medium,Corporate,Europe,Electronics,6,0.19,764.38,2,Saturday,1,0
Second Class,Low,Corporate,Pacific Asia,Office Supplies,10,0.3,816.51,7,Sunday,8,0
Second Class,Medium,Corporate,LATAM,Apparel,3,0.05,278.34,1,Sunday,4,0
Second Class,Low,Home Office,USCA,Office Supplies,13,0.21,1016.58,4,Friday,7,0
Second Class,Low,Consumer,Africa,Furniture,18,0.33,194.89,1,Wednesday,7,1
Standard Class,Critical,Corporate,LATAM,Grocery,6,0.2,414.38,4,Saturday,9,1
Standard Class,High,Corporate,USCA,Office Supplies,14,0.01,1068.39,5,Monday,10,0
Standard Class,High,Corporate,LATAM,Apparel,18,0.1,139.22,3,Wednesday,2,1
Standard Class,Medium,Consumer,Pacific Asia,Electronics,11,0.27,1041.35,4,Friday,11,0
Second Class,High,Consumer,Africa,Apparel,15,0.37,575.68,7,Sunday,6,0
First Class,High,Consumer,LATAM,Electronics,13,0.36,228.47,6,Tuesday,2,0
Same Day,Medium,Consumer,Africa,Office Supplies,16,0.33,887.26,3,Friday,8,0
Second Class,Critical,Consumer,Europe,Grocery,12,0.38,347.82,5,Monday,3,0
Standard Class,Low,Consumer,Europe,Apparel,1,0.11,816.71,1,Sunday,5,1
Standard Class,High,Consumer,Pacific Asia,Grocery,14,0.0,951.17,1,Friday,12,1
First Class,Medium,Consumer,Pacific Asia,Office Supplies,3,0.14,687.5,6,Saturday,3,0
Second Class,Medium,Corporate,Europe,Grocery,10,0.23,945.34,4,Saturday,7,0
Second Class,Low,Home Office,LATAM,Grocery,10,0.13,1122.71,5,Monday,9,0
First Class,Medium,Consumer,USCA,Apparel,1,0.02,664.98,6,Saturday,1,0
Second Class,Medium,Corporate,USCA,Office Supplies,18,0.2,191.32,1,Monday,6,0
First Class,Critical,Home Office,Europe,Grocery,17,0.08,854.43,6,Sunday,9,0
Standard Class,Critical,Corporate,USCA,Electronics,19,0.29,497.99,2,Wednesday,8,1
Second Class,Critical,Home Office,LATAM,Furniture,1,0.04,642.25,7,Wednesday,2,0
First Class,Low,Consumer,USCA,Electronics,5,0.38,755.91,5,Thursday,12,0
Standard Class,Critical,Home Office,USCA,Grocery,6,0.35,863.82,2,Friday,5,1
Second Class,Medium,Consumer,Europe,Office Supplies,1,0.35,771.35,2,Wednesday,10,0
Standard Class,High,Consumer,Africa,Electronics,17,0.32,287.12,5,Saturday,10,1
Same Day,Low,Home Office,Africa,Office Supplies,12,0.25,900.32,1,Monday,5,0
Standard Class,Medium,Home Office,LATAM,Electronics,4,0.02,970.74,5,Tuesday,6,0
Second Class,Critical,Consumer,Africa,Office Supplies,4,0.26,54.83,1,Saturday,11,1
Standard Class,High,Home Office,Pacific Asia,Grocery,10,0.3,376.69,7,Sunday,2,0
Second Class,Medium,Consumer,Europe,Apparel,8,0.05,1173.58,3,Tuesday,1,0
Standard Class,High,Corporate,Africa,Electronics,12,0.25,221.5,2,Sunday,9,1
Standard Class,Low,Consumer,USCA,Office Supplies,12,0.19,227.56,4,Tuesday,11,0
Standard Class,Medium,Consumer,Africa,Electronics,3,0.19,713.68,6,Sunday,12,1
Same Day,Medium,Corporate,Europe,Office Supplies,16,0.08,412.41,5,Friday,12,0
Standard Class,Low,Consumer,USCA,Office Supplies,4,0.3,791.97,4,Monday,1,0
Standard Class,Low,Consumer,USCA,Apparel,5,0.37,322.55,3,Monday,2,0
First Class,Low,Consumer,Europe,Office Supplies,15,0.32,516.94,3,Sunday,2,0
Standard Class,Medium,Consumer,LATAM,Electronics,8,0.15,1198.13,7,Tuesday,2,0
Same Day,Low,Corporate,LATAM,Grocery,10,0.39,454.39,2,Saturday,4,0
Standard Class,Medium,Consumer,Europe,Furniture,1,0.15,112.54,4,Monday,1,0
Second Class,Low,Home Office,Europe,Office Supplies,10,0.09,893.5,3,Sunday,12,0
Standard Class,Medium,Consumer,Europe,Furniture,18,0.39,710.41,2,Wednesday,2,1
Standard Class,Medium,Consumer,USCA,Grocery,17,0.32,539.05,5,Tuesday,1,1
Second Class,Medium,Consumer,USCA,Furniture,4,0.3,1091.38,6,Wednesday,8,0
Second Class,Medium,Corporate,Europe,Office Supplies,13,0.03,184.49,7,Saturday,8,0
First Class,Medium,Consumer,USCA,Electronics,6,0.08,592.78,5,Tuesday,10,0
Standard Class,Low,Consumer,Pacific Asia,Apparel,1,0.01,238.23,4,Wednesday,12,0
Standard Class,High,Consumer,Europe,Office Supplies,1,0.31,109.36,2,Thursday,9,1
Standard Class,Low,Home Office,USCA,Office Supplies,3,0.11,536.4,7,Monday,9,0
Same Day,Low,Consumer,LATAM,Apparel,5,0.05,1137.34,2,Monday,5,0
Standard Class,Medium,Home Office,Europe,Apparel,18,0.07,869.26,2,Friday,10,1
Standard Class,Low,Consumer,Europe,Apparel,12,0.26,289.07,1,Sunday,4,1
Standard Class,High,Consumer,Europe,Apparel,1,0.17,560.52,3,Saturday,10,0
Second Class,Low,Consumer,Africa,Apparel,9,0.38,958.97,2,Sunday,4,1
Standard Class,Medium,Consumer,Europe,Office Supplies,17,0.15,242.54,1,Monday,12,1
Same Day,Low,Corporate,LATAM,Furniture,13,0.33,252.4,7,Sunday,9,0
Standard Class,Low,Home Office,USCA,Electronics,14,0.22,225.43,1,Sunday,5,1
First Class,Low,Consumer,Europe,Office Supplies,11,0.28,732.86,6,Wednesday,2,0
Standard Class,High,Consumer,Pacific Asia,Grocery,11,0.07,44.45,5,Friday,11,0
Second Class,Critical,Consumer,USCA,Office Supplies,4,0.3,709.27,6,Saturday,8,0
Same Day,Medium,Consumer,LATAM,Office Supplies,9,0.03,992.19,7,Sunday,11,0
Standard Class,High,Consumer,Africa,Furniture,18,0.28,941.36,3,Thursday,3,1
Same Day,Medium,Home Office,LATAM,Apparel,19,0.19,803.53,7,Tuesday,12,0
Standard Class,Critical,Consumer,Africa,Grocery,4,0.09,271.2,7,Friday,11,1
Same Day,High,Corporate,USCA,Furniture,12,0.19,981.54,7,Wednesday,8,0
Second Class,Low,Consumer,Africa,Electronics,18,0.34,1149.38,5,Monday,2,0
Standard Class,Medium,Consumer,USCA,Grocery,18,0.06,228.7,3,Saturday,5,0
Standard Class,Medium,Consumer,LATAM,Grocery,6,0.07,1093.29,5,Sunday,5,0
Standard Class,Low,Consumer,LATAM,Furniture,11,0.21,1025.06,7,Sunday,5,0
Standard Class,Low,Consumer,Africa,Grocery,5,0.25,1175.34,1,Wednesday,10,1
Standard Class,High,Consumer,Pacific Asia,Office Supplies,16,0.17,389.94,2,Saturday,10,1
Standard Class,High,Consumer,LATAM,Office Supplies,11,0.11,1121.55,2,Monday,5,1
Standard Class,High,Home Office,Africa,Apparel,5,0.03,223.63,3,Sunday,6,1
First Class,Critical,Consumer,Europe,Furniture,9,0.02,218.46,2,Sunday,12,1
Standard Class,High,Corporate,USCA,Office Supplies,11,0.02,137.32,7,Monday,1,0
Standard Class,Low,Consumer,Europe,Grocery,15,0.36,519.05,5,Wednesday,6,1
Second Class,Low,Home Office,Europe,Grocery,17,0.05,24.5,6,Monday,2,0
Standard Class,Low,Consumer,Europe,Office Supplies,18,0.12,463.8,5,Sunday,4,0
Standard Class,Low,Consumer,Africa,Furniture,14,0.39,754.85,4,Thursday,6,1
Standard Class,Low,Home Office,LATAM,Furniture,7,0.37,103.13,6,Thursday,7,0
Same Day,Medium,Consumer,Europe,Electronics,16,0.02,983.99,6,Wednesday,8,0
First Class,High,Corporate,Africa,Furniture,9,0.22,358.34,4,Saturday,11,0
Standard Class,High,Corporate,LATAM,Office Supplies,3,0.25,65.28,7,Wednesday,7,0
Second Class,Medium,Consumer,USCA,Electronics,16,0.02,455.79,2,Tuesday,10,0
Standard Class,High,Home Office,LATAM,Grocery,7,0.29,174.74,3,Wednesday,9,0
Second Class,Medium,Home Office,LATAM,Office Supplies,7,0.4,956.38,1,Tuesday,4,0
Second Class,High,Home Office,Europe,Apparel,1,0.17,407.47,5,Thursday,3,0
Second Class,Medium,Home Office,Africa,Apparel,8,0.18,149.25,4,Wednesday,10,0
Standard Class,Low,Consumer,Pacific Asia,Furniture,1,0.26,549.86,3,Wednesday,3,0
Standard Class,High,Consumer,USCA,Electronics,12,0.29,547.85,1,Friday,3,1
Standard Class,Low,Corporate,Africa,Electronics,17,0.32,337.98,7,Monday,12,1
First Class,Medium,Consumer,Europe,Grocery,10,0.03,399.13,6,Tuesday,6,0
Second Class,Low,Consumer,Africa,Furniture,19,0.32,924.92,1,Tuesday,6,1
First Class,Medium,Consumer,Pacific Asia,Electronics,9,0.35,770.08,7,Sunday,10,0
Same Day,Critical,Home Office,USCA,Office Supplies,10,0.02,265.44,3,Sunday,4,0
Standard Class,Low,Consumer,LATAM,Grocery,11,0.02,1138.34,6,Tuesday,11,0
Second Class,High,Home Office,USCA,Electronics,10,0.22,372.62,1,Sunday,1,0
Second Class,Low,Consumer,Pacific Asia,Apparel,17,0.2,644.79,4,Monday,11,0
Same Day,Low,Consumer,USCA,Apparel,7,0.39,689.63,2,Thursday,3,0
Same Day,Low,Home Office,USCA,Electronics,5,0.12,264.26,5,Sunday,4,0
Second Class,High,Home Office,Europe,Apparel,12,0.24,356.56,4,Tuesday,2,0
Standard Class,Low,Consumer,LATAM,Office Supplies,5,0.2,582.03,4,Wednesday,11,0
First Class,Medium,Consumer,Pacific Asia,Grocery,1,0.21,315.02,5,Friday,12,0
Standard Class,Low,Consumer,Europe,Office Supplies,10,0.26,373.7,2,Wednesday,2,1
First Class,Low,Home Office,USCA,Apparel,7,0.22,739.65,7,Friday,1,0
Same Day,High,Consumer,USCA,Electronics,12,0.0,883.17,2,Friday,6,0
Standard Class,Low,Consumer,Africa,Electronics,2,0.34,963.17,6,Friday,8,1
Second Class,Low,Corporate,Europe,Grocery,9,0.08,154.85,7,Sunday,1,0
Standard Class,Low,Consumer,Pacific Asia,Apparel,5,0.09,887.03,1,Wednesday,11,1
Standard Class,Medium,Consumer,Pacific Asia,Apparel,5,0.26,1124.28,1,Sunday,12,1
Standard Class,Medium,Home Office,Pacific Asia,Apparel,14,0.19,701.07,6,Wednesday,7,0
First Class,Low,Home Office,Pacific Asia,Furniture,19,0.23,729.57,6,Monday,8,0
Same Day,Low,Home Office,USCA,Electronics,18,0.2,1146.84,7,Monday,6,0
Same Day,Medium,Consumer,USCA,Apparel,8,0.17,1044.62,6,Tuesday,1,0
Standard Class,Low,Home Office,Europe,Grocery,3,0.19,673.63,6,Sunday,4,0
First Class,High,Corporate,LATAM,Furniture,14,0.06,921.36,1,Tuesday,8,0
Second Class,High,Consumer,Pacific Asia,Apparel,11,0.39,225.27,6,Wednesday,2,0
Standard Class,Medium,Corporate,USCA,Electronics,8,0.23,501.61,4,Friday,11,0
Standard Class,Low,Consumer,Europe,Furniture,12,0.11,861.34,1,Saturday,1,1
Standard Class,Medium,Corporate,Pacific Asia,Office Supplies,11,0.29,353.41,2,Saturday,10,1
Same Day,High,Corporate,LATAM,Grocery,9,0.35,550.14,7,Friday,6,0
Second Class,Medium,Corporate,Pacific Asia,Electronics,4,0.12,215.55,6,Thursday,11,0
Second Class,High,Consumer,Africa,Office Supplies,19,0.13,1078.39,6,Sunday,11,0
Standard Class,Medium,Corporate,Pacific Asia,Electronics,7,0.18,1075.85,3,Wednesday,6,0
Second Class,Medium,Consumer,Africa,Grocery,17,0.09,579.25,4,Thursday,1,0
Standard Class,Low,Home Office,LATAM,Apparel,16,0.32,238.49,4,Thursday,7,1
Standard Class,Medium,Corporate,Africa,Office Supplies,19,0.23,818.26,3,Monday,2,1
Second Class,Low,Consumer,LATAM,Office Supplies,12,0.02,264.11,4,Tuesday,11,0
Standard Class,High,Consumer,Europe,Furniture,7,0.4,282.03,3,Tuesday,6,0
First Class,High,Corporate,Africa,Apparel,14,0.23,1166.74,4,Saturday,10,0
Standard Class,High,Consumer,Pacific Asia,Grocery,11,0.36,128.45,3,Tuesday,12,0
Second Class,Medium,Corporate,Pacific Asia,Furniture,11,0.2,461.3,3,Tuesday,2,0
Standard Class,Low,Consumer,Europe,Office Supplies,7,0.23,670.3,2,Thursday,1,1
Second Class,Low,Corporate,USCA,Electronics,11,0.18,138.27,3,Wednesday,3,0
Standard Class,Medium,Consumer,LATAM,Grocery,3,0.17,56.34,6,Sunday,5,0
Standard Class,High,Corporate,USCA,Furniture,15,0.09,655.38,6,Wednesday,2,0
Same Day,Medium,Home Office,USCA,Apparel,3,0.38,146.33,3,Sunday,7,0
Standard Class,Low,Corporate,Europe,Electronics,9,0.07,308.89,5,Friday,5,0
First Class,High,Consumer,Europe,Furniture,17,0.21,601.75,4,Tuesday,10,0
Same Day,Critical,Home Office,Africa,Grocery,17,0.03,423.52,6,Friday,9,1
Standard Class,Medium,Consumer,Africa,Electronics,12,0.4,855.56,4,Monday,8,1
Standard Class,Medium,Corporate,Africa,Furniture,7,0.22,1155.32,1,Saturday,7,1
Second Class,High,Corporate,Africa,Furniture,11,0.33,906.3,3,Monday,1,0
Same Day,Medium,Consumer,Africa,Grocery,14,0.23,1199.99,3,Thursday,11,0
Same Day,Critical,Consumer,Pacific Asia,Apparel,1,0.32,472.81,7,Thursday,2,0
Standard Class,Low,Consumer,Europe,Electronics,6,0.21,373.23,4,Friday,4,0
First Class,Medium,Home Office,LATAM,Furniture,17,0.18,262.98,6,Friday,12,0
Standard Class,Medium,Home Office,LATAM,Grocery,9,0.18,1063.0,1,Tuesday,12,1
Same Day,High,Consumer,LATAM,Furniture,1,0.0,474.02,2,Thursday,3,0
Same Day,High,Consumer,LATAM,Grocery,12,0.15,856.02,3,Thursday,3,0
Standard Class,Critical,Home Office,LATAM,Grocery,17,0.38,812.98,5,Wednesday,11,1
Standard Class,Medium,Consumer,Pacific Asia,Furniture,4,0.27,77.92,4,Wednesday,12,0
Standard Class,High,Consumer,Europe,Grocery,8,0.37,1056.78,1,Thursday,11,1
Standard Class,Medium,Consumer,Africa,Electronics,19,0.08,588.98,7,Sunday,4,1
First Class,Medium,Consumer,Africa,Grocery,19,0.2,276.02,3,Tuesday,7,0
Standard Class,Low,Corporate,Africa,Apparel,5,0.01,1175.11,7,Sunday,4,1
Standard Class,High,Corporate,Europe,Apparel,11,0.27,906.26,6,Tuesday,12,0
Standard Class,Critical,Consumer,Europe,Grocery,6,0.31,743.91,1,Wednesday,1,1
Same Day,Low,Home Office,Pacific Asia,Electronics,13,0.3,1186.17,5,Thursday,8,0
Second Class,Low,Consumer,Pacific Asia,Office Supplies,19,0.03,910.34,1,Thursday,3,0
Standard Class,High,Corporate,Africa,Office Supplies,6,0.1,154.16,4,Sunday,1,1
Standard Class,Medium,Consumer,Europe,Electronics,13,0.26,1189.47,2,Saturday,8,1
Same Day,Critical,Corporate,Africa,Apparel,6,0.3,721.15,2,Thursday,5,1
First Class,Low,Consumer,Pacific Asia,Grocery,16,0.11,366.33,2,Sunday,4,0
Standard Class,Low,Consumer,Africa,Furniture,18,0.16,982.85,6,Monday,1,1
Standard Class,Medium,Home Office,Pacific Asia,Grocery,11,0.14,67.02,6,Friday,8,0
Standard Class,Low,Consumer,USCA,Grocery,17,0.0,788.7,1,Sunday,3,1
Standard Class,Low,Corporate,LATAM,Office Supplies,10,0.23,199.54,6,Sunday,12,0
Second Class,Low,Home Office,USCA,Grocery,16,0.27,114.18,3,Wednesday,5,0
Same Day,Low,Corporate,Africa,Office Supplies,5,0.11,431.24,3,Saturday,5,0
Standard Class,Low,Consumer,Africa,Furniture,10,0.28,434.07,3,Monday,10,1
First Class,Critical,Consumer,Europe,Grocery,3,0.1,724.63,5,Friday,8,0
Standard Class,Low,Home Office,LATAM,Electronics,19,0.29,682.87,3,Monday,11,1
Second Class,Medium,Consumer,Pacific Asia,Grocery,4,0.18,828.66,4,Wednesday,9,0
Second Class,High,Corporate,Africa,Electronics,12,0.35,217.19,1,Friday,11,1
Standard Class,Medium,Corporate,Pacific Asia,Office Supplies,10,0.22,1046.33,4,Saturday,8,0
Standard Class,Medium,Corporate,Pacific Asia,Grocery,11,0.07,1031.82,7,Saturday,9,0
Second Class,Medium,Corporate,Pacific Asia,Office Supplies,8,0.33,267.36,2,Saturday,6,0
Standard Class,High,Consumer,USCA,Electronics,12,0.31,573.55,7,Saturday,8,0
Standard Class,High,Corporate,Pacific Asia,Office Supplies,14,0.03,590.74,7,Saturday,12,0
Standard Class,Medium,Corporate,Europe,Apparel,3,0.02,1106.27,4,Friday,7,0
Same Day,High,Consumer,USCA,Electronics,11,0.05,1087.69,4,Sunday,7,0
Standard Class,Medium,Consumer,USCA,Office Supplies,7,0.34,90.29,4,Sunday,12,0
First Class,Low,Corporate,Africa,Grocery,15,0.13,1150.06,5,Saturday,12,0
Standard Class,High,Corporate,LATAM,Office Supplies,11,0.2,91.59,1,Wednesday,7,1
First Class,Medium,Consumer,LATAM,Furniture,7,0.24,663.99,6,Saturday,6,0
Second Class,High,Corporate,Africa,Electronics,19,0.3,380.8,7,Friday,7,1
First Class,Low,Consumer,LATAM,Office Supplies,16,0.33,474.65,3,Saturday,11,0
Standard Class,Low,Home Office,Pacific Asia,Apparel,19,0.21,755.79,4,Thursday,10,0
Second Class,High,Corporate,Europe,Furniture,13,0.17,704.74,7,Friday,12,0
Second Class,Low,Consumer,Pacific Asia,Electronics,17,0.08,209.31,6,Wednesday,5,0
Standard Class,High,Consumer,LATAM,Furniture,14,0.24,1164.04,2,Saturday,1,1
Standard Class,Critical,Corporate,LATAM,Grocery,2,0.22,44.15,6,Wednesday,2,1
Standard Class,High,Home Office,Europe,Apparel,10,0.12,418.62,1,Friday,10,1
Standard Class,Medium,Consumer,USCA,Grocery,6,0.18,963.64,1,Wednesday,9,1
First Class,Medium,Corporate,USCA,Office Supplies,16,0.3,1022.61,4,Wednesday,3,0
Standard Class,High,Consumer,Europe,Furniture,7,0.25,958.78,6,Friday,11,0
Standard Class,High,Consumer,USCA,Grocery,19,0.19,453.27,1,Tuesday,6,1
Second Class,Medium,Corporate,LATAM,Office Supplies,10,0.11,811.35,1,Monday,9,0
Standard Class,Critical,Consumer,USCA,Apparel,15,0.27,919.52,6,Wednesday,11,1
Standard Class,Medium,Corporate,LATAM,Grocery,12,0.25,697.76,1,Wednesday,4,1
Standard Class,Critical,Home Office,Africa,Furniture,9,0.18,818.03,1,Wednesday,2,1
Same Day,Low,Home Office,Pacific Asia,Grocery,18,0.1,668.81,2,Thursday,7,0
First Class,Low,Consumer,USCA,Apparel,17,0.07,75.39,2,Friday,4,0
First Class,Medium,Corporate,Africa,Office Supplies,19,0.14,335.21,2,Wednesday,5,1
Standard Class,Low,Home Office,USCA,Grocery,10,0.36,846.15,3,Friday,11,0
First Class,High,Consumer,Africa,Grocery,8,0.3,297.43,2,Friday,7,1
Standard Class,Low,Consumer,Europe,Electronics,5,0.36,552.0,3,Tuesday,3,0
Standard Class,Critical,Home Office,Africa,Office Supplies,13,0.34,646.19,4,Monday,5,1
Standard Class,Low,Consumer,LATAM,Electronics,2,0.18,808.46,1,Saturday,5,1
Second Class,Medium,Home Office,Europe,Electronics,1,0.21,318.38,7,Thursday,9,0
Standard Class,Low,Corporate,Europe,Apparel,8,0.07,718.31,2,Thursday,10,1
Standard Class,Medium,Consumer,LATAM,Apparel,10,0.29,719.85,4,Wednesday,8,0
Standard Class,Low,Consumer,USCA,Furniture,5,0.17,1015.58,1,Saturday,10,1
Standard Class,Low,Consumer,Europe,Office Supplies,18,0.06,666.94,4,Friday,3,0
Second Class,Medium,Consumer,USCA,Office Supplies,2,0.04,361.14,6,Friday,8,0
Standard Class,Low,Corporate,Pacific Asia,Apparel,9,0.28,632.02,5,Tuesday,5,0
Second Class,Low,Consumer,Africa,Apparel,16,0.19,137.66,1,Thursday,9,1
Standard Class,High,Consumer,Africa,Electronics,17,0.0,733.22,1,Saturday,7,1
First Class,Low,Consumer,LATAM,Apparel,16,0.33,1100.2,3,Saturday,9,0
Second Class,Medium,Home Office,LATAM,Grocery,1,0.25,640.47,6,Tuesday,9,0
Standard Class,Low,Consumer,Africa,Office Supplies,5,0.02,357.68,7,Sunday,12,1
Standard Class,Low,Home Office,Pacific Asia,Furniture,19,0.12,492.58,6,Saturday,5,0
Second Class,Medium,Home Office,LATAM,Electronics,18,0.29,1083.21,1,Tuesday,12,1
First Class,Low,Consumer,Pacific Asia,Grocery,3,0.02,977.55,4,Thursday,9,0
Standard Class,High,Consumer,LATAM,Apparel,18,0.29,965.78,7,Wednesday,7,1
Standard Class,High,Home Office,Europe,Furniture,11,0.2,681.26,7,Sunday,3,0
First Class,Low,Corporate,USCA,Apparel,11,0.31,481.73,7,Thursday,8,0
Second Class,Critical,Consumer,Africa,Grocery,11,0.34,167.6,5,Saturday,5,1
Standard Class,Low,Corporate,USCA,Furniture,10,0.31,1170.98,5,Thursday,1,0
Standard Class,Low,Consumer,Africa,Apparel,10,0.03,223.13,2,Wednesday,6,1
Standard Class,Low,Consumer,LATAM,Grocery,4,0.18,310.02,2,Saturday,5,1
Second Class,Medium,Corporate,USCA,Grocery,9,0.13,919.47,4,Wednesday,4,0
Standard Class,Medium,Consumer,Pacific Asia,Furniture,10,0.2,427.39,2,Monday,11,1
Same Day,Low,Home Office,LATAM,Grocery,13,0.39,704.8,5,Thursday,5,0
Standard Class,High,Home Office,Europe,Apparel,1,0.05,916.35,5,Thursday,12,0
Standard Class,Medium,Corporate,USCA,Furniture,16,0.35,671.78,3,Tuesday,8,1
Second Class,Low,Consumer,USCA,Electronics,19,0.4,593.96,1,Monday,8,1
Same Day,Medium,Consumer,Europe,Grocery,12,0.4,70.34,7,Monday,3,0
First Class,High,Consumer,Africa,Apparel,5,0.32,590.31,7,Wednesday,4,0
Standard Class,Low,Consumer,LATAM,Furniture,5,0.19,551.48,7,Saturday,6,0
Second Class,Low,Consumer,Europe,Electronics,7,0.07,1057.81,1,Sunday,8,0
Second Class,Medium,Corporate,Pacific Asia,Electronics,12,0.24,542.4,2,Thursday,3,0
Standard Class,Medium,Consumer,LATAM,Office Supplies,14,0.24,759.63,4,Saturday,4,0
Standard Class,Medium,Home Office,Europe,Office Supplies,1,0.13,930.74,7,Monday,11,0
Standard Class,Low,Home Office,Europe,Furniture,6,0.25,566.58,1,Sunday,7,1
Standard Class,Medium,Corporate,USCA,Grocery,18,0.05,320.42,6,Friday,8,0
Same Day,Medium,Corporate,USCA,Apparel,6,0.25,1073.8,1,Sunday,8,0
Standard Class,Medium,Consumer,USCA,Grocery,19,0.36,1075.67,5,Wednesday,10,1
Same Day,Low,Consumer,LATAM,Apparel,12,0.19,1080.8,2,Wednesday,5,0
Standard Class,Medium,Home Office,Africa,Apparel,18,0.31,334.6,4,Thursday,8,1
Second Class,Low,Corporate,LATAM,Office Supplies,3,0.25,385.4,3,Monday,1,0
Standard Class,Medium,Consumer,USCA,Office Supplies,11,0.0,1103.37,4,Saturday,6,0
Standard Class,High,Corporate,USCA,Grocery,4,0.05,159.68,7,Thursday,10,0
Standard Class,Medium,Home Office,LATAM,Furniture,13,0.31,790.5,7,Friday,4,1
Standard Class,Low,Consumer,Europe,Apparel,1,0.02,357.86,2,Wednesday,10,1
Second Class,Medium,Consumer,Europe,Office Supplies,6,0.38,868.35,4,Friday,4,0
Standard Class,High,Home Office,USCA,Furniture,14,0.36,1002.06,6,Monday,3,1
First Class,High,Consumer,USCA,Office Supplies,9,0.14,495.66,1,Sunday,11,0
Standard Class,Medium,Consumer,Africa,Apparel,9,0.12,189.88,6,Sunday,3,1
Standard Class,Low,Consumer,Europe,Electronics,7,0.25,881.36,4,Monday,4,0
Standard Class,Medium,Home Office,Africa,Office Supplies,15,0.24,76.32,2,Thursday,1,1
Same Day,Medium,Home Office,USCA,Furniture,10,0.04,27.84,4,Sunday,9,0
Second Class,Critical,Consumer,USCA,Grocery,9,0.09,1053.86,2,Thursday,2,1
Standard Class,Medium,Consumer,Africa,Grocery,15,0.25,982.0,7,Thursday,12,1
Standard Class,Medium,Consumer,Africa,Apparel,9,0.32,702.53,1,Saturday,10,1
Standard Class,Medium,Consumer,USCA,Electronics,7,0.08,801.8,5,Tuesday,12,0
Same Day,Low,Consumer,Pacific Asia,Office Supplies,8,0.28,1143.6,4,Tuesday,10,0
Second Class,High,Consumer,USCA,Office Supplies,2,0.35,84.69,6,Saturday,10,0
Standard Class,Medium,Consumer,Europe,Electronics,3,0.05,267.75,1,Friday,10,1
Second Class,Critical,Home Office,USCA,Apparel,2,0.18,877.75,5,Thursday,8,0
Standard Class,Medium,Consumer,LATAM,Apparel,1,0.34,324.2,1,Thursday,7,1
Same Day,Low,Consumer,USCA,Furniture,12,0.15,256.64,5,Tuesday,8,0
Standard Class,Medium,Consumer,Pacific Asia,Furniture,5,0.11,536.22,5,Thursday,8,0
Second Class,Low,Corporate,Europe,Furniture,18,0.3,871.2,3,Thursday,12,0
Standard Class,Low,Consumer,USCA,Apparel,19,0.16,260.52,5,Thursday,9,0
Second Class,Low,Corporate,Africa,Office Supplies,2,0.28,521.16,6,Wednesday,12,0
First Class,Medium,Corporate,Europe,Grocery,16,0.05,627.39,7,Saturday,10,0
Second Class,Medium,Home Office,Europe,Apparel,6,0.22,214.95,5,Friday,10,0
Second Class,Low,Corporate,Pacific Asia,Electronics,3,0.15,577.38,6,Friday,6,0
First Class,Medium,Consumer,Africa,Grocery,8,0.4,1040.39,7,Wednesday,11,0
Standard Class,Medium,Consumer,LATAM,Apparel,4,0.24,897.82,7,Tuesday,10,0
Standard Class,High,Corporate,USCA,Apparel,18,0.27,609.1,7,Thursday,8,1
Standard Class,Medium,Consumer,LATAM,Furniture,4,0.05,159.09,1,Saturday,6,1
Same Day,Medium,Consumer,Africa,Office Supplies,8,0.4,37.79,2,Friday,11,1
Standard Class,Low,Home Office,Europe,Office Supplies,7,0.02,90.02,5,Thursday,12,0
Second Class,High,Home Office,Pacific Asia,Grocery,18,0.03,902.76,5,Tuesday,2,0
Second Class,Medium,Home Office,Pacific Asia,Apparel,1,0.03,848.2,2,Saturday,3,0
Standard Class,High,Home Office,Europe,Furniture,18,0.35,897.82,5,Sunday,7,1
Standard Class,Low,Corporate,Pacific Asia,Electronics,2,0.29,375.58,4,Tuesday,1,0
Standard Class,Medium,Corporate,LATAM,Apparel,19,0.39,117.01,4,Monday,1,1
Standard Class,Medium,Consumer,Europe,Furniture,10,0.03,860.06,1,Tuesday,4,1
Standard Class,Low,Home Office,USCA,Electronics,1,0.28,1107.73,6,Wednesday,9,0
Standard Class,Medium,Consumer,USCA,Electronics,7,0.21,548.11,3,Sunday,10,0
First Class,High,Corporate,Africa,Grocery,14,0.26,919.53,7,Monday,2,0
Same Day,Medium,Consumer,Europe,Office Supplies,1,0.21,876.41,4,Wednesday,11,0
Standard Class,Critical,Consumer,LATAM,Office Supplies,4,0.27,1025.89,4,Tuesday,8,1
Standard Class,Low,Corporate,Europe,Grocery,11,0.36,43.77,7,Sunday,12,0
Standard Class,Medium,Consumer,Europe,Apparel,2,0.23,1146.81,5,Friday,3,0
Second Class,Medium,Corporate,LATAM,Furniture,8,0.36,1039.77,5,Thursday,2,0
First Class,Medium,Corporate,Pacific Asia,Office Supplies,18,0.31,1053.01,4,Wednesday,3,0
Standard Class,Critical,Corporate,LATAM,Grocery,17,0.35,1195.66,4,Tuesday,9,1
Standard Class,Low,Consumer,Europe,Office Supplies,14,0.26,770.98,6,Monday,4,1
First Class,High,Consumer,Europe,Office Supplies,18,0.21,107.19,5,Saturday,6,0
Second Class,Medium,Home Office,Europe,Office Supplies,10,0.03,989.13,2,Sunday,11,0
Standard Class,Low,Consumer,Europe,Apparel,18,0.33,170.5,4,Tuesday,6,1
Second Class,High,Consumer,Africa,Grocery,5,0.1,888.09,3,Tuesday,9,0
Standard Class,Medium,Consumer,Pacific Asia,Office Supplies,8,0.01,514.59,2,Saturday,10,1
Standard Class,High,Home Office,Europe,Office Supplies,10,0.21,17.87,3,Thursday,3,0
First Class,Low,Corporate,Africa,Grocery,1,0.25,528.58,3,Tuesday,3,0
First Class,High,Consumer,Europe,Electronics,17,0.26,958.03,1,Saturday,5,1
Standard Class,Medium,Home Office,Pacific Asia,Apparel,19,0.27,114.0,5,Wednesday,10,1
Same Day,Low,Home Office,Pacific Asia,Apparel,17,0.26,12.63,3,Thursday,10,0
Standard Class,Medium,Corporate,LATAM,Furniture,10,0.32,548.79,7,Friday,8,0
First Class,Low,Consumer,Africa,Furniture,18,0.31,11.78,4,Friday,11,0
Standard Class,Medium,Corporate,Pacific Asia,Electronics,1,0.33,1122.34,4,Thursday,5,0
First Class,Low,Consumer,USCA,Furniture,17,0.18,991.59,2,Monday,7,0
Same Day,Low,Corporate,Europe,Office Supplies,13,0.03,759.84,4,Sunday,5,0
Standard Class,Low,Home Office,Pacific Asia,Office Supplies,10,0.26,30.61,4,Wednesday,12,0
Same Day,Medium,Home Office,Africa,Furniture,1,0.08,688.09,6,Tuesday,3,0
First Class,Medium,Consumer,Africa,Apparel,7,0.34,808.59,1,Sunday,12,1
First Class,Medium,Home Office,Africa,Electronics,13,0.29,709.06,3,Saturday,8,1
Standard Class,Low,Consumer,LATAM,Office Supplies,7,0.31,1136.8,5,Friday,2,0
First Class,Medium,Consumer,Europe,Electronics,6,0.11,999.3,2,Saturday,10,0
First Class,Medium,Corporate,USCA,Furniture,13,0.25,444.46,1,Tuesday,11,0
Standard Class,Low,Corporate,Africa,Grocery,8,0.21,836.81,3,Thursday,6,0
Same Day,High,Consumer,Europe,Electronics,16,0.11,558.76,7,Sunday,3,0
Standard Class,Medium,Consumer,Africa,Electronics,9,0.32,1114.73,3,Friday,6,1
Standard Class,Medium,Consumer,Africa,Furniture,13,0.22,745.57,4,Sunday,8,1
Standard Class,Low,Corporate,USCA,Furniture,2,0.08,702.66,7,Monday,1,0
Second Class,Low,Home Office,Europe,Office Supplies,12,0.12,605.83,4,Friday,4,0
Second Class,High,Corporate,Africa,Grocery,12,0.09,459.51,7,Saturday,8,0
Standard Class,High,Consumer,LATAM,Grocery,15,0.12,186.19,2,Saturday,11,1
Same Day,Low,Home Office,Africa,Electronics,10,0.08,335.98,5,Monday,7,0
Standard Class,Low,Corporate,Europe,Grocery,14,0.15,405.68,4,Saturday,3,0
Standard Class,Medium,Home Office,Pacific Asia,Furniture,17,0.28,193.28,5,Tuesday,10,1
Standard Class,Medium,Corporate,Africa,Furniture,10,0.38,977.13,4,Saturday,10,1
Second Class,High,Home Office,LATAM,Furniture,11,0.08,12.64,5,Monday,5,0
Same Day,Low,Home Office,LATAM,Electronics,17,0.12,1099.77,4,Monday,10,0
Second Class,Medium,Corporate,Africa,Apparel,11,0.0,162.66,6,Monday,5,0
First Class,Low,Consumer,Europe,Furniture,15,0.09,70.65,4,Sunday,10,0
Standard Class,Low,Corporate,Africa,Grocery,4,0.17,1194.27,6,Tuesday,9,1
Standard Class,Low,Corporate,LATAM,Grocery,4,0.18,1199.76,4,Wednesday,4,0
Standard Class,High,Corporate,Africa,Furniture,15,0.11,238.19,4,Sunday,1,1
Standard Class,Medium,Consumer,LATAM,Apparel,14,0.06,169.22,5,Sunday,4,0
Standard Class,High,Consumer,Pacific Asia,Electronics,9,0.23,245.35,1,Wednesday,7,1
Second Class,Low,Corporate,Africa,Furniture,16,0.16,618.47,2,Wednesday,1,1
Standard Class,Low,Home Office,USCA,Electronics,1,0.17,392.21,1,Tuesday,7,1
First Class,Low,Corporate,Africa,Apparel,3,0.36,410.28,5,Sunday,6,0
Standard Class,Low,Consumer,LATAM,Furniture,4,0.22,973.39,7,Friday,10,0
Standard Class,High,Consumer,Europe,Furniture,19,0.16,1069.33,2,Friday,3,1
Second Class,Low,Consumer,LATAM,Furniture,9,0.1,1164.1,4,Thursday,9,0
Standard Class,Low,Consumer,Pacific Asia,Office Supplies,19,0.17,622.54,1,Wednesday,7,1
First Class,Low,Consumer,Europe,Furniture,8,0.34,302.9,2,Saturday,3,0
Second Class,Low,Corporate,USCA,Furniture,4,0.39,670.35,1,Sunday,11,0
Standard Class,High,Home Office,USCA,Apparel,13,0.15,1046.55,5,Thursday,5,0
Same Day,Medium,Consumer,Pacific Asia,Apparel,19,0.08,46.78,7,Tuesday,11,0
Standard Class,Medium,Corporate,Pacific Asia,Office Supplies,14,0.37,1094.38,2,Monday,11,1
Standard Class,Medium,Corporate,Pacific Asia,Furniture,5,0.06,279.59,4,Sunday,10,0
Second Class,Low,Home Office,Pacific Asia,Grocery,18,0.12,379.5,3,Friday,4,0
Standard Class,Low,Home Office,Africa,Electronics,18,0.08,443.22,4,Friday,8,1
First Class,High,Consumer,LATAM,Furniture,15,0.23,1097.38,3,Sunday,6,0
First Class,Medium,Consumer,Africa,Office Supplies,17,0.16,219.44,4,Monday,3,0
Same Day,Low,Consumer,Europe,Grocery,3,0.11,275.38,5,Tuesday,3,0
Standard Class,Low,Corporate,USCA,Apparel,1,0.31,880.01,2,Friday,5,1
Standard Class,Low,Corporate,USCA,Electronics,18,0.27,1122.28,1,Wednesday,2,1
First Class,Low,Consumer,Europe,Office Supplies,16,0.4,134.63,6,Saturday,10,0
Standard Class,Low,Home Office,USCA,Apparel,6,0.12,631.48,4,Sunday,12,0
Standard Class,Low,Consumer,Pacific Asia,Furniture,9,0.34,1098.21,7,Saturday,7,0
Standard Class,Medium,Home Office,Pacific Asia,Office Supplies,10,0.12,1064.45,3,Thursday,12,0
Standard Class,Low,Consumer,Pacific Asia,Furniture,17,0.0,1138.67,2,Tuesday,2,1
Standard Class,Low,Consumer,Europe,Office Supplies,7,0.06,1083.5,6,Wednesday,11,0
First Class,High,Consumer,LATAM,Office Supplies,14,0.2,384.5,1,Friday,8,0
First Class,Medium,Consumer,Europe,Furniture,14,0.32,257.53,3,Thursday,7,0
Standard Class,High,Corporate,LATAM,Office Supplies,12,0.02,1082.75,3,Thursday,10,0
Standard Class,Low,Consumer,USCA,Apparel,6,0.33,857.23,6,Friday,1,0
Standard Class,Medium,Corporate,USCA,Apparel,14,0.29,460.44,2,Thursday,11,1
First Class,Low,Consumer,USCA,Electronics,8,0.01,858.39,7,Tuesday,12,0
Standard Class,Medium,Consumer,LATAM,Electronics,17,0.04,375.56,5,Sunday,1,0
Second Class,Low,Home Office,USCA,Office Supplies,8,0.03,701.8,5,Thursday,4,0
Standard Class,Low,Home Office,Europe,Apparel,8,0.27,287.67,5,Sunday,6,0
Second Class,High,Consumer,LATAM,Furniture,17,0.22,678.47,6,Friday,3,0
Standard Class,Medium,Home Office,Pacific Asia,Office Supplies,11,0.14,1108.56,2,Sunday,3,1
First Class,High,Corporate,LATAM,Furniture,7,0.04,928.01,3,Wednesday,5,0
Standard Class,Low,Consumer,Europe,Grocery,7,0.16,790.72,7,Thursday,12,0
Second Class,Low,Home Office,Europe,Electronics,12,0.27,302.76,2,Monday,12,0
Standard Class,Medium,Consumer,Europe,Office Supplies,16,0.04,85.41,5,Wednesday,2,0
Second Class,Medium,Consumer,USCA,Office Supplies,13,0.34,855.58,7,Saturday,10,0
First Class,Medium,Corporate,Pacific Asia,Furniture,15,0.03,695.56,4,Thursday,12,0
Standard Class,High,Consumer,Pacific Asia,Electronics,19,0.24,263.0,2,Thursday,2,1
First Class,Low,Consumer,Africa,Furniture,3,0.08,1122.37,4,Friday,10,0
Second Class,Medium,Consumer,Europe,Furniture,11,0.04,666.9,5,Sunday,9,0
Standard Class,Low,Corporate,USCA,Electronics,8,0.14,690.51,2,Wednesday,5,1
Standard Class,Low,Corporate,LATAM,Grocery,8,0.27,365.53,2,Thursday,10,1
Standard Class,Medium,Consumer,USCA,Apparel,12,0.05,1056.47,4,Tuesday,12,0
Second Class,Medium,Home Office,Europe,Apparel,3,0.19,1070.76,1,Friday,9,0
First Class,Low,Consumer,USCA,Grocery,2,0.16,861.02,7,Wednesday,8,0
Standard Class,Low,Corporate,Europe,Electronics,3,0.17,128.14,4,Friday,3,0
Standard Class,Medium,Home Office,LATAM,Office Supplies,16,0.38,110.42,5,Monday,11,1
First Class,Medium,Home Office,LATAM,Electronics,19,0.14,568.56,4,Wednesday,9,0
Same Day,Low,Corporate,Pacific Asia,Furniture,7,0.4,179.11,6,Friday,11,0
Standard Class,Low,Corporate,Africa,Electronics,19,0.22,404.98,1,Wednesday,3,1
Same Day,Low,Consumer,USCA,Apparel,1,0.34,213.9,5,Tuesday,6,0
Standard Class,Critical,Corporate,Africa,Office Supplies,13,0.14,379.04,6,Tuesday,1,1
Standard Class,High,Consumer,USCA,Grocery,14,0.03,1132.07,7,Friday,8,0
First Class,Medium,Consumer,Pacific Asia,Electronics,1,0.03,906.5,2,Monday,12,0
Standard Class,Critical,Consumer,Pacific Asia,Office Supplies,4,0.23,174.58,2,Sunday,9,1
Standard Class,Medium,Consumer,LATAM,Office Supplies,17,0.37,806.01,1,Sunday,10,1
Standard Class,Low,Corporate,LATAM,Apparel,6,0.03,46.3,6,Wednesday,5,0
First Class,Low,Home Office,LATAM,Furniture,6,0.28,1180.51,5,Friday,1,0
First Class,High,Consumer,USCA,Office Supplies,2,0.23,642.72,5,Sunday,4,0
Standard Class,Medium,Consumer,Africa,Office Supplies,17,0.26,611.44,2,Wednesday,1,1
Standard Class,High,Consumer,Africa,Electronics,16,0.09,296.0,4,Tuesday,7,1
Standard Class,High,Corporate,LATAM,Grocery,12,0.03,554.82,4,Sunday,9,0
Second Class,Medium,Consumer,Pacific Asia,Electronics,12,0.03,636.23,7,Thursday,7,0
Standard Class,Low,Consumer,Africa,Apparel,18,0.1,793.26,7,Tuesday,8,1
First Class,Low,Corporate,Pacific Asia,Office Supplies,16,0.09,64.64,5,Thursday,2,0
Standard Class,Low,Home Office,LATAM,Furniture,6,0.05,417.19,1,Tuesday,10,1
Standard Class,Low,Consumer,USCA,Office Supplies,13,0.11,470.53,1,Saturday,6,1
Standard Class,Medium,Consumer,Europe,Furniture,16,0.21,187.49,7,Monday,9,0
Standard Class,Low,Corporate,Africa,Furniture,10,0.38,295.35,6,Sunday,2,1
Same Day,Low,Consumer,LATAM,Furniture,11,0.37,291.64,2,Sunday,10,0
Standard Class,Medium,Consumer,LATAM,Grocery,1,0.11,974.35,7,Wednesday,8,0
Standard Class,Low,Corporate,Africa,Electronics,7,0.03,827.79,3,Wednesday,7,1
Standard Class,Medium,Home Office,Europe,Apparel,17,0.4,1108.07,6,Saturday,11,1
Standard Class,Medium,Consumer,USCA,Grocery,12,0.19,378.77,1,Sunday,4,1
Standard Class,Medium,Consumer,Africa,Grocery,15,0.39,1059.18,7,Friday,3,1
Standard Class,High,Consumer,USCA,Furniture,9,0.22,1037.92,6,Monday,5,0
Standard Class,Low,Home Office,LATAM,Grocery,6,0.35,543.07,3,Friday,8,0
Second Class,Low,Consumer,Africa,Apparel,5,0.18,759.38,4,Friday,6,0
Standard Class,High,Corporate,USCA,Apparel,5,0.25,721.56,2,Wednesday,2,1
Standard Class,Medium,Home Office,Pacific Asia,Office Supplies,9,0.21,376.32,4,Wednesday,5,0
Same Day,High,Home Office,Pacific Asia,Grocery,2,0.09,321.86,1,Monday,2,0
Standard Class,Low,Corporate,Pacific Asia,Office Supplies,10,0.31,211.06,4,Wednesday,8,0
Standard Class,High,Consumer,USCA,Apparel,5,0.02,1006.82,5,Saturday,12,0
Standard Class,High,Consumer,Pacific Asia,Grocery,17,0.14,644.9,4,Thursday,3,1
Standard Class,Medium,Consumer,LATAM,Furniture,4,0.35,412.66,7,Wednesday,11,0
First Class,Low,Corporate,USCA,Furniture,4,0.2,616.89,3,Tuesday,5,0
Standard Class,High,Corporate,LATAM,Grocery,13,0.03,105.9,3,Sunday,5,0
Second Class,High,Home Office,Europe,Office Supplies,19,0.08,136.12,4,Monday,7,0
Standard Class,High,Consumer,USCA,Office Supplies,6,0.04,913.63,1,Tuesday,11,1
Standard Class,Low,Corporate,Pacific Asia,Furniture,19,0.11,1082.48,7,Saturday,12,0
First Class,High,Home Office,Pacific Asia,Office Supplies,16,0.07,391.12,3,Tuesday,2,0
Standard Class,Low,Home Office,Europe,Furniture,6,0.28,496.92,6,Wednesday,9,0
Second Class,Low,Corporate,Africa,Electronics,11,0.26,454.73,2,Monday,7,1
Standard Class,Medium,Corporate,Europe,Furniture,10,0.05,580.06,5,Wednesday,5,0
Second Class,Low,Corporate,Pacific Asia,Electronics,18,0.18,502.64,1,Monday,12,0
Standard Class,Medium,Consumer,Pacific Asia,Grocery,9,0.12,469.62,2,Wednesday,7,1
First Class,Medium,Consumer,Africa,Electronics,10,0.13,795.34,1,Wednesday,8,1
Standard Class,Low,Consumer,Europe,Apparel,15,0.23,333.81,7,Tuesday,11,0
First Class,Medium,Consumer,LATAM,Office Supplies,14,0.36,1131.73,3,Thursday,12,0
Standard Class,High,Corporate,Europe,Electronics,16,0.36,377.09,1,Thursday,4,1
Second Class,Low,Corporate,LATAM,Apparel,7,0.17,265.35,7,Saturday,5,0
Standard Class,Medium,Corporate,Pacific Asia,Apparel,8,0.16,1166.57,2,Sunday,4,1
Same Day,Low,Consumer,Pacific Asia,Office Supplies,8,0.21,282.28,7,Sunday,12,0
Standard Class,Medium,Consumer,Europe,Furniture,13,0.19,648.65,6,Saturday,8,1
Standard Class,Low,Consumer,Pacific Asia,Apparel,19,0.02,401.41,6,Thursday,8,0
Standard Class,Low,Consumer,Africa,Electronics,10,0.23,102.2,1,Monday,11,1
Standard Class,Low,Home Office,USCA,Office Supplies,1,0.23,1143.97,6,Friday,12,0
Standard Class,Critical,Consumer,LATAM,Electronics,16,0.18,455.37,3,Friday,5,1
Same Day,Medium,Consumer,Pacific Asia,Furniture,3,0.17,777.34,4,Sunday,11,0
Same Day,Medium,Consumer,LATAM,Office Supplies,3,0.38,1036.08,2,Friday,6,0
Standard Class,Low,Corporate,Europe,Apparel,6,0.24,668.05,6,Monday,9,0
Same Day,Medium,Corporate,Africa,Electronics,12,0.33,858.3,4,Sunday,8,0
Standard Class,Low,Consumer,LATAM,Electronics,5,0.38,943.68,3,Thursday,11,0
Standard Class,Low,Home Office,Pacific Asia,Apparel,16,0.32,464.04,2,Monday,10,1
Second Class,Medium,Home Office,USCA,Apparel,17,0.38,758.24,4,Monday,2,0
Second Class,Low,Consumer,Africa,Furniture,10,0.3,255.09,2,Sunday,9,1
Same Day,Low,Consumer,Europe,Furniture,7,0.07,75.85,7,Sunday,1,0
Standard Class,Medium,Consumer,Pacific Asia,Apparel,10,0.09,1184.2,5,Tuesday,12,0
Second Class,High,Consumer,Africa,Office Supplies,2,0.08,120.2,4,Saturday,2,0
Standard Class,Low,Home Office,Pacific Asia,Apparel,15,0.13,520.18,4,Tuesday,4,0
Standard Class,Low,Consumer,Europe,Apparel,17,0.14,90.21,5,Tuesday,3,0
Standard Class,Low,Consumer,Europe,Grocery,4,0.32,1108.01,3,Thursday,9,0
Same Day,Critical,Consumer,USCA,Office Supplies,8,0.14,139.94,7,Monday,2,0
First Class,High,Consumer,Africa,Office Supplies,19,0.29,945.94,5,Tuesday,8,0
First Class,Medium,Home Office,USCA,Furniture,2,0.36,861.74,7,Saturday,6,0
Standard Class,High,Consumer,USCA,Furniture,16,0.05,63.6,2,Thursday,3,1
Standard Class,Medium,Consumer,USCA,Furniture,14,0.0,868.31,2,Thursday,4,1
Standard Class,Critical,Corporate,LATAM,Electronics,12,0.36,1163.48,2,Sunday,9,1
Standard Class,Low,Consumer,Europe,Office Supplies,9,0.1,630.0,3,Saturday,3,0
Standard Class,Low,Consumer,USCA,Grocery,12,0.06,354.51,5,Tuesday,3,0
First Class,Medium,Consumer,LATAM,Furniture,3,0.12,658.52,1,Saturday,1,0
Standard Class,Low,Consumer,LATAM,Furniture,13,0.07,154.0,4,Tuesday,10,0
Standard Class,Medium,Consumer,LATAM,Furniture,6,0.32,1147.6,5,Saturday,10,0
Standard Class,Low,Consumer,USCA,Furniture,2,0.25,444.74,2,Thursday,10,1
Standard Class,Medium,Consumer,LATAM,Furniture,7,0.07,553.83,5,Tuesday,6,0
Standard Class,Low,Corporate,USCA,Electronics,14,0.23,487.66,5,Thursday,11,0
Same Day,Low,Consumer,Africa,Grocery,6,0.08,43.15,3,Wednesday,6,0
Second Class,High,Home Office,Europe,Office Supplies,9,0.08,50.88,4,Monday,3,0
First Class,High,Consumer,Pacific Asia,Grocery,7,0.24,679.22,3,Monday,1,0
Standard Class,Critical,Corporate,USCA,Apparel,19,0.27,607.77,6,Sunday,4,1
Standard Class,Medium,Home Office,Europe,Office Supplies,16,0.14,1183.93,3,Tuesday,1,0
Standard Class,Medium,Consumer,USCA,Furniture,13,0.31,323.25,7,Monday,6,1
First Class,Medium,Corporate,Africa,Apparel,6,0.33,448.49,2,Monday,6,1
First Class,Low,Home Office,Europe,Apparel,4,0.37,1185.56,3,Friday,5,0
Standard Class,Low,Consumer,Europe,Apparel,12,0.25,66.98,4,Saturday,10,0
Standard Class,Low,Home Office,LATAM,Apparel,10,0.09,774.74,2,Wednesday,12,1
Standard Class,High,Consumer,USCA,Furniture,16,0.3,130.96,3,Saturday,2,1
Second Class,Low,Consumer,USCA,Apparel,1,0.04,1136.21,2,Monday,8,0
Same Day,High,Corporate,Pacific Asia,Grocery,12,0.07,352.82,5,Wednesday,7,0
Second Class,Medium,Consumer,LATAM,Furniture,19,0.33,978.78,4,Wednesday,11,0
Standard Class,Medium,Corporate,LATAM,Apparel,19,0.36,1094.4,1,Thursday,5,1
Standard Class,Low,Home Office,Pacific Asia,Apparel,18,0.03,1017.95,1,Tuesday,1,1
Standard Class,Low,Home Office,LATAM,Grocery,9,0.12,672.71,1,Thursday,11,1
Standard Class,Critical,Consumer,LATAM,Electronics,4,0.25,1168.37,5,Thursday,9,1
Standard Class,Low,Home Office,Africa,Electronics,11,0.38,815.16,7,Wednesday,1,1
Second Class,Low,Consumer,Europe,Grocery,16,0.23,945.51,3,Monday,11,0
Second Class,Low,Consumer,Pacific Asia,Electronics,2,0.33,300.5,6,Saturday,9,0
Standard Class,Low,Corporate,Africa,Office Supplies,9,0.37,507.86,7,Saturday,9,1
First Class,Low,Corporate,Africa,Office Supplies,18,0.21,721.84,5,Thursday,11,0
Standard Class,Medium,Consumer,Africa,Office Supplies,17,0.3,183.52,1,Sunday,12,1
Standard Class,Medium,Corporate,LATAM,Electronics,17,0.26,1159.22,7,Tuesday,9,1
Standard Class,Medium,Consumer,Pacific Asia,Office Supplies,14,0.27,140.55,3,Sunday,11,1
Standard Class,Low,Corporate,LATAM,Office Supplies,13,0.21,882.1,5,Thursday,6,0
Standard Class,High,Home Office,LATAM,Electronics,19,0.25,79.04,3,Friday,1,0
Standard Class,High,Consumer,Africa,Grocery,6,0.22,132.14,1,Wednesday,12,1
Standard Class,Low,Consumer,USCA,Furniture,12,0.26,751.77,4,Saturday,6,0
Same Day,Low,Corporate,Pacific Asia,Office Supplies,13,0.2,548.45,1,Saturday,3,0
Standard Class,Low,Consumer,Pacific Asia,Electronics,3,0.09,14.34,6,Sunday,12,0
Standard Class,High,Home Office,Africa,Furniture,16,0.28,478.46,1,Sunday,5,1
Standard Class,Medium,Consumer,Africa,Furniture,10,0.15,307.61,2,Thursday,8,1
Second Class,High,Consumer,Europe,Apparel,10,0.05,1047.19,7,Monday,4,0
Standard Class,Low,Consumer,Africa,Furniture,18,0.34,852.62,6,Monday,7,1
First Class,Medium,Consumer,LATAM,Office Supplies,3,0.07,887.62,3,Friday,8,0
Standard Class,Low,Corporate,Africa,Grocery,13,0.22,1141.63,7,Friday,2,1
Standard Class,Low,Consumer,Pacific Asia,Office Supplies,16,0.29,854.73,2,Thursday,4,1
Second Class,Medium,Home Office,USCA,Apparel,4,0.26,201.08,7,Sunday,5,0
Standard Class,Low,Corporate,USCA,Furniture,11,0.06,1125.4,7,Wednesday,6,0
Standard Class,Medium,Consumer,LATAM,Apparel,17,0.08,144.6,5,Thursday,8,0
Standard Class,Medium,Corporate,USCA,Office Supplies,1,0.06,239.2,5,Sunday,1,0
Second Class,High,Corporate,Africa,Office Supplies,12,0.03,349.32,1,Wednesday,7,1
Standard Class,Low,Corporate,USCA,Office Supplies,3,0.11,218.37,7,Wednesday,7,0
Standard Class,High,Corporate,Africa,Grocery,19,0.21,31.8,6,Tuesday,1,1
Same Day,Critical,Consumer,Europe,Office Supplies,9,0.07,556.4,2,Saturday,5,1
Standard Class,High,Corporate,Pacific Asia,Office Supplies,19,0.39,828.68,7,Thursday,12,1
First Class,High,Consumer,LATAM,Furniture,19,0.28,511.26,2,Tuesday,5,1
First Class,High,Consumer,Europe,Grocery,18,0.23,289.38,4,Tuesday,1,0
Standard Class,Medium,Home Office,USCA,Furniture,11,0.27,1060.66,4,Friday,12,0
Standard Class,Low,Consumer,LATAM,Apparel,1,0.17,472.08,7,Tuesday,8,0
Standard Class,Medium,Corporate,Africa,Electronics,12,0.19,1008.27,1,Thursday,6,1
Second Class,Medium,Consumer,Europe,Furniture,11,0.36,222.41,7,Wednesday,9,0
Second Class,Critical,Consumer,Pacific Asia,Grocery,10,0.29,406.72,6,Sunday,12,0
First Class,Medium,Consumer,Pacific Asia,Furniture,11,0.24,966.18,6,Tuesday,12,0
Same Day,Low,Corporate,Europe,Electronics,8,0.38,46.23,5,Sunday,11,0
Second Class,Medium,Consumer,Europe,Furniture,17,0.27,1105.38,4,Friday,6,0
Standard Class,Critical,Consumer,Europe,Electronics,6,0.16,481.9,2,Monday,6,1
Standard Class,Low,Home Office,USCA,Grocery,7,0.02,1173.8,7,Tuesday,1,0
First Class,Low,Consumer,Pacific Asia,Furniture,5,0.16,844.62,2,Saturday,10,0
Standard Class,Medium,Consumer,Pacific Asia,Grocery,4,0.37,1139.78,1,Tuesday,5,1
Standard Class,Low,Home Office,USCA,Grocery,7,0.02,88.79,7,Wednesday,9,0
Second Class,Low,Home Office,LATAM,Apparel,16,0.07,869.2,3,Wednesday,4,0
Standard Class,Low,Consumer,Pacific Asia,Apparel,4,0.32,1051.8,3,Friday,8,0
Same Day,High,Home Office,LATAM,Furniture,3,0.15,1185.2,5,Thursday,8,0
Second Class,Low,Consumer,LATAM,Furniture,14,0.07,49.75,6,Friday,5,0
Standard Class,Medium,Consumer,LATAM,Grocery,4,0.33,108.94,6,Sunday,4,0
Same Day,High,Home Office,Pacific Asia,Apparel,9,0.22,880.7,1,Friday,2,0
Standard Class,Critical,Home Office,Africa,Furniture,11,0.22,56.32,7,Monday,4,1
Standard Class,Critical,Consumer,LATAM,Furniture,1,0.12,23.53,4,Thursday,8,1
Standard Class,Medium,Consumer,Africa,Furniture,9,0.27,658.64,5,Monday,6,1
Standard Class,Critical,Consumer,USCA,Apparel,8,0.34,640.06,4,Wednesday,2,1
Standard Class,Low,Consumer,Africa,Furniture,15,0.3,740.07,6,Wednesday,5,1
Standard Class,Medium,Corporate,Africa,Grocery,8,0.24,26.76,1,Wednesday,7,1
Standard Class,Medium,Corporate,Europe,Furniture,7,0.14,608.92,5,Tuesday,9,0
Standard Class,Low,Consumer,LATAM,Office Supplies,14,0.34,351.15,6,Friday,10,1
First Class,Medium,Corporate,Pacific Asia,Electronics,18,0.23,909.71,6,Tuesday,8,0
First Class,Low,Home Office,Europe,Grocery,3,0.36,424.36,7,Saturday,12,0
Standard Class,High,Consumer,Africa,Furniture,15,0.1,434.35,5,Sunday,9,1
Standard Class,Low,Corporate,USCA,Office Supplies,6,0.26,788.54,4,Monday,6,0
Standard Class,Medium,Home Office,Pacific Asia,Apparel,15,0.37,796.19,3,Tuesday,4,1
Standard Class,Low,Consumer,USCA,Grocery,14,0.15,79.38,3,Thursday,8,0
First Class,Low,Home Office,Africa,Grocery,11,0.38,754.95,4,Wednesday,10,0
Second Class,Critical,Corporate,USCA,Furniture,8,0.16,792.84,2,Thursday,2,1
Standard Class,High,Consumer,Europe,Apparel,8,0.18,554.45,2,Tuesday,6,1
Standard Class,Critical,Consumer,USCA,Furniture,5,0.32,995.16,5,Sunday,7,1
Standard Class,Low,Corporate,Europe,Office Supplies,16,0.1,20.83,4,Wednesday,8,0
Second Class,Low,Corporate,LATAM,Electronics,7,0.28,1162.37,3,Tuesday,8,0
Standard Class,Medium,Corporate,Pacific Asia,Apparel,1,0.12,457.47,1,Wednesday,7,1
Same Day,Medium,Consumer,USCA,Electronics,5,0.24,718.88,2,Thursday,3,0
First Class,Low,Corporate,Europe,Office Supplies,3,0.31,50.85,1,Wednesday,2,0
Standard Class,Medium,Consumer,Africa,Grocery,13,0.01,853.59,3,Friday,9,1
Second Class,Low,Consumer,Africa,Office Supplies,17,0.04,657.0,4,Tuesday,9,0
Same Day,Low,Consumer,Europe,Electronics,1,0.37,1152.83,2,Monday,7,0
Second Class,Low,Corporate,Pacific Asia,Apparel,19,0.33,512.81,5,Friday,1,0
Standard Class,Medium,Consumer,LATAM,Furniture,4,0.35,869.03,1,Friday,3,1
Standard Class,Medium,Consumer,LATAM,Electronics,13,0.18,98.33,6,Sunday,9,1
First Class,Medium,Consumer,Pacific Asia,Apparel,19,0.29,86.79,7,Thursday,8,0
Second Class,Medium,Consumer,USCA,Electronics,18,0.4,1139.32,6,Monday,1,0
Second Class,Low,Consumer,Europe,Grocery,11,0.17,311.43,6,Wednesday,4,0
First Class,High,Corporate,LATAM,Grocery,9,0.34,1095.75,2,Sunday,3,0
First Class,High,Corporate,Pacific Asia,Furniture,3,0.03,114.27,3,Sunday,4,0
Same Day,Medium,Corporate,LATAM,Grocery,16,0.22,768.91,2,Sunday,9,0
Standard Class,Low,Consumer,LATAM,Office Supplies,17,0.13,666.38,7,Saturday,7,0
Standard Class,Medium,Consumer,USCA,Furniture,13,0.21,1159.75,2,Friday,9,1
Second Class,Medium,Home Office,LATAM,Electronics,6,0.05,490.78,4,Thursday,10,0
First Class,Critical,Consumer,Europe,Office Supplies,7,0.15,67.6,4,Thursday,11,0
Second Class,Critical,Corporate,Pacific Asia,Apparel,9,0.03,574.15,5,Wednesday,12,0
Standard Class,High,Home Office,USCA,Electronics,5,0.18,990.78,7,Tuesday,8,0
First Class,Low,Corporate,USCA,Grocery,5,0.18,72.43,4,Friday,1,0
Second Class,Critical,Consumer,Pacific Asia,Electronics,15,0.13,53.07,6,Saturday,9,0
Standard Class,Medium,Consumer,Europe,Grocery,4,0.38,987.88,7,Tuesday,8,0
Standard Class,High,Consumer,LATAM,Office Supplies,10,0.03,990.53,3,Thursday,2,0
Standard Class,Medium,Corporate,LATAM,Office Supplies,9,0.33,247.97,5,Thursday,5,0
Standard Class,Low,Corporate,Europe,Office Supplies,7,0.14,792.4,1,Sunday,5,1
Standard Class,Medium,Corporate,Africa,Furniture,15,0.08,86.48,7,Thursday,4,1
Standard Class,Low,Consumer,Pacific Asia,Grocery,19,0.11,921.08,5,Saturday,5,0
Standard Class,Low,Home Office,Europe,Electronics,10,0.36,373.18,4,Thursday,8,0
Second Class,High,Corporate,LATAM,Electronics,7,0.33,284.31,5,Saturday,8,0
Second Class,Low,Consumer,Pacific Asia,Electronics,3,0.01,816.4,7,Thursday,12,0
First Class,Low,Consumer,Pacific Asia,Furniture,3,0.06,1094.75,5,Tuesday,1,0
Standard Class,Low,Corporate,LATAM,Furniture,18,0.27,59.39,7,Thursday,12,1
Standard Class,Medium,Consumer,Europe,Grocery,13,0.13,181.05,2,Wednesday,4,1
First Class,Critical,Consumer,Africa,Furniture,12,0.37,314.32,7,Sunday,6,1
Standard Class,Low,Consumer,Pacific Asia,Office Supplies,17,0.31,1114.08,6,Sunday,4,1
Same Day,Low,Corporate,Pacific Asia,Electronics,17,0.35,1053.82,2,Wednesday,10,1
First Class,High,Consumer,Pacific Asia,Office Supplies,11,0.08,1089.54,2,Saturday,10,0
Standard Class,High,Consumer,Europe,Furniture,17,0.06,460.26,5,Thursday,2,0
Same Day,Low,Home Office,Pacific Asia,Electronics,17,0.37,285.64,4,Monday,7,0
Standard Class,High,Corporate,LATAM,Apparel,19,0.16,238.08,3,Monday,6,0
Standard Class,Medium,Corporate,LATAM,Office Supplies,7,0.17,1059.52,3,Friday,4,0
Second Class,High,Consumer,USCA,Apparel,19,0.27,285.15,1,Saturday,10,1
Standard Class,Medium,Corporate,Pacific Asia,Grocery,2,0.16,641.7,3,Friday,1,0
Same Day,Critical,Corporate,Africa,Office Supplies,10,0.35,404.77,4,Tuesday,6,1
Standard Class,Low,Home Office,USCA,Electronics,6,0.38,603.73,3,Sunday,5,0
Standard Class,Low,Consumer,Pacific Asia,Electronics,16,0.13,421.46,7,Tuesday,11,1
Second Class,Low,Consumer,Pacific Asia,Apparel,8,0.08,358.61,5,Monday,9,0
Second Class,Medium,Consumer,Europe,Electronics,4,0.03,518.51,7,Thursday,6,0
Standard Class,High,Corporate,Europe,Office Supplies,11,0.09,406.18,5,Wednesday,8,0
Standard Class,Medium,Corporate,LATAM,Furniture,18,0.06,1009.23,2,Wednesday,6,1
First Class,Low,Consumer,USCA,Furniture,15,0.01,700.98,1,Sunday,9,0
Standard Class,Medium,Consumer,USCA,Electronics,16,0.02,219.64,3,Monday,7,0
First Class,Medium,Consumer,USCA,Grocery,8,0.2,290.78,5,Tuesday,8,0
Second Class,Critical,Consumer,LATAM,Office Supplies,17,0.28,73.73,6,Sunday,4,1
First Class,Medium,Home Office,Africa,Grocery,2,0.39,366.63,7,Thursday,9,0
Second Class,Medium,Corporate,Africa,Apparel,17,0.06,806.73,3,Saturday,1,0
Standard Class,Medium,Consumer,Africa,Electronics,15,0.28,227.72,2,Saturday,2,1
Second Class,High,Consumer,USCA,Apparel,7,0.22,128.05,1,Saturday,11,0
First Class,Medium,Consumer,Pacific Asia,Grocery,11,0.19,392.01,2,Sunday,3,0
Standard Class,Low,Corporate,USCA,Office Supplies,19,0.29,738.9,3,Saturday,6,1
Same Day,High,Consumer,Pacific Asia,Grocery,6,0.1,572.61,6,Wednesday,12,0
Standard Class,Medium,Home Office,Europe,Furniture,18,0.12,405.31,3,Thursday,8,0
Standard Class,Medium,Corporate,LATAM,Grocery,9,0.15,1060.71,7,Friday,4,0
Standard Class,Critical,Corporate,Africa,Grocery,16,0.07,567.58,2,Saturday,9,1
Same Day,High,Home Office,USCA,Grocery,13,0.19,551.51,6,Thursday,7,0
Standard Class,High,Corporate,USCA,Grocery,8,0.05,47.67,4,Tuesday,8,0
First Class,Critical,Consumer,Europe,Office Supplies,17,0.13,770.82,2,Friday,5,1
First Class,Low,Corporate,Pacific Asia,Electronics,14,0.05,556.62,5,Thursday,8,0
Standard Class,Medium,Corporate,Africa,Office Supplies,9,0.01,182.64,7,Tuesday,10,1
Standard Class,Medium,Consumer,LATAM,Apparel,6,0.14,300.05,4,Thursday,3,0
Second Class,Low,Consumer,Pacific Asia,Furniture,16,0.25,250.81,4,Tuesday,10,0
Standard Class,High,Consumer,Pacific Asia,Electronics,3,0.06,155.3,3,Friday,3,0
First Class,High,Consumer,Africa,Furniture,2,0.4,528.29,7,Saturday,5,0
Standard Class,Medium,Consumer,LATAM,Furniture,8,0.11,442.31,6,Wednesday,4,0
Standard Class,Critical,Home Office,Africa,Electronics,4,0.01,438.55,7,Sunday,10,1
First Class,Low,Corporate,Africa,Electronics,12,0.01,309.32,2,Friday,10,1
Standard Class,Medium,Corporate,USCA,Apparel,1,0.27,529.35,2,Wednesday,9,1
Standard Class,Medium,Corporate,LATAM,Office Supplies,17,0.27,661.55,5,Tuesday,4,1
Standard Class,Low,Corporate,Pacific Asia,Electronics,18,0.36,737.69,3,Monday,2,1
Standard Class,Low,Home Office,Africa,Apparel,17,0.04,271.59,5,Wednesday,1,1
Standard Class,High,Consumer,Europe,Grocery,16,0.15,876.13,4,Tuesday,3,0
First Class,Medium,Corporate,LATAM,Electronics,3,0.36,42.16,6,Sunday,10,0
Standard Class,High,Consumer,Europe,Office Supplies,9,0.32,903.02,3,Saturday,4,0
Standard Class,Medium,Home Office,Pacific Asia,Grocery,12,0.09,346.73,7,Monday,11,0
Second Class,Low,Home Office,LATAM,Grocery,7,0.36,450.3,3,Saturday,6,0
Standard Class,Low,Home Office,USCA,Grocery,6,0.27,701.05,3,Saturday,6,0
Standard Class,Low,Consumer,LATAM,Grocery,11,0.11,736.44,2,Wednesday,7,1
Same Day,Critical,Consumer,Pacific Asia,Furniture,6,0.02,511.17,7,Wednesday,12,0
Second Class,Low,Consumer,USCA,Office Supplies,17,0.2,1126.1,3,Wednesday,8,0
Second Class,Critical,Consumer,Pacific Asia,Apparel,10,0.29,1031.41,7,Thursday,3,0
Second Class,Critical,Consumer,LATAM,Electronics,3,0.11,277.79,5,Thursday,5,0
Standard Class,Critical,Consumer,Pacific Asia,Apparel,19,0.07,710.8,7,Sunday,4,1
Second Class,Medium,Corporate,LATAM,Furniture,3,0.03,867.97,5,Tuesday,11,0
Standard Class,Critical,Consumer,USCA,Grocery,2,0.34,268.16,5,Wednesday,1,1
Standard Class,Low,Home Office,LATAM,Electronics,1,0.02,31.96,4,Sunday,7,0
Standard Class,Low,Consumer,Pacific Asia,Office Supplies,18,0.24,1170.97,4,Saturday,6,0
Standard Class,Low,Consumer,Pacific Asia,Electronics,8,0.31,1150.43,7,Sunday,12,0
Standard Class,High,Corporate,Pacific Asia,Electronics,19,0.31,391.21,4,Saturday,9,1
Same Day,Low,Corporate,Europe,Apparel,5,0.26,294.55,6,Wednesday,3,0
Standard Class,Medium,Consumer,Europe,Grocery,10,0.26,193.99,2,Sunday,9,1
Standard Class,Low,Home Office,Europe,Office Supplies,9,0.19,827.7,7,Tuesday,3,0
Standard Class,Low,Corporate,Africa,Electronics,18,0.17,908.8,6,Tuesday,3,1
Standard Class,Low,Home Office,LATAM,Furniture,19,0.05,510.28,7,Friday,5,0
Second Class,High,Home Office,Europe,Furniture,5,0.21,298.94,3,Tuesday,10,0
Standard Class,Medium,Corporate,Pacific Asia,Grocery,11,0.03,543.98,7,Sunday,4,0
Standard Class,High,Home Office,Pacific Asia,Electronics,1,0.19,624.47,2,Saturday,8,1
Standard Class,Medium,Home Office,Europe,Grocery,12,0.29,656.65,4,Thursday,5,0
Second Class,Critical,Home Office,Europe,Electronics,6,0.18,537.61,2,Tuesday,8,1
Standard Class,Medium,Home Office,Pacific Asia,Office Supplies,12,0.2,14.44,7,Saturday,2,0
Standard Class,Medium,Home Office,Europe,Furniture,12,0.34,571.42,7,Tuesday,10,0
Standard Class,Medium,Consumer,Africa,Apparel,3,0.26,423.25,6,Tuesday,10,1
Standard Class,Medium,Consumer,Africa,Grocery,15,0.05,672.31,3,Tuesday,6,1
Standard Class,High,Home Office,Africa,Office Supplies,11,0.22,92.56,5,Tuesday,8,1
Second Class,Medium,Corporate,USCA,Furniture,10,0.15,1056.24,5,Wednesday,2,0
Second Class,High,Consumer,Africa,Office Supplies,16,0.08,1051.77,4,Saturday,12,0
First Class,High,Consumer,Pacific Asia,Apparel,12,0.26,681.3,2,Tuesday,1,0
Standard Class,Low,Corporate,USCA,Electronics,16,0.15,887.17,5,Monday,8,0
Standard Class,Medium,Consumer,Pacific Asia,Electronics,5,0.31,531.11,2,Wednesday,9,1
Standard Class,Low,Consumer,Pacific Asia,Office Supplies,18,0.23,712.46,5,Sunday,10,0
Same Day,Medium,Consumer,Europe,Office Supplies,10,0.04,745.03,2,Thursday,3,0
Second Class,Medium,Corporate,LATAM,Grocery,6,0.14,431.13,5,Sunday,8,0
Second Class,Critical,Consumer,Africa,Office Supplies,14,0.11,1153.44,2,Thursday,6,1
Standard Class,Low,Corporate,LATAM,Electronics,14,0.06,727.1,1,Wednesday,12,1
Standard Class,Low,Corporate,LATAM,Office Supplies,9,0.32,1188.73,3,Monday,11,0
Standard Class,Low,Corporate,Europe,Furniture,16,0.15,524.52,2,Saturday,2,1
Second Class,Low,Consumer,LATAM,Furniture,13,0.25,48.46,7,Sunday,3,0
Same Day,High,Consumer,Africa,Electronics,14,0.35,369.9,6,Friday,12,0
Same Day,High,Corporate,USCA,Office Supplies,11,0.22,784.44,2,Tuesday,3,0
Standard Class,Medium,Corporate,Pacific Asia,Office Supplies,2,0.1,1093.31,6,Sunday,7,0
Standard Class,High,Consumer,Africa,Office Supplies,19,0.32,742.05,7,Saturday,7,1
Same Day,Low,Consumer,Europe,Furniture,12,0.17,571.4,6,Monday,12,0
Second Class,Low,Home Office,USCA,Electronics,17,0.23,106.08,4,Sunday,3,0
Standard Class,Low,Home Office,Europe,Grocery,9,0.36,182.26,2,Saturday,1,1
Standard Class,High,Consumer,Africa,Furniture,11,0.2,73.63,2,Tuesday,11,1
Standard Class,Medium,Consumer,Pacific Asia,Electronics,12,0.13,856.31,4,Friday,10,0
Standard Class,Medium,Consumer,LATAM,Electronics,3,0.29,999.0,1,Saturday,8,1
Standard Class,Low,Consumer,LATAM,Grocery,17,0.05,205.68,7,Friday,12,0
Second Class,Low,Consumer,Europe,Apparel,6,0.37,397.03,2,Saturday,5,0
Standard Class,Critical,Consumer,USCA,Grocery,4,0.37,580.14,7,Tuesday,10,1
Standard Class,Low,Corporate,Pacific Asia,Grocery,13,0.23,179.92,4,Thursday,10,1
Standard Class,High,Consumer,Europe,Electronics,17,0.06,505.27,3,Saturday,5,1
First Class,Low,Home Office,Pacific Asia,Apparel,10,0.18,1160.53,5,Tuesday,11,0
Second Class,Low,Corporate,Europe,Apparel,18,0.17,865.79,3,Sunday,3,0
Standard Class,Medium,Corporate,USCA,Office Supplies,14,0.12,208.65,1,Friday,9,1
Same Day,Low,Home Office,Africa,Grocery,16,0.07,127.59,3,Wednesday,8,0
Same Day,Medium,Corporate,LATAM,Grocery,19,0.11,539.73,5,Friday,2,0
Standard Class,Medium,Home Office,Pacific Asia,Apparel,15,0.22,1185.66,1,Wednesday,7,1
Standard Class,Medium,Consumer,Pacific Asia,Apparel,13,0.27,954.01,3,Friday,9,1
Second Class,High,Consumer,USCA,Apparel,2,0.39,358.82,3,Saturday,4,0
First Class,Medium,Corporate,Pacific Asia,Electronics,9,0.09,41.27,2,Tuesday,1,0
Same Day,Low,Corporate,Africa,Electronics,13,0.08,499.43,1,Thursday,3,1
First Class,Medium,Consumer,Africa,Electronics,12,0.05,201.04,3,Thursday,7,0
Second Class,Medium,Corporate,USCA,Grocery,1,0.38,224.53,6,Sunday,6,0
Standard Class,Low,Consumer,Europe,Apparel,13,0.15,203.13,7,Thursday,8,1
Standard Class,High,Corporate,Europe,Electronics,8,0.37,866.33,5,Saturday,8,0
Standard Class,Medium,Consumer,Pacific Asia,Office Supplies,4,0.36,52.65,6,Monday,3,0
Standard Class,High,Corporate,Pacific Asia,Apparel,11,0.02,682.03,3,Tuesday,11,0
Second Class,High,Consumer,USCA,Apparel,6,0.11,905.5,2,Wednesday,7,0
Second Class,Medium,Home Office,Africa,Apparel,13,0.12,196.13,7,Sunday,4,0
Second Class,Medium,Consumer,USCA,Electronics,5,0.11,1072.59,7,Tuesday,4,0
Standard Class,Medium,Home Office,Europe,Furniture,13,0.17,102.98,5,Monday,2,0
Second Class,Medium,Consumer,Africa,Office Supplies,17,0.2,822.42,4,Wednesday,4,0
Standard Class,High,Corporate,Pacific Asia,Office Supplies,19,0.3,214.64,2,Wednesday,3,1
Standard Class,High,Consumer,Europe,Furniture,19,0.11,969.18,7,Sunday,9,0
First Class,Low,Home Office,LATAM,Office Supplies,1,0.12,689.96,3,Saturday,3,0
Second Class,Medium,Corporate,Europe,Electronics,4,0.24,711.15,6,Wednesday,10,0
Same Day,Critical,Home Office,Africa,Apparel,2,0.07,421.77,2,Saturday,5,1
Standard Class,Medium,Consumer,Africa,Furniture,12,0.19,347.08,2,Sunday,11,1
Standard Class,High,Home Office,USCA,Apparel,1,0.1,561.35,6,Saturday,10,0
Standard Class,High,Consumer,Africa,Office Supplies,12,0.08,911.68,5,Wednesday,9,1
Standard Class,Low,Consumer,LATAM,Grocery,13,0.32,210.18,1,Saturday,3,1
First Class,Low,Consumer,LATAM,Office Supplies,6,0.28,981.36,4,Sunday,7,0
Second Class,Medium,Consumer,Africa,Office Supplies,7,0.1,581.01,4,Friday,11,0
First Class,Medium,Corporate,Pacific Asia,Furniture,5,0.17,548.13,1,Tuesday,10,0
Standard Class,Medium,Consumer,Africa,Apparel,9,0.06,29.75,2,Sunday,9,1
First Class,Medium,Consumer,Pacific Asia,Furniture,13,0.02,157.79,4,Saturday,10,0
Standard Class,High,Corporate,Africa,Electronics,14,0.23,524.05,5,Friday,5,1
First Class,Low,Home Office,Europe,Apparel,8,0.15,1177.75,3,Monday,9,0
Standard Class,Low,Corporate,Africa,Electronics,16,0.08,307.68,5,Wednesday,2,1
Standard Class,Low,Corporate,Europe,Electronics,14,0.05,22.2,7,Wednesday,1,0
Standard Class,Medium,Corporate,Pacific Asia,Furniture,18,0.27,528.66,7,Monday,10,1
Same Day,Low,Corporate,Africa,Office Supplies,10,0.11,28.99,5,Wednesday,1,0
Standard Class,Medium,Home Office,Pacific Asia,Grocery,19,0.36,410.1,3,Friday,7,1
Standard Class,Low,Corporate,LATAM,Office Supplies,16,0.08,431.33,3,Thursday,4,0
First Class,Medium,Consumer,USCA,Office Supplies,9,0.1,12.8,5,Tuesday,11,0
Standard Class,Low,Home Office,Pacific Asia,Apparel,1,0.34,937.69,4,Friday,9,0
Standard Class,Medium,Home Office,Europe,Furniture,9,0.23,1096.29,4,Thursday,3,0
Standard Class,Medium,Consumer,USCA,Apparel,14,0.04,1198.52,7,Saturday,7,1
Standard Class,Low,Corporate,Africa,Grocery,7,0.22,615.45,5,Sunday,6,1
Same Day,High,Corporate,Europe,Furniture,11,0.12,374.88,6,Monday,4,0
First Class,Low,Corporate,USCA,Office Supplies,7,0.29,863.79,6,Sunday,8,0
Standard Class,Medium,Consumer,USCA,Electronics,10,0.03,886.39,7,Saturday,5,0
Same Day,High,Corporate,Pacific Asia,Office Supplies,19,0.37,461.23,7,Monday,2,0
Standard Class,Medium,Consumer,Africa,Office Supplies,2,0.19,683.05,3,Monday,7,1
Standard Class,High,Consumer,Africa,Furniture,2,0.29,987.91,5,Wednesday,12,1
Standard Class,Low,Home Office,Africa,Office Supplies,16,0.28,235.12,2,Wednesday,8,1
Standard Class,Medium,Corporate,Pacific Asia,Grocery,12,0.07,34.36,2,Saturday,5,1
Standard Class,Medium,Home Office,Pacific Asia,Office Supplies,8,0.35,652.24,2,Thursday,10,1
Same Day,Low,Home Office,Africa,Electronics,10,0.09,800.63,2,Thursday,3,1
First Class,Medium,Corporate,USCA,Furniture,15,0.08,694.22,3,Wednesday,11,0
Standard Class,Low,Home Office,Africa,Grocery,16,0.21,719.53,2,Wednesday,1,1
Second Class,Medium,Consumer,Pacific Asia,Furniture,4,0.39,477.78,2,Friday,5,0
Second Class,High,Corporate,Africa,Electronics,5,0.13,785.28,7,Monday,12,0
Same Day,Low,Corporate,Pacific Asia,Apparel,17,0.39,60.95,3,Wednesday,2,0
First Class,Low,Corporate,Africa,Grocery,10,0.17,189.91,1,Thursday,12,0
Standard Class,Medium,Consumer,USCA,Electronics,4,0.33,539.32,4,Wednesday,8,0
First Class,Medium,Consumer,USCA,Apparel,1,0.21,1132.16,4,Monday,7,0
Second Class,High,Consumer,Pacific Asia,Electronics,1,0.08,776.95,7,Monday,3,0
Second Class,Medium,Corporate,Pacific Asia,Apparel,7,0.35,432.78,2,Thursday,8,0
Standard Class,Low,Home Office,Europe,Apparel,3,0.03,554.97,2,Tuesday,4,1
Standard Class,Medium,Home Office,LATAM,Furniture,16,0.27,1016.3,2,Thursday,8,1
Standard Class,High,Consumer,Europe,Office Supplies,16,0.33,655.54,1,Wednesday,6,1
Standard Class,Medium,Consumer,Pacific Asia,Office Supplies,15,0.33,66.96,5,Tuesday,3,1
Standard Class,Medium,Consumer,Pacific Asia,Electronics,11,0.26,506.07,1,Wednesday,10,1
Second Class,Low,Consumer,Africa,Apparel,18,0.1,471.76,3,Saturday,6,0
Standard Class,Low,Home Office,Europe,Office Supplies,8,0.21,1080.87,4,Thursday,3,0
Second Class,Low,Home Office,LATAM,Electronics,6,0.25,373.44,2,Saturday,10,0
Standard Class,Medium,Consumer,Europe,Electronics,18,0.36,86.98,4,Monday,9,1
Same Day,High,Consumer,USCA,Grocery,8,0.06,432.24,1,Monday,7,0
Standard Class,Medium,Consumer,USCA,Furniture,17,0.19,62.24,2,Wednesday,11,1
Standard Class,Low,Consumer,Europe,Furniture,5,0.13,1000.43,4,Friday,12,0
Second Class,Low,Home Office,Europe,Apparel,3,0.17,712.35,5,Wednesday,7,0
First Class,Low,Corporate,Pacific Asia,Office Supplies,19,0.07,568.56,7,Tuesday,12,0
Same Day,Medium,Corporate,Africa,Apparel,7,0.09,438.22,3,Wednesday,12,0
Standard Class,Medium,Corporate,USCA,Office Supplies,12,0.31,507.01,2,Thursday,11,1
Standard Class,Low,Consumer,LATAM,Office Supplies,1,0.19,947.53,2,Sunday,9,1
Same Day,Medium,Consumer,Africa,Office Supplies,3,0.21,224.22,5,Saturday,2,0
Standard Class,Low,Consumer,Europe,Office Supplies,10,0.36,95.01,6,Monday,9,0
Second Class,Low,Corporate,USCA,Office Supplies,6,0.1,678.45,2,Tuesday,9,0
Standard Class,Low,Home Office,Europe,Grocery,16,0.13,1032.1,4,Thursday,1,0
Standard Class,Low,Corporate,USCA,Grocery,14,0.12,679.06,2,Wednesday,3,1
Standard Class,Low,Consumer,LATAM,Office Supplies,8,0.26,957.42,6,Wednesday,12,0
Standard Class,Low,Corporate,Africa,Electronics,6,0.22,1072.38,6,Monday,8,1
Second Class,High,Consumer,LATAM,Electronics,11,0.19,101.5,2,Tuesday,5,0
Same Day,Medium,Consumer,LATAM,Furniture,4,0.27,711.12,7,Wednesday,12,0
Standard Class,Medium,Consumer,Africa,Office Supplies,8,0.19,1000.98,5,Thursday,1,1
First Class,High,Consumer,Africa,Electronics,5,0.33,775.81,7,Friday,8,0
Standard Class,Low,Home Office,LATAM,Furniture,10,0.16,713.93,6,Wednesday,2,0
Standard Class,High,Corporate,Europe,Electronics,12,0.36,947.81,2,Monday,5,1
Standard Class,Low,Consumer,Africa,Furniture,17,0.05,851.64,2,Saturday,10,1
Same Day,Medium,Consumer,LATAM,Apparel,11,0.04,606.93,2,Tuesday,11,0
First Class,Medium,Consumer,LATAM,Electronics,12,0.26,62.4,5,Friday,2,0
Second Class,Low,Consumer,LATAM,Office Supplies,12,0.16,739.87,5,Friday,10,0
First Class,Critical,Consumer,Europe,Office Supplies,17,0.18,263.68,6,Monday,11,0
Second Class,Low,Corporate,Pacific Asia,Grocery,5,0.28,312.36,4,Thursday,5,0
Same Day,Low,Consumer,Pacific Asia,Apparel,17,0.09,818.66,5,Saturday,11,0
Second Class,Low,Home Office,Africa,Apparel,5,0.02,549.18,7,Sunday,5,0
Same Day,Low,Consumer,Pacific Asia,Electronics,13,0.18,862.97,5,Sunday,12,0
Standard Class,Low,Consumer,USCA,Furniture,14,0.36,477.14,6,Friday,9,1
Standard Class,Low,Consumer,Africa,Grocery,8,0.18,1045.34,2,Saturday,3,1
Standard Class,Low,Corporate,Africa,Apparel,14,0.23,518.21,4,Monday,3,1
Standard Class,High,Corporate,LATAM,Apparel,6,0.08,597.65,2,Sunday,12,1
Second Class,Low,Consumer,USCA,Office Supplies,7,0.19,160.26,4,Tuesday,1,0
Standard Class,Low,Home Office,Pacific Asia,Office Supplies,10,0.19,609.24,3,Wednesday,9,0
Second Class,Medium,Consumer,Africa,Furniture,17,0.09,295.36,2,Friday,6,1
Standard Class,Critical,Home Office,USCA,Electronics,6,0.07,917.95,4,Friday,9,1
Standard Class,Low,Consumer,Europe,Furniture,3,0.14,859.71,6,Tuesday,4,0
Standard Class,Low,Corporate,Europe,Electronics,19,0.02,28.85,3,Tuesday,5,0
Same Day,Critical,Corporate,LATAM,Grocery,19,0.07,597.64,7,Tuesday,5,0
Standard Class,Low,Corporate,USCA,Apparel,3,0.29,64.02,3,Friday,9,0
Standard Class,Medium,Consumer,Africa,Furniture,3,0.26,687.44,7,Monday,12,1
Second Class,Low,Consumer,Europe,Electronics,5,0.13,1082.95,1,Friday,9,0
Second Class,High,Corporate,Europe,Grocery,6,0.22,1041.93,1,Saturday,4,0
Standard Class,Critical,Home Office,Pacific Asia,Furniture,6,0.33,300.14,1,Wednesday,7,1
Standard Class,High,Corporate,Pacific Asia,Apparel,13,0.34,176.74,3,Sunday,10,1
Standard Class,Low,Consumer,USCA,Grocery,19,0.26,951.37,7,Saturday,11,1
Same Day,Medium,Consumer,Pacific Asia,Office Supplies,5,0.05,659.96,4,Monday,6,0
Standard Class,Low,Corporate,USCA,Apparel,1,0.07,514.36,7,Thursday,4,0
Standard Class,High,Consumer,Africa,Office Supplies,17,0.12,974.49,6,Sunday,10,1
Standard Class,High,Consumer,Africa,Grocery,2,0.27,310.49,6,Thursday,3,1
Standard Class,Medium,Corporate,Africa,Grocery,12,0.1,277.28,4,Thursday,1,1
First Class,Medium,Consumer,Pacific Asia,Office Supplies,18,0.19,738.2,6,Sunday,4,0
Standard Class,Low,Consumer,Pacific Asia,Electronics,7,0.33,334.38,5,Monday,8,0
Standard Class,Medium,Consumer,LATAM,Grocery,5,0.36,517.88,2,Thursday,12,1
Standard Class,Medium,Corporate,Europe,Furniture,19,0.34,551.23,3,Sunday,4,1
Standard Class,Low,Consumer,Africa,Furniture,16,0.05,253.98,5,Thursday,3,1
Standard Class,Low,Home Office,Pacific Asia,Grocery,12,0.36,83.4,3,Monday,7,0
First Class,Low,Consumer,Europe,Office Supplies,19,0.27,922.35,1,Sunday,1,1
First Class,High,Consumer,Africa,Office Supplies,19,0.25,942.47,6,Tuesday,8,0
Same Day,High,Corporate,Africa,Apparel,15,0.1,722.06,3,Friday,1,0
First Class,Critical,Corporate,Europe,Office Supplies,9,0.37,186.85,7,Tuesday,9,0
Second Class,Medium,Consumer,Europe,Electronics,8,0.01,576.69,1,Thursday,1,0
Standard Class,Medium,Consumer,Pacific Asia,Electronics,19,0.03,221.7,1,Sunday,1,1
First Class,Low,Consumer,Europe,Furniture,7,0.06,1058.72,6,Thursday,2,0
First Class,Critical,Corporate,Europe,Grocery,19,0.28,839.77,7,Sunday,8,1
First Class,Medium,Consumer,Pacific Asia,Furniture,12,0.25,47.34,4,Thursday,1,0
Standard Class,Medium,Corporate,Africa,Grocery,3,0.38,11.98,1,Monday,10,1
Standard Class,Medium,Corporate,Europe,Furniture,4,0.14,1180.68,5,Thursday,11,0
First Class,High,Corporate,LATAM,Grocery,2,0.14,57.42,2,Wednesday,7,0
Second Class,Low,Corporate,USCA,Grocery,7,0.27,1040.37,7,Friday,7,0
Same Day,Low,Corporate,Europe,Furniture,3,0.07,1147.42,4,Sunday,2,0
Standard Class,Medium,Consumer,Europe,Apparel,1,0.19,376.64,4,Monday,8,0
Standard Class,High,Consumer,USCA,Electronics,12,0.01,652.76,6,Monday,12,0
Standard Class,Medium,Consumer,LATAM,Office Supplies,19,0.24,780.42,4,Wednesday,10,0
First Class,Medium,Corporate,Africa,Electronics,17,0.31,629.31,2,Wednesday,8,1
Standard Class,Low,Corporate,LATAM,Office Supplies,18,0.08,264.07,7,Friday,1,0
Standard Class,Medium,Consumer,USCA,Grocery,3,0.12,701.67,7,Tuesday,11,0
Same Day,Medium,Home Office,Europe,Furniture,13,0.05,317.82,6,Sunday,2,0
Standard Class,Medium,Corporate,Africa,Furniture,5,0.25,206.38,3,Saturday,7,1
First Class,Low,Consumer,LATAM,Office Supplies,19,0.23,611.57,4,Thursday,6,0
Standard Class,High,Consumer,LATAM,Furniture,19,0.33,452.68,1,Thursday,6,1
First Class,Medium,Consumer,Africa,Furniture,8,0.39,42.62,3,Thursday,1,0
Second Class,High,Corporate,LATAM,Furniture,16,0.39,1140.12,4,Monday,9,0
Same Day,Low,Consumer,USCA,Electronics,5,0.04,57.07,7,Tuesday,2,0
Same Day,Low,Consumer,Africa,Furniture,4,0.22,1084.52,4,Tuesday,11,0
Standard Class,High,Home Office,USCA,Apparel,16,0.32,235.79,5,Monday,1,1
Standard Class,Low,Corporate,Africa,Office Supplies,14,0.26,178.82,5,Thursday,11,1
Standard Class,Medium,Corporate,USCA,Electronics,13,0.36,92.31,5,Tuesday,1,1
Second Class,Medium,Corporate,Europe,Electronics,8,0.18,516.59,6,Saturday,3,0
First Class,High,Consumer,Europe,Grocery,18,0.17,708.37,4,Tuesday,7,0
Standard Class,Low,Home Office,LATAM,Grocery,5,0.01,1085.44,7,Tuesday,10,0
Second Class,Low,Home Office,Africa,Furniture,6,0.01,942.66,4,Saturday,4,0
Standard Class,High,Corporate,Africa,Electronics,6,0.28,199.95,5,Monday,5,1
First Class,Medium,Consumer,USCA,Electronics,17,0.19,209.59,1,Monday,5,0
Same Day,Low,Consumer,LATAM,Furniture,16,0.26,19.71,5,Monday,5,0
Standard Class,Low,Consumer,LATAM,Office Supplies,5,0.1,828.51,4,Tuesday,7,0
Standard Class,Critical,Corporate,Africa,Electronics,3,0.35,30.8,4,Tuesday,5,1
Standard Class,Low,Consumer,Europe,Grocery,1,0.36,174.87,2,Saturday,6,1
Second Class,Medium,Corporate,Africa,Furniture,5,0.26,765.11,1,Monday,6,1
Standard Class,Medium,Corporate,Africa,Electronics,3,0.11,188.82,3,Thursday,7,1
Standard Class,High,Consumer,Pacific Asia,Grocery,16,0.09,192.33,1,Friday,1,1
Standard Class,High,Corporate,USCA,Apparel,16,0.25,288.46,5,Sunday,3,0
Standard Class,Medium,Consumer,USCA,Electronics,4,0.38,468.46,6,Monday,11,0
Standard Class,Low,Home Office,Pacific Asia,Furniture,3,0.23,19.36,5,Friday,5,0
Second Class,High,Consumer,LATAM,Grocery,12,0.34,897.81,1,Saturday,3,0
Standard Class,Medium,Consumer,USCA,Electronics,17,0.23,930.85,6,Thursday,6,0
First Class,High,Consumer,LATAM,Grocery,12,0.27,446.43,2,Wednesday,3,0
Second Class,Medium,Home Office,Europe,Furniture,10,0.23,959.77,2,Wednesday,3,0
Standard Class,Medium,Corporate,LATAM,Electronics,2,0.23,348.88,3,Wednesday,10,0
Standard Class,Low,Consumer,USCA,Furniture,10,0.3,1182.98,5,Sunday,7,0
First Class,Medium,Consumer,LATAM,Office Supplies,2,0.16,483.3,4,Wednesday,2,0
Same Day,Low,Corporate,Europe,Electronics,17,0.36,805.89,3,Wednesday,9,0
Standard Class,Low,Consumer,Pacific Asia,Electronics,5,0.35,393.71,1,Tuesday,7,1
Standard Class,Low,Home Office,USCA,Grocery,2,0.29,546.49,2,Tuesday,12,1
Standard Class,Low,Home Office,Europe,Electronics,14,0.3,777.65,3,Saturday,10,1
Second Class,Low,Corporate,Africa,Office Supplies,10,0.17,423.55,6,Friday,2,0
Standard Class,Low,Home Office,Pacific Asia,Grocery,15,0.33,791.34,4,Friday,4,1
Standard Class,High,Consumer,Pacific Asia,Grocery,5,0.37,183.76,2,Friday,1,1
Second Class,Low,Consumer,USCA,Apparel,14,0.32,585.67,6,Sunday,6,0
Second Class,Medium,Consumer,Europe,Electronics,18,0.05,334.7,4,Wednesday,9,0
Standard Class,Low,Consumer,Africa,Apparel,13,0.31,1104.83,4,Tuesday,2,1
Standard Class,Medium,Home Office,Europe,Office Supplies,13,0.19,991.4,2,Friday,2,1
Second Class,Medium,Consumer,LATAM,Electronics,3,0.24,590.03,4,Saturday,5,0
Standard Class,Critical,Home Office,USCA,Apparel,4,0.4,549.96,3,Friday,6,1
Standard Class,High,Corporate,LATAM,Apparel,5,0.14,1002.45,2,Saturday,12,1
First Class,Medium,Consumer,LATAM,Grocery,10,0.14,831.64,2,Thursday,6,0
Standard Class,High,Consumer,Pacific Asia,Apparel,2,0.11,823.15,2,Monday,11,1
Second Class,Low,Consumer,Pacific Asia,Apparel,9,0.05,662.42,5,Thursday,3,0
Same Day,Medium,Consumer,LATAM,Electronics,9,0.07,1036.21,5,Wednesday,12,0
Standard Class,Low,Consumer,Europe,Electronics,10,0.21,235.5,7,Friday,8,0
Standard Class,Low,Consumer,USCA,Grocery,12,0.36,1035.64,2,Saturday,11,1
Second Class,Low,Corporate,USCA,Electronics,15,0.32,629.68,6,Friday,11,0
First Class,Medium,Corporate,Europe,Office Supplies,3,0.07,749.38,3,Sunday,3,0
Same Day,Medium,Consumer,LATAM,Grocery,9,0.22,1155.28,4,Friday,2,0
Second Class,High,Consumer,USCA,Office Supplies,7,0.34,515.16,3,Saturday,11,0
Standard Class,Medium,Home Office,Pacific Asia,Electronics,16,0.22,804.96,5,Friday,3,0
Second Class,Low,Consumer,Africa,Electronics,4,0.36,631.33,4,Wednesday,5,0
Standard Class,Medium,Consumer,Pacific Asia,Grocery,14,0.36,1118.61,5,Friday,7,1
Standard Class,High,Corporate,Europe,Apparel,5,0.14,590.3,7,Thursday,8,0
Standard Class,High,Home Office,Africa,Furniture,16,0.35,314.8,6,Monday,12,1
Standard Class,Medium,Home Office,USCA,Furniture,14,0.23,584.45,4,Saturday,8,0
First Class,High,Consumer,USCA,Electronics,13,0.19,1100.94,2,Wednesday,9,0
Standard Class,High,Corporate,Africa,Office Supplies,14,0.31,605.85,2,Wednesday,11,1
Standard Class,Low,Consumer,USCA,Grocery,5,0.32,183.91,2,Thursday,3,1
Standard Class,Low,Home Office,Africa,Apparel,19,0.27,654.51,4,Thursday,8,1
First Class,Low,Consumer,LATAM,Electronics,17,0.32,471.24,1,Friday,10,1
Second Class,Low,Consumer,Europe,Office Supplies,1,0.38,783.23,2,Thursday,3,0
Standard Class,Medium,Home Office,Pacific Asia,Electronics,19,0.35,297.21,3,Tuesday,8,1
Standard Class,Critical,Home Office,Africa,Furniture,11,0.03,393.53,2,Saturday,11,1
Standard Class,Medium,Corporate,Africa,Electronics,10,0.34,624.72,5,Sunday,4,1
Same Day,Medium,Consumer,LATAM,Office Supplies,4,0.31,150.75,2,Saturday,2,0
Second Class,Medium,Consumer,Pacific Asia,Furniture,17,0.37,260.5,2,Tuesday,7,1
Standard Class,Low,Home Office,LATAM,Electronics,17,0.3,963.6,1,Monday,5,1
Second Class,Low,Corporate,LATAM,Furniture,16,0.35,1127.67,1,Wednesday,1,1
Standard Class,Medium,Consumer,Europe,Grocery,19,0.0,1163.75,5,Wednesday,5,0
First Class,Medium,Consumer,USCA,Office Supplies,14,0.39,1125.34,6,Tuesday,12,0
Standard Class,Critical,Home Office,Pacific Asia,Office Supplies,16,0.08,1131.0,3,Saturday,1,1
Standard Class,Low,Corporate,LATAM,Grocery,2,0.35,987.1,3,Sunday,7,0
Standard Class,High,Corporate,USCA,Office Supplies,8,0.37,885.38,4,Monday,9,0
Standard Class,Low,Consumer,USCA,Office Supplies,6,0.0,285.89,1,Tuesday,10,1
Same Day,Medium,Corporate,USCA,Electronics,10,0.37,535.66,7,Monday,10,0
Standard Class,Medium,Home Office,USCA,Apparel,2,0.33,483.58,5,Monday,5,0
First Class,Low,Consumer,Europe,Electronics,19,0.37,879.11,7,Tuesday,3,0
First Class,Low,Corporate,Europe,Grocery,4,0.07,575.71,2,Friday,3,0
Standard Class,Low,Consumer,LATAM,Grocery,6,0.31,438.61,3,Wednesday,8,0
Standard Class,Low,Consumer,USCA,Apparel,13,0.19,978.75,4,Sunday,12,0
Standard Class,Medium,Corporate,LATAM,Electronics,1,0.1,902.39,4,Tuesday,11,0
Second Class,Low,Home Office,Africa,Electronics,5,0.3,448.89,7,Tuesday,9,0
Standard Class,Medium,Corporate,Europe,Electronics,7,0.19,508.99,2,Tuesday,8,1
Standard Class,Low,Consumer,Europe,Furniture,14,0.36,1072.89,4,Sunday,8,1
Standard Class,High,Consumer,Pacific Asia,Furniture,19,0.28,881.89,7,Friday,2,1
Second Class,High,Home Office,Africa,Electronics,11,0.06,831.08,1,Tuesday,1,1
Standard Class,High,Consumer,Europe,Furniture,18,0.1,856.93,5,Tuesday,12,0
Standard Class,Medium,Home Office,USCA,Electronics,18,0.11,131.74,7,Tuesday,9,1
Standard Class,Low,Consumer,USCA,Grocery,6,0.14,680.57,1,Tuesday,8,1
Standard Class,High,Home Office,USCA,Electronics,6,0.27,356.29,5,Tuesday,1,0
First Class,Low,Home Office,LATAM,Furniture,7,0.36,110.95,6,Monday,8,0
Standard Class,Low,Consumer,Europe,Apparel,17,0.24,879.97,2,Sunday,11,1
First Class,Low,Corporate,LATAM,Grocery,19,0.3,372.16,1,Friday,2,1
Second Class,Medium,Consumer,Europe,Office Supplies,5,0.13,378.97,7,Sunday,8,0
Second Class,Medium,Consumer,Pacific Asia,Apparel,7,0.21,771.43,2,Tuesday,10,0
Second Class,Medium,Consumer,LATAM,Apparel,6,0.2,802.85,3,Thursday,8,0
Standard Class,Medium,Corporate,Europe,Office Supplies,17,0.28,574.14,4,Friday,10,1
Standard Class,Low,Consumer,Pacific Asia,Grocery,19,0.21,672.2,6,Thursday,6,0
Second Class,High,Corporate,Europe,Office Supplies,12,0.13,1020.18,5,Tuesday,7,0
Standard Class,Medium,Consumer,Africa,Grocery,7,0.1,137.43,4,Monday,12,1
Second Class,Medium,Consumer,LATAM,Grocery,12,0.1,87.77,2,Sunday,2,0
Standard Class,Medium,Corporate,USCA,Grocery,17,0.39,790.93,7,Sunday,12,1
Same Day,Low,Corporate,Pacific Asia,Apparel,15,0.14,728.53,4,Monday,10,0
Second Class,Low,Corporate,Pacific Asia,Grocery,16,0.32,231.25,5,Saturday,2,0
Standard Class,Medium,Corporate,USCA,Office Supplies,1,0.03,631.06,2,Monday,10,1
Standard Class,Low,Home Office,Pacific Asia,Apparel,11,0.04,897.34,5,Sunday,2,0
First Class,Low,Consumer,USCA,Grocery,1,0.27,880.73,3,Monday,7,0
First Class,High,Consumer,USCA,Furniture,13,0.18,718.91,7,Wednesday,8,0
Standard Class,Medium,Corporate,Europe,Furniture,17,0.35,165.23,7,Saturday,5,1
First Class,Medium,Corporate,LATAM,Grocery,16,0.34,371.77,5,Sunday,5,0
Standard Class,Medium,Corporate,Africa,Furniture,17,0.3,492.88,4,Friday,6,1
Standard Class,Critical,Corporate,Pacific Asia,Electronics,14,0.33,948.02,1,Sunday,9,1
First Class,Low,Consumer,Europe,Apparel,5,0.35,657.13,2,Sunday,12,0
First Class,High,Consumer,Africa,Electronics,13,0.31,882.51,3,Monday,1,0
Second Class,Medium,Corporate,Africa,Apparel,18,0.21,1108.98,1,Thursday,6,1
First Class,Low,Consumer,Pacific Asia,Office Supplies,7,0.11,752.47,1,Wednesday,11,0
Standard Class,Low,Consumer,Pacific Asia,Furniture,17,0.31,292.21,1,Monday,4,1
First Class,Medium,Consumer,Europe,Furniture,11,0.13,176.1,2,Friday,8,0
Standard Class,Medium,Consumer,Pacific Asia,Furniture,17,0.1,10.65,2,Monday,9,1
Standard Class,Low,Corporate,Africa,Grocery,19,0.07,219.0,7,Friday,12,1
Standard Class,Medium,Consumer,Pacific Asia,Apparel,6,0.25,330.36,7,Sunday,4,0
Standard Class,Medium,Home Office,Europe,Grocery,18,0.1,331.04,1,Sunday,12,1
Standard Class,Medium,Corporate,Europe,Furniture,10,0.15,803.83,7,Wednesday,1,0
Standard Class,High,Consumer,Europe,Office Supplies,1,0.28,188.78,5,Wednesday,5,0
Standard Class,High,Consumer,Pacific Asia,Furniture,1,0.32,528.19,5,Saturday,3,0
Standard Class,Medium,Consumer,LATAM,Grocery,15,0.13,15.84,1,Sunday,12,1
Second Class,Critical,Corporate,Europe,Furniture,6,0.34,320.78,7,Wednesday,4,0
Standard Class,Low,Consumer,LATAM,Electronics,7,0.02,58.85,5,Saturday,10,0
Standard Class,Low,Consumer,USCA,Electronics,10,0.39,854.38,1,Tuesday,11,1
Second Class,Low,Consumer,Europe,Grocery,4,0.17,431.62,2,Wednesday,11,0
First Class,Medium,Corporate,LATAM,Electronics,14,0.13,581.31,6,Wednesday,8,0
First Class,Medium,Corporate,LATAM,Apparel,8,0.37,916.13,5,Tuesday,9,0
Standard Class,Medium,Corporate,Africa,Apparel,1,0.05,1036.88,7,Saturday,11,1
Second Class,Low,Home Office,LATAM,Grocery,2,0.14,624.84,3,Thursday,7,0
Standard Class,Low,Consumer,Africa,Electronics,19,0.14,783.23,2,Tuesday,3,1
Standard Class,High,Corporate,LATAM,Apparel,10,0.17,885.82,6,Tuesday,12,0
Standard Class,High,Consumer,LATAM,Electronics,4,0.34,349.52,1,Monday,6,1
First Class,Medium,Corporate,USCA,Furniture,17,0.34,851.64,3,Tuesday,4,0
Standard Class,Medium,Corporate,LATAM,Electronics,16,0.24,787.88,6,Tuesday,3,0
Standard Class,Medium,Consumer,Pacific Asia,Electronics,5,0.4,537.25,3,Tuesday,7,0
Standard Class,Low,Consumer,Pacific Asia,Grocery,10,0.34,415.5,2,Monday,10,1
First Class,Medium,Home Office,Pacific Asia,Furniture,11,0.27,1168.65,3,Thursday,9,0
Second Class,Medium,Consumer,USCA,Apparel,1,0.08,1183.72,6,Tuesday,1,0
Standard Class,Medium,Consumer,LATAM,Apparel,13,0.22,837.18,5,Friday,5,0
Second Class,Low,Home Office,USCA,Electronics,2,0.09,467.15,3,Tuesday,9,0
Standard Class,Critical,Corporate,LATAM,Office Supplies,1,0.12,904.33,3,Friday,4,1
Second Class,High,Corporate,Africa,Office Supplies,14,0.27,818.29,4,Saturday,4,0
Standard Class,Low,Home Office,USCA,Apparel,12,0.07,658.53,3,Saturday,1,0
First Class,Medium,Consumer,Pacific Asia,Electronics,11,0.04,166.89,3,Sunday,10,0
Standard Class,High,Consumer,Pacific Asia,Electronics,1,0.21,1136.46,5,Wednesday,12,0
Second Class,Low,Corporate,Pacific Asia,Furniture,14,0.0,286.99,3,Friday,1,0
Standard Class,Medium,Corporate,LATAM,Grocery,8,0.24,477.98,3,Monday,12,0
Standard Class,Medium,Consumer,LATAM,Office Supplies,18,0.36,417.48,6,Thursday,10,1
Standard Class,Medium,Consumer,USCA,Electronics,5,0.08,192.97,2,Wednesday,1,1
Standard Class,High,Consumer,Europe,Apparel,3,0.15,39.17,4,Sunday,6,0
Standard Class,Low,Home Office,LATAM,Office Supplies,6,0.37,1116.46,3,Tuesday,1,0
First Class,Low,Consumer,Europe,Grocery,5,0.28,889.97,1,Thursday,4,0
Standard Class,Low,Home Office,Europe,Electronics,2,0.05,34.65,4,Saturday,10,0
Second Class,Low,Home Office,LATAM,Office Supplies,3,0.15,828.44,5,Thursday,4,0
First Class,Medium,Corporate,USCA,Electronics,4,0.3,164.35,3,Friday,8,0
Second Class,Medium,Corporate,Europe,Grocery,1,0.27,871.55,6,Sunday,7,0
Second Class,Low,Consumer,USCA,Furniture,16,0.06,611.16,2,Monday,5,0
Second Class,Medium,Consumer,USCA,Office Supplies,19,0.02,1173.65,2,Tuesday,8,0
Standard Class,Medium,Corporate,LATAM,Grocery,8,0.27,524.5,5,Tuesday,4,0
First Class,Low,Consumer,Europe,Furniture,2,0.24,901.25,7,Tuesday,7,0
Standard Class,Medium,Consumer,USCA,Furniture,3,0.02,59.16,5,Thursday,5,0
Second Class,Medium,Corporate,Europe,Grocery,14,0.39,1123.31,1,Thursday,1,1
Second Class,Medium,Consumer,USCA,Apparel,7,0.1,679.33,6,Saturday,5,0
Standard Class,Low,Corporate,LATAM,Grocery,13,0.15,383.92,5,Thursday,5,0
Standard Class,Medium,Consumer,USCA,Electronics,7,0.07,161.0,5,Sunday,1,0
Standard Class,Critical,Consumer,LATAM,Apparel,16,0.33,772.57,4,Sunday,9,1
First Class,Medium,Consumer,LATAM,Furniture,3,0.39,898.09,3,Saturday,9,0
Same Day,Low,Home Office,Europe,Office Supplies,5,0.09,111.55,6,Wednesday,11,0
Standard Class,Medium,Home Office,Europe,Furniture,3,0.11,205.95,1,Monday,4,1
Second Class,Low,Consumer,Europe,Office Supplies,15,0.28,468.66,7,Sunday,5,0
Same Day,Medium,Consumer,Africa,Office Supplies,11,0.21,1023.59,1,Saturday,3,1
Standard Class,Low,Home Office,Europe,Grocery,18,0.04,1179.69,7,Monday,7,0
Standard Class,Low,Consumer,Europe,Grocery,5,0.37,896.58,6,Sunday,1,0
Second Class,Medium,Consumer,USCA,Furniture,13,0.24,16.64,7,Sunday,4,0
First Class,Low,Consumer,Africa,Grocery,1,0.12,1085.11,1,Sunday,12,1
First Class,Medium,Corporate,Africa,Furniture,14,0.2,41.6,3,Thursday,10,0
Standard Class,Low,Consumer,USCA,Grocery,9,0.2,1077.58,5,Saturday,12,0
Standard Class,Low,Consumer,Europe,Grocery,9,0.21,498.28,5,Saturday,4,0
Standard Class,High,Corporate,Pacific Asia,Office Supplies,4,0.2,892.75,4,Saturday,11,0
Standard Class,High,Consumer,LATAM,Apparel,2,0.22,113.61,7,Sunday,2,0
Standard Class,Low,Corporate,Africa,Grocery,16,0.16,206.26,4,Saturday,7,1
First Class,Medium,Corporate,USCA,Grocery,5,0.06,546.41,1,Sunday,5,0
Standard Class,Low,Consumer,Pacific Asia,Furniture,18,0.27,55.82,6,Saturday,8,1
First Class,Medium,Consumer,LATAM,Office Supplies,2,0.32,473.81,3,Friday,8,0
Standard Class,Medium,Corporate,Pacific Asia,Office Supplies,14,0.34,904.84,5,Thursday,2,1
Second Class,Low,Consumer,Europe,Apparel,15,0.01,789.11,3,Friday,7,0
Standard Class,Medium,Consumer,USCA,Apparel,10,0.16,428.62,6,Thursday,3,0
Standard Class,Low,Corporate,LATAM,Apparel,16,0.39,20.52,7,Thursday,1,1
Standard Class,Low,Corporate,LATAM,Grocery,8,0.03,330.92,7,Friday,2,0
Same Day,High,Consumer,Europe,Furniture,14,0.31,933.71,5,Tuesday,10,0
First Class,Medium,Consumer,Europe,Electronics,10,0.05,415.23,3,Saturday,7,0
Standard Class,Medium,Consumer,Europe,Furniture,13,0.33,459.22,3,Wednesday,11,1
Standard Class,Medium,Corporate,USCA,Office Supplies,19,0.27,98.3,1,Saturday,5,1
Same Day,Medium,Corporate,Africa,Apparel,2,0.29,726.01,4,Sunday,6,0
Standard Class,Medium,Corporate,Pacific Asia,Electronics,5,0.39,750.06,2,Saturday,6,1
Standard Class,Low,Corporate,USCA,Office Supplies,14,0.38,522.71,3,Thursday,5,1
Second Class,Medium,Home Office,USCA,Apparel,8,0.12,915.08,6,Wednesday,4,0
Same Day,Medium,Consumer,Pacific Asia,Electronics,1,0.15,1053.47,2,Tuesday,9,0
Standard Class,Medium,Consumer,LATAM,Furniture,5,0.16,903.14,1,Saturday,12,1
Standard Class,Medium,Home Office,Pacific Asia,Office Supplies,11,0.07,657.73,3,Saturday,10,0
Same Day,Low,Consumer,Europe,Grocery,8,0.15,1123.47,1,Thursday,4,0
Standard Class,Medium,Consumer,LATAM,Electronics,17,0.39,464.82,2,Monday,11,1
Standard Class,Low,Consumer,USCA,Electronics,10,0.2,789.12,5,Thursday,6,0
Second Class,Medium,Home Office,Pacific Asia,Furniture,14,0.38,694.54,3,Friday,1,0
First Class,Medium,Consumer,USCA,Furniture,1,0.03,1011.47,1,Saturday,6,0
Standard Class,High,Consumer,USCA,Office Supplies,5,0.02,604.52,6,Thursday,9,0
Same Day,Medium,Corporate,Pacific Asia,Grocery,15,0.23,668.65,2,Wednesday,10,0
Second Class,High,Consumer,USCA,Apparel,10,0.29,550.04,3,Sunday,7,0
Standard Class,Medium,Home Office,Africa,Electronics,15,0.09,177.22,7,Sunday,7,1
Same Day,Critical,Consumer,Africa,Electronics,1,0.2,1064.85,2,Wednesday,8,1
Standard Class,Medium,Corporate,USCA,Office Supplies,11,0.35,1035.57,6,Tuesday,1,0
Standard Class,Critical,Consumer,LATAM,Apparel,18,0.3,845.93,7,Saturday,3,1
Second Class,Low,Home Office,LATAM,Apparel,6,0.09,423.87,5,Monday,12,0
Standard Class,Low,Home Office,LATAM,Apparel,2,0.13,432.56,3,Tuesday,1,0
Standard Class,Medium,Corporate,LATAM,Office Supplies,2,0.12,52.84,1,Saturday,10,1
Standard Class,Critical,Home Office,Africa,Electronics,17,0.29,102.4,1,Monday,11,1
Standard Class,Medium,Consumer,LATAM,Furniture,5,0.39,621.42,7,Thursday,7,0
First Class,Low,Home Office,Pacific Asia,Electronics,14,0.11,69.28,7,Friday,11,0
Second Class,Medium,Corporate,LATAM,Furniture,12,0.24,128.07,7,Wednesday,4,0
Same Day,Medium,Home Office,Pacific Asia,Furniture,4,0.4,308.93,1,Sunday,11,0
Standard Class,Low,Corporate,Africa,Office Supplies,9,0.06,454.69,1,Thursday,10,1
Standard Class,Medium,Consumer,Pacific Asia,Apparel,18,0.26,592.32,3,Sunday,7,1
Standard Class,Critical,Corporate,Pacific Asia,Office Supplies,10,0.13,396.18,5,Friday,6,1
Standard Class,High,Consumer,USCA,Furniture,7,0.4,1129.41,5,Tuesday,11,0
Standard Class,Low,Corporate,Pacific Asia,Electronics,5,0.04,1141.57,1,Thursday,7,1
First Class,Low,Consumer,USCA,Furniture,15,0.18,76.69,7,Monday,1,0
Same Day,Low,Consumer,LATAM,Office Supplies,13,0.1,1182.64,6,Tuesday,6,0
Same Day,Low,Home Office,Pacific Asia,Electronics,14,0.01,215.76,7,Sunday,6,0
Standard Class,Low,Home Office,Pacific Asia,Apparel,4,0.39,404.34,1,Wednesday,6,1
First Class,High,Home Office,Europe,Office Supplies,6,0.23,1006.05,1,Monday,2,0
Standard Class,Low,Corporate,LATAM,Grocery,15,0.28,828.39,1,Thursday,12,1
Standard Class,High,Corporate,Pacific Asia,Furniture,13,0.25,79.31,3,Saturday,5,0
First Class,High,Corporate,Pacific Asia,Apparel,13,0.06,931.78,5,Thursday,3,0
Second Class,Low,Consumer,Europe,Apparel,18,0.07,799.26,4,Monday,3,0
Standard Class,Critical,Home Office,USCA,Electronics,17,0.25,1141.09,4,Wednesday,11,1
Standard Class,Medium,Home Office,LATAM,Office Supplies,1,0.31,1092.91,5,Thursday,5,0
Standard Class,Medium,Corporate,Europe,Furniture,4,0.24,1170.52,6,Tuesday,4,0
Second Class,Low,Home Office,LATAM,Grocery,11,0.23,551.31,6,Friday,8,0
Standard Class,Medium,Corporate,LATAM,Furniture,19,0.3,850.74,1,Monday,7,1
Same Day,Low,Consumer,USCA,Office Supplies,13,0.1,1154.67,4,Monday,5,0
Standard Class,Medium,Home Office,USCA,Apparel,16,0.29,12.52,3,Monday,1,1
Standard Class,Low,Consumer,Africa,Grocery,19,0.16,948.83,1,Friday,5,1
Standard Class,Medium,Corporate,Europe,Electronics,15,0.27,74.21,5,Saturday,6,1
Standard Class,Low,Consumer,Europe,Office Supplies,12,0.11,1198.71,5,Wednesday,2,0
Standard Class,Low,Corporate,LATAM,Furniture,8,0.05,26.52,2,Friday,5,1
Second Class,Medium,Corporate,Africa,Office Supplies,1,0.01,670.1,3,Friday,11,0
First Class,Medium,Corporate,Africa,Electronics,8,0.32,629.89,3,Thursday,4,0
Same Day,Medium,Corporate,LATAM,Furniture,5,0.08,372.63,2,Monday,9,0
First Class,Low,Consumer,USCA,Grocery,1,0.15,881.49,6,Friday,5,0
First Class,High,Corporate,Africa,Furniture,12,0.31,315.83,2,Monday,7,1
Second Class,Medium,Home Office,Europe,Furniture,4,0.18,356.03,2,Thursday,7,0
First Class,Low,Consumer,USCA,Electronics,15,0.09,224.63,6,Thursday,5,0
Standard Class,Medium,Consumer,Pacific Asia,Furniture,9,0.08,859.74,7,Sunday,8,0
Standard Class,Medium,Consumer,Africa,Office Supplies,10,0.16,212.34,7,Tuesday,2,1
Standard Class,Low,Home Office,LATAM,Apparel,13,0.23,1078.23,6,Monday,12,0
Standard Class,Medium,Corporate,Europe,Electronics,10,0.16,352.52,6,Friday,7,0
Standard Class,High,Home Office,Africa,Electronics,10,0.36,627.16,7,Thursday,3,1
Same Day,Medium,Corporate,LATAM,Electronics,14,0.0,575.33,7,Tuesday,7,0
Standard Class,Low,Consumer,Europe,Office Supplies,19,0.16,845.8,3,Thursday,5,0
Standard Class,High,Corporate,Africa,Office Supplies,19,0.3,288.5,2,Saturday,4,1
Standard Class,Low,Consumer,Europe,Office Supplies,1,0.36,1007.98,7,Tuesday,1,0
Standard Class,High,Consumer,Pacific Asia,Office Supplies,8,0.14,888.1,3,Saturday,11,0
Standard Class,Low,Consumer,Europe,Furniture,17,0.27,417.71,6,Thursday,10,1
Standard Class,Medium,Consumer,LATAM,Electronics,10,0.23,153.14,2,Tuesday,9,1
Standard Class,Medium,Consumer,Africa,Electronics,1,0.08,610.67,4,Friday,5,1
Standard Class,Low,Consumer,LATAM,Grocery,8,0.27,1176.83,6,Tuesday,12,0
First Class,High,Consumer,Pacific Asia,Apparel,5,0.1,38.86,5,Thursday,3,0
Second Class,Medium,Consumer,USCA,Furniture,2,0.31,1015.38,3,Wednesday,3,0
Standard Class,Low,Corporate,Europe,Apparel,19,0.35,842.72,1,Saturday,2,1
Standard Class,Medium,Consumer,LATAM,Furniture,2,0.19,227.98,1,Saturday,10,1
Standard Class,Medium,Consumer,Africa,Furniture,11,0.02,576.94,2,Monday,7,1
First Class,Low,Consumer,Africa,Furniture,3,0.29,756.94,7,Wednesday,7,0
Standard Class,Critical,Corporate,USCA,Electronics,9,0.19,839.05,7,Friday,3,1
Standard Class,High,Corporate,Africa,Apparel,8,0.04,1106.42,2,Sunday,6,1
First Class,Low,Home Office,Pacific Asia,Apparel,6,0.13,1048.96,3,Friday,11,0
Standard Class,Medium,Home Office,USCA,Office Supplies,14,0.12,400.83,4,Tuesday,8,1
Standard Class,Low,Consumer,Pacific Asia,Apparel,8,0.29,152.84,1,Wednesday,10,1
Standard Class,High,Consumer,Europe,Office Supplies,15,0.17,134.08,7,Wednesday,7,0
Same Day,High,Consumer,Pacific Asia,Grocery,3,0.23,1162.8,3,Tuesday,12,0
First Class,Low,Home Office,Europe,Office Supplies,8,0.2,1147.42,6,Wednesday,4,0
Second Class,High,Corporate,Pacific Asia,Furniture,16,0.29,985.22,1,Tuesday,1,1
Standard Class,Medium,Consumer,USCA,Electronics,6,0.29,1176.75,5,Thursday,1,0
Standard Class,Low,Consumer,Europe,Furniture,7,0.18,336.26,2,Tuesday,6,1
Same Day,High,Consumer,Pacific Asia,Grocery,13,0.05,992.42,6,Saturday,12,0
Same Day,Medium,Consumer,Pacific Asia,Electronics,9,0.16,607.65,3,Thursday,6,0
Standard Class,Medium,Home Office,Africa,Grocery,19,0.06,961.07,2,Monday,1,1
First Class,Medium,Corporate,Pacific Asia,Furniture,7,0.38,736.89,3,Sunday,5,0
Standard Class,Low,Corporate,Africa,Electronics,16,0.38,1016.96,7,Saturday,3,1
Standard Class,Low,Consumer,Pacific Asia,Grocery,7,0.18,482.84,2,Sunday,7,1
Second Class,High,Consumer,LATAM,Office Supplies,15,0.01,1187.08,2,Thursday,9,0
Standard Class,Medium,Corporate,Africa,Apparel,5,0.15,270.88,3,Wednesday,6,1
Same Day,High,Corporate,USCA,Furniture,2,0.36,810.41,5,Saturday,7,0
Standard Class,Low,Consumer,USCA,Office Supplies,2,0.12,965.07,1,Saturday,4,1
Standard Class,Medium,Corporate,Europe,Grocery,5,0.25,707.05,3,Monday,9,0
Same Day,Critical,Home Office,USCA,Grocery,12,0.07,355.45,6,Wednesday,2,0
Same Day,Low,Consumer,Europe,Electronics,4,0.33,677.95,5,Tuesday,9,0
Standard Class,Low,Corporate,USCA,Office Supplies,18,0.36,610.6,4,Monday,11,1
Standard Class,Medium,Consumer,Africa,Grocery,11,0.25,236.24,6,Monday,9,1
Second Class,Low,Corporate,LATAM,Electronics,6,0.25,918.21,2,Friday,2,0
Standard Class,Low,Consumer,Europe,Apparel,13,0.15,327.95,2,Sunday,6,1
Same Day,High,Corporate,LATAM,Apparel,5,0.28,1000.21,1,Wednesday,4,0
Same Day,Critical,Consumer,Pacific Asia,Electronics,4,0.19,265.04,1,Thursday,10,1
Standard Class,Medium,Consumer,Pacific Asia,Office Supplies,10,0.3,607.76,6,Wednesday,8,0
Standard Class,High,Corporate,LATAM,Electronics,2,0.39,837.31,7,Saturday,2,0
Standard Class,High,Corporate,Africa,Electronics,8,0.33,1195.04,2,Saturday,7,1
Same Day,Medium,Home Office,LATAM,Office Supplies,3,0.21,332.48,2,Tuesday,2,0
Standard Class,Low,Corporate,LATAM,Apparel,9,0.39,766.38,3,Thursday,4,0
Standard Class,Low,Corporate,LATAM,Grocery,2,0.24,192.5,1,Thursday,11,1
Standard Class,Low,Corporate,Europe,Apparel,17,0.03,985.37,3,Friday,3,0
Second Class,Low,Consumer,Europe,Office Supplies,1,0.29,1035.12,3,Wednesday,7,0
Standard Class,Low,Consumer,LATAM,Furniture,17,0.33,1066.67,7,Monday,3,1
Standard Class,Low,Consumer,Africa,Office Supplies,5,0.05,1135.19,2,Friday,2,1
Same Day,Low,Consumer,Pacific Asia,Apparel,13,0.27,433.26,1,Monday,9,1
Same Day,Low,Consumer,Pacific Asia,Apparel,8,0.37,803.07,5,Saturday,10,0
First Class,Medium,Home Office,Pacific Asia,Office Supplies,7,0.1,385.73,7,Wednesday,9,0
Standard Class,Low,Home Office,USCA,Office Supplies,14,0.23,966.53,1,Thursday,1,1
Standard Class,High,Home Office,Africa,Office Supplies,8,0.11,504.56,3,Wednesday,12,1
Second Class,Low,Home Office,Europe,Apparel,11,0.31,670.34,3,Monday,5,0
Standard Class,High,Consumer,Pacific Asia,Electronics,3,0.23,168.26,2,Wednesday,11,1
Same Day,Critical,Consumer,Europe,Furniture,5,0.17,1022.09,4,Monday,4,0
Second Class,Medium,Corporate,Europe,Electronics,18,0.01,584.7,1,Wednesday,11,0
Standard Class,Medium,Home Office,Europe,Apparel,5,0.38,772.17,7,Thursday,4,0
Same Day,High,Consumer,Europe,Electronics,13,0.2,806.45,5,Monday,1,0
Same Day,Low,Corporate,LATAM,Office Supplies,5,0.32,336.36,1,Friday,3,0
Standard Class,Critical,Consumer,Europe,Grocery,2,0.16,956.03,1,Saturday,3,1
Standard Class,High,Consumer,USCA,Office Supplies,13,0.34,1001.31,3,Monday,12,1
Standard Class,Medium,Consumer,Europe,Furniture,6,0.06,623.75,6,Sunday,2,0
Standard Class,Low,Consumer,Pacific Asia,Office Supplies,17,0.09,1083.87,7,Monday,6,0
Standard Class,Medium,Home Office,Europe,Grocery,8,0.13,201.47,2,Monday,9,1
Second Class,Medium,Consumer,Pacific Asia,Apparel,17,0.04,503.17,5,Monday,6,0
Same Day,Medium,Home Office,Europe,Electronics,19,0.18,62.74,5,Friday,12,0
Standard Class,Medium,Consumer,Africa,Office Supplies,15,0.19,484.29,1,Sunday,8,1
Standard Class,Low,Home Office,LATAM,Electronics,1,0.05,1196.48,1,Sunday,12,1
Second Class,Low,Corporate,Pacific Asia,Furniture,18,0.17,561.19,6,Monday,8,0
Standard Class,Medium,Corporate,USCA,Electronics,7,0.08,508.86,7,Saturday,12,0
First Class,Low,Consumer,Europe,Furniture,7,0.35,828.51,6,Saturday,12,0
Standard Class,Low,Corporate,Pacific Asia,Furniture,16,0.2,67.84,7,Sunday,9,0
Standard Class,Low,Home Office,LATAM,Office Supplies,11,0.38,430.98,5,Wednesday,12,0
Standard Class,Low,Consumer,Europe,Grocery,5,0.14,644.35,5,Saturday,1,0
First Class,Medium,Consumer,LATAM,Electronics,14,0.14,586.04,7,Saturday,1,0
Standard Class,Low,Consumer,USCA,Furniture,10,0.14,774.55,4,Friday,6,0
First Class,High,Consumer,Pacific Asia,Furniture,5,0.11,175.34,4,Wednesday,4,0
Standard Class,High,Consumer,USCA,Furniture,19,0.31,489.11,5,Wednesday,10,1
Standard Class,Medium,Corporate,LATAM,Apparel,18,0.11,763.98,2,Saturday,1,1
Standard Class,Low,Consumer,Africa,Electronics,4,0.12,368.96,4,Friday,7,1
Same Day,Medium,Corporate,Africa,Electronics,9,0.02,739.33,3,Friday,3,0
Same Day,Medium,Home Office,Pacific Asia,Furniture,19,0.39,1150.39,7,Monday,9,0
Standard Class,Critical,Corporate,Europe,Electronics,11,0.35,1117.16,3,Monday,1,1
Standard Class,Medium,Consumer,USCA,Electronics,3,0.12,873.36,6,Friday,11,0
Standard Class,Medium,Corporate,Africa,Apparel,11,0.21,221.38,7,Saturday,8,1
Standard Class,High,Consumer,Africa,Furniture,7,0.19,943.25,3,Tuesday,9,1
Standard Class,Low,Consumer,Europe,Electronics,17,0.04,541.58,1,Wednesday,6,1
Same Day,Low,Consumer,USCA,Grocery,18,0.21,1142.56,7,Thursday,7,0
Same Day,Medium,Home Office,LATAM,Furniture,15,0.05,737.59,4,Tuesday,6,0
Standard Class,Low,Corporate,Africa,Electronics,17,0.17,268.97,6,Monday,12,1
Standard Class,Low,Consumer,Pacific Asia,Apparel,17,0.04,381.79,6,Thursday,7,0
First Class,Medium,Consumer,Pacific Asia,Grocery,10,0.24,389.68,1,Monday,2,0
First Class,Low,Consumer,LATAM,Office Supplies,15,0.02,338.78,2,Friday,3,0
Standard Class,Medium,Home Office,Europe,Office Supplies,16,0.25,928.47,5,Monday,2,1
Standard Class,High,Home Office,Europe,Grocery,15,0.28,410.73,5,Sunday,10,1
Standard Class,Low,Consumer,Africa,Office Supplies,9,0.23,242.79,2,Friday,5,1
Standard Class,Low,Consumer,Africa,Grocery,19,0.19,719.36,7,Sunday,9,1
Standard Class,Low,Corporate,Africa,Electronics,1,0.02,563.09,4,Sunday,6,1
Standard Class,Low,Consumer,LATAM,Office Supplies,2,0.0,36.38,6,Wednesday,2,0
Second Class,Low,Consumer,LATAM,Office Supplies,6,0.14,342.15,2,Monday,9,0
Standard Class,Low,Corporate,Africa,Grocery,9,0.31,55.45,6,Friday,9,1
Standard Class,Medium,Consumer,Europe,Electronics,18,0.26,922.78,5,Friday,1,1
Standard Class,Low,Corporate,USCA,Electronics,1,0.05,1141.72,5,Sunday,3,0
First Class,Medium,Consumer,Africa,Furniture,10,0.28,605.2,6,Monday,5,0
First Class,High,Corporate,Europe,Furniture,4,0.23,674.22,2,Monday,2,0
Standard Class,High,Corporate,Europe,Electronics,14,0.07,1015.65,1,Friday,3,1
Standard Class,Medium,Corporate,Pacific Asia,Grocery,6,0.3,32.57,6,Tuesday,5,0
Same Day,Low,Corporate,USCA,Apparel,5,0.33,203.17,2,Saturday,11,0
Standard Class,Medium,Consumer,Africa,Apparel,15,0.09,788.69,1,Tuesday,10,1
Standard Class,Low,Consumer,USCA,Furniture,10,0.25,892.67,4,Friday,3,0
Standard Class,Low,Consumer,Africa,Office Supplies,3,0.15,755.18,6,Sunday,10,1
Standard Class,High,Consumer,USCA,Apparel,17,0.02,1127.7,5,Sunday,7,0
Standard Class,Low,Consumer,USCA,Office Supplies,9,0.34,476.92,3,Friday,8,0
Same Day,Low,Corporate,Europe,Office Supplies,9,0.33,670.55,3,Friday,1,0
Second Class,High,Consumer,USCA,Electronics,15,0.13,1148.12,5,Friday,7,0
Standard Class,High,Consumer,USCA,Apparel,18,0.21,1080.57,2,Tuesday,12,1
Same Day,Low,Home Office,Africa,Apparel,3,0.2,46.66,7,Friday,8,0
Standard Class,Low,Corporate,Europe,Office Supplies,8,0.07,429.05,6,Saturday,7,0
Standard Class,Medium,Consumer,USCA,Office Supplies,3,0.06,889.4,6,Thursday,5,0
Second Class,Medium,Consumer,Europe,Electronics,19,0.34,11.04,6,Wednesday,1,0
Second Class,Low,Consumer,Europe,Grocery,13,0.35,1036.96,5,Monday,9,0
Standard Class,Medium,Consumer,LATAM,Apparel,16,0.29,607.51,7,Saturday,5,1
Standard Class,Critical,Home Office,Africa,Apparel,7,0.03,113.05,7,Monday,8,1
Second Class,Low,Consumer,LATAM,Electronics,5,0.36,536.53,2,Monday,6,0
Second Class,High,Corporate,Europe,Electronics,19,0.39,596.22,2,Wednesday,10,1
Second Class,Critical,Home Office,USCA,Grocery,2,0.31,446.65,5,Sunday,4,0
Standard Class,Low,Corporate,Africa,Office Supplies,3,0.14,550.63,7,Saturday,8,1
Standard Class,High,Consumer,Pacific Asia,Apparel,3,0.16,1070.76,3,Thursday,4,0
Standard Class,Low,Corporate,Africa,Office Supplies,2,0.35,395.64,5,Thursday,8,1
Standard Class,Medium,Home Office,LATAM,Apparel,16,0.11,1153.49,6,Sunday,2,0
Same Day,High,Corporate,Africa,Electronics,17,0.06,827.56,7,Thursday,8,0
Standard Class,Low,Home Office,USCA,Electronics,16,0.33,1076.26,2,Tuesday,12,1
Standard Class,Medium,Corporate,Africa,Electronics,16,0.08,258.68,4,Saturday,7,1
First Class,High,Home Office,Pacific Asia,Grocery,19,0.36,595.3,6,Friday,3,0
Standard Class,Low,Home Office,LATAM,Apparel,17,0.24,682.85,3,Monday,5,0
Standard Class,Low,Corporate,LATAM,Electronics,5,0.22,111.49,7,Saturday,1,0
First Class,Low,Corporate,Europe,Grocery,12,0.31,597.43,7,Thursday,6,0
First Class,Medium,Corporate,LATAM,Office Supplies,12,0.01,1034.54,7,Wednesday,4,0
Second Class,Critical,Corporate,Pacific Asia,Grocery,7,0.29,72.11,7,Sunday,4,0
Standard Class,High,Home Office,Pacific Asia,Grocery,7,0.24,774.34,2,Saturday,5,1
Second Class,Medium,Consumer,LATAM,Furniture,4,0.21,1186.62,3,Friday,12,0
First Class,Medium,Corporate,Africa,Office Supplies,6,0.09,637.64,1,Saturday,9,1
Standard Class,Low,Corporate,Pacific Asia,Furniture,16,0.33,371.01,5,Friday,2,1
Standard Class,Low,Corporate,LATAM,Apparel,8,0.1,706.09,5,Monday,9,0
First Class,Medium,Corporate,LATAM,Grocery,6,0.2,654.31,3,Monday,12,0
Standard Class,Medium,Consumer,Africa,Grocery,19,0.06,135.14,1,Tuesday,3,1
First Class,Medium,Consumer,LATAM,Grocery,10,0.39,265.01,6,Friday,1,0
Standard Class,Critical,Home Office,USCA,Grocery,16,0.08,806.59,4,Friday,12,1
Standard Class,Medium,Home Office,Europe,Furniture,2,0.32,715.15,4,Tuesday,10,0
Standard Class,Medium,Consumer,Pacific Asia,Apparel,14,0.11,419.74,4,Sunday,10,1
First Class,Low,Corporate,Africa,Furniture,11,0.1,1174.45,3,Saturday,1,0
Standard Class,Critical,Home Office,Africa,Grocery,2,0.17,777.27,2,Wednesday,8,1
Standard Class,High,Corporate,Europe,Apparel,3,0.34,284.66,5,Friday,7,0
Second Class,High,Corporate,USCA,Office Supplies,11,0.28,570.71,1,Saturday,4,0
Second Class,Medium,Consumer,Europe,Furniture,4,0.35,856.79,1,Saturday,2,0
Same Day,Medium,Corporate,LATAM,Electronics,14,0.02,809.66,7,Saturday,6,0
Standard Class,Medium,Corporate,Africa,Office Supplies,5,0.38,303.13,4,Sunday,9,1
Standard Class,Low,Corporate,LATAM,Office Supplies,3,0.03,780.94,6,Sunday,11,0
Same Day,Medium,Corporate,Africa,Grocery,8,0.29,406.12,4,Friday,4,0
Second Class,High,Consumer,Africa,Grocery,10,0.08,554.43,7,Tuesday,7,0
Standard Class,Low,Home Office,LATAM,Office Supplies,12,0.34,806.29,7,Saturday,10,0
Standard Class,Low,Corporate,Europe,Furniture,8,0.34,701.38,6,Friday,4,0
First Class,Medium,Corporate,Pacific Asia,Apparel,7,0.22,858.15,7,Tuesday,4,0
Standard Class,Low,Home Office,Pacific Asia,Furniture,2,0.16,464.39,1,Wednesday,10,1
Second Class,Medium,Home Office,Europe,Furniture,12,0.32,904.88,5,Friday,7,0
Standard Class,Medium,Home Office,USCA,Office Supplies,11,0.35,28.64,1,Monday,4,1
Standard Class,Low,Corporate,Europe,Furniture,9,0.3,233.68,4,Wednesday,12,0
Second Class,High,Corporate,Europe,Apparel,5,0.36,1168.14,4,Sunday,10,0
Standard Class,Medium,Consumer,Europe,Office Supplies,6,0.25,113.21,3,Monday,7,0
Standard Class,High,Consumer,Pacific Asia,Furniture,7,0.27,797.66,4,Thursday,1,0
Standard Class,High,Corporate,Africa,Grocery,14,0.23,1100.94,3,Wednesday,1,1
Standard Class,High,Corporate,USCA,Furniture,18,0.2,1032.86,5,Monday,4,0
Second Class,Low,Consumer,USCA,Office Supplies,15,0.26,1096.18,4,Friday,4,0
First Class,Low,Home Office,USCA,Office Supplies,1,0.22,1180.85,7,Friday,1,0
First Class,Low,Corporate,LATAM,Grocery,16,0.29,435.16,4,Friday,6,0
Standard Class,Medium,Corporate,Europe,Office Supplies,15,0.37,402.89,1,Friday,10,1
Standard Class,High,Consumer,Africa,Electronics,9,0.15,153.83,4,Wednesday,1,1
Standard Class,Medium,Consumer,Africa,Office Supplies,7,0.16,249.77,5,Wednesday,1,1
Same Day,High,Home Office,LATAM,Furniture,12,0.01,786.93,7,Friday,12,0
First Class,Low,Consumer,Pacific Asia,Apparel,9,0.21,404.07,6,Monday,1,0
First Class,Low,Corporate,LATAM,Furniture,12,0.05,415.97,2,Monday,1,0
Standard Class,High,Corporate,LATAM,Office Supplies,11,0.29,778.65,1,Friday,9,1
Standard Class,Medium,Corporate,Europe,Electronics,3,0.31,134.5,5,Monday,4,0
Standard Class,High,Corporate,Pacific Asia,Furniture,13,0.29,76.57,3,Tuesday,7,1
Standard Class,Low,Consumer,LATAM,Apparel,5,0.22,965.38,7,Sunday,8,0
Standard Class,High,Consumer,Africa,Furniture,18,0.21,949.92,7,Saturday,10,1
Same Day,Medium,Corporate,Europe,Grocery,11,0.26,468.26,1,Saturday,7,0
Standard Class,High,Corporate,Pacific Asia,Electronics,3,0.22,715.75,4,Monday,1,0
Standard Class,Low,Consumer,Africa,Office Supplies,9,0.3,293.31,1,Monday,1,1
Standard Class,Medium,Consumer,USCA,Furniture,8,0.36,447.49,3,Saturday,5,0
Same Day,High,Consumer,Europe,Furniture,8,0.21,53.32,6,Monday,4,0
Second Class,High,Corporate,Africa,Furniture,13,0.04,335.59,2,Tuesday,10,1
Second Class,Low,Consumer,LATAM,Furniture,11,0.05,29.49,6,Saturday,10,0
Same Day,Low,Consumer,LATAM,Apparel,6,0.15,514.65,4,Saturday,5,0
Standard Class,Medium,Corporate,Europe,Grocery,13,0.2,628.47,5,Tuesday,1,1
Second Class,Low,Consumer,Pacific Asia,Grocery,11,0.09,599.44,7,Friday,5,0
Standard Class,Medium,Corporate,LATAM,Electronics,14,0.18,415.45,2,Sunday,2,1
Standard Class,Low,Consumer,Africa,Electronics,14,0.05,256.27,7,Thursday,12,1
First Class,Low,Home Office,USCA,Apparel,19,0.1,550.67,6,Saturday,8,0
First Class,Medium,Consumer,Pacific Asia,Grocery,5,0.29,1045.22,3,Thursday,6,0
Standard Class,Medium,Consumer,Europe,Electronics,15,0.39,1180.04,2,Tuesday,10,1
Standard Class,Medium,Home Office,LATAM,Office Supplies,13,0.07,382.14,5,Monday,5,0
Standard Class,Critical,Consumer,Pacific Asia,Grocery,16,0.14,1169.57,5,Monday,2,1
Standard Class,Low,Corporate,USCA,Furniture,19,0.14,527.12,1,Tuesday,5,1
Standard Class,Medium,Consumer,Pacific Asia,Grocery,17,0.09,739.79,2,Monday,8,1
Standard Class,Low,Consumer,Pacific Asia,Office Supplies,16,0.08,966.42,1,Friday,5,1
Standard Class,Medium,Corporate,Europe,Furniture,14,0.05,437.71,4,Monday,10,0
First Class,Low,Home Office,USCA,Grocery,17,0.36,257.86,3,Saturday,7,0
Standard Class,Low,Consumer,USCA,Furniture,7,0.26,334.96,4,Wednesday,3,0
Standard Class,Low,Corporate,Pacific Asia,Furniture,6,0.12,1007.95,5,Thursday,2,0
Standard Class,Low,Corporate,LATAM,Apparel,5,0.1,1122.03,5,Thursday,7,0
First Class,High,Consumer,Pacific Asia,Office Supplies,1,0.24,162.9,5,Monday,8,0
Standard Class,Medium,Corporate,Africa,Apparel,16,0.28,836.47,7,Thursday,2,1
Standard Class,Critical,Consumer,LATAM,Grocery,14,0.1,51.54,5,Wednesday,10,1
Standard Class,Medium,Consumer,Europe,Furniture,2,0.14,1051.2,7,Monday,11,0
Second Class,Low,Consumer,USCA,Grocery,4,0.12,1029.62,2,Friday,2,0
Second Class,Low,Home Office,LATAM,Grocery,1,0.04,931.78,2,Thursday,8,0
First Class,Low,Consumer,Europe,Apparel,2,0.15,991.01,7,Thursday,10,0
Same Day,Low,Corporate,Pacific Asia,Grocery,9,0.21,729.18,5,Thursday,7,0
First Class,Medium,Consumer,Europe,Office Supplies,1,0.26,185.3,6,Tuesday,2,0
Second Class,Medium,Consumer,Africa,Furniture,16,0.17,1098.32,4,Monday,5,0
Standard Class,Low,Corporate,Europe,Electronics,14,0.39,177.82,3,Sunday,10,1
Standard Class,Low,Corporate,LATAM,Office Supplies,13,0.25,277.99,3,Tuesday,8,1
Same Day,Low,Consumer,USCA,Electronics,19,0.35,524.81,6,Friday,10,0
Standard Class,Low,Consumer,LATAM,Electronics,15,0.37,602.58,4,Tuesday,5,1
Standard Class,Low,Home Office,LATAM,Apparel,18,0.33,124.62,4,Wednesday,4,1
Second Class,High,Consumer,USCA,Electronics,3,0.11,916.4,4,Wednesday,2,0
Standard Class,Low,Corporate,Africa,Furniture,15,0.17,173.39,6,Monday,1,1
Second Class,Medium,Corporate,LATAM,Apparel,15,0.0,789.16,3,Friday,6,0
Second Class,Low,Corporate,USCA,Office Supplies,5,0.18,547.86,3,Friday,2,0
Standard Class,Low,Home Office,USCA,Office Supplies,13,0.12,975.01,5,Wednesday,7,0
First Class,High,Corporate,LATAM,Office Supplies,16,0.04,361.77,5,Monday,7,0
Standard Class,Medium,Consumer,USCA,Grocery,15,0.34,1005.47,4,Tuesday,8,1
Standard Class,Low,Consumer,Pacific Asia,Apparel,14,0.27,310.19,2,Monday,6,1
Standard Class,High,Consumer,LATAM,Apparel,9,0.4,693.47,6,Tuesday,1,0
Second Class,Low,Consumer,Africa,Apparel,18,0.2,588.47,2,Thursday,2,1
First Class,Low,Home Office,Pacific Asia,Furniture,17,0.13,429.57,1,Sunday,12,0
Standard Class,High,Consumer,Africa,Apparel,5,0.11,24.02,7,Saturday,3,1
Second Class,Medium,Corporate,LATAM,Furniture,15,0.17,483.44,3,Tuesday,3,0
Standard Class,Low,Corporate,Europe,Office Supplies,11,0.12,150.85,2,Monday,9,1
Same Day,Low,Home Office,USCA,Grocery,12,0.4,277.94,7,Wednesday,4,0
Standard Class,High,Corporate,Pacific Asia,Electronics,7,0.07,829.08,1,Thursday,1,1
Second Class,Low,Corporate,LATAM,Grocery,9,0.01,689.83,3,Monday,5,0
Standard Class,Low,Consumer,USCA,Grocery,3,0.05,637.22,4,Wednesday,11,0
Standard Class,Medium,Corporate,Europe,Grocery,17,0.36,681.18,4,Sunday,5,1
Standard Class,High,Consumer,Africa,Electronics,9,0.28,152.86,5,Friday,11,1
First Class,Low,Home Office,LATAM,Furniture,11,0.31,205.92,1,Friday,12,0
Standard Class,High,Consumer,LATAM,Office Supplies,14,0.13,655.93,1,Wednesday,2,1
Same Day,Medium,Consumer,Europe,Electronics,10,0.25,494.12,1,Monday,7,0
Standard Class,Medium,Consumer,Africa,Office Supplies,4,0.28,561.21,1,Thursday,6,1
Standard Class,Medium,Corporate,LATAM,Furniture,16,0.13,1056.19,5,Friday,6,0
Standard Class,Critical,Corporate,USCA,Office Supplies,16,0.29,230.35,6,Tuesday,6,1
First Class,Low,Consumer,Europe,Furniture,12,0.25,1093.73,5,Monday,8,0
Standard Class,Low,Consumer,LATAM,Electronics,6,0.12,1030.41,4,Tuesday,1,0
First Class,High,Consumer,Africa,Electronics,7,0.02,1083.13,7,Wednesday,8,0
Same Day,Medium,Consumer,Pacific Asia,Office Supplies,8,0.1,773.22,7,Tuesday,2,0
Same Day,Medium,Corporate,LATAM,Office Supplies,6,0.25,1038.08,4,Monday,5,0
Standard Class,Medium,Consumer,Africa,Grocery,7,0.24,1189.52,2,Friday,10,1
Second Class,Medium,Corporate,Europe,Grocery,9,0.2,570.98,6,Wednesday,3,0
First Class,High,Consumer,Africa,Office Supplies,16,0.1,1035.55,1,Thursday,6,1
Standard Class,High,Home Office,Africa,Grocery,13,0.18,1085.39,7,Saturday,12,1
Second Class,Medium,Consumer,Europe,Office Supplies,15,0.06,378.62,1,Friday,7,0
Standard Class,Low,Corporate,Pacific Asia,Apparel,18,0.26,536.82,1,Monday,6,1
Standard Class,Medium,Corporate,USCA,Grocery,4,0.35,692.67,5,Wednesday,8,0
Standard Class,Medium,Consumer,Pacific Asia,Office Supplies,5,0.19,425.5,6,Friday,2,0
Standard Class,Medium,Consumer,USCA,Apparel,8,0.09,393.35,1,Wednesday,1,1
Standard Class,Medium,Consumer,USCA,Grocery,4,0.33,463.05,1,Friday,11,1
Standard Class,Low,Consumer,USCA,Electronics,17,0.13,514.45,4,Wednesday,3,0
Second Class,Medium,Consumer,LATAM,Office Supplies,17,0.24,310.2,2,Saturday,4,0
Standard Class,Medium,Consumer,Pacific Asia,Electronics,2,0.03,573.24,7,Saturday,1,0
Standard Class,High,Consumer,Africa,Grocery,16,0.29,936.71,7,Tuesday,4,1
Standard Class,Medium,Consumer,LATAM,Apparel,19,0.18,753.14,6,Saturday,12,0
Second Class,Low,Consumer,Europe,Office Supplies,7,0.17,461.92,5,Tuesday,9,0
Second Class,Medium,Consumer,Europe,Apparel,11,0.37,195.87,5,Wednesday,1,0
Second Class,High,Consumer,USCA,Electronics,1,0.2,990.61,3,Thursday,4,0
Second Class,Medium,Corporate,LATAM,Office Supplies,18,0.01,618.49,1,Friday,2,0
Standard Class,Medium,Corporate,LATAM,Electronics,7,0.38,1165.78,1,Wednesday,8,1
First Class,Medium,Home Office,Europe,Electronics,13,0.0,310.7,1,Saturday,9,0
Standard Class,Low,Consumer,Africa,Apparel,3,0.21,218.86,2,Sunday,11,1
Standard Class,High,Consumer,Pacific Asia,Grocery,9,0.25,19.53,1,Saturday,12,1
Second Class,Low,Consumer,Pacific Asia,Electronics,17,0.36,108.32,5,Friday,2,0
Standard Class,Medium,Corporate,USCA,Electronics,2,0.27,468.63,6,Friday,3,0
Second Class,Low,Corporate,USCA,Furniture,15,0.32,245.91,4,Thursday,11,0
Second Class,Low,Consumer,USCA,Apparel,9,0.31,55.08,4,Monday,12,0
Standard Class,Medium,Corporate,Europe,Electronics,7,0.09,278.19,3,Monday,7,0
Standard Class,Medium,Corporate,Europe,Furniture,19,0.28,877.22,2,Monday,12,1
Standard Class,Medium,Home Office,Pacific Asia,Apparel,11,0.26,885.48,2,Sunday,12,1
Same Day,Medium,Consumer,USCA,Office Supplies,18,0.1,188.07,6,Friday,3,0
Second Class,Medium,Consumer,LATAM,Grocery,17,0.05,1124.42,1,Saturday,5,0
Standard Class,Medium,Consumer,Africa,Apparel,4,0.3,199.25,3,Sunday,7,1
Standard Class,Medium,Consumer,Europe,Electronics,2,0.39,116.32,4,Thursday,11,0
Second Class,Medium,Home Office,USCA,Furniture,17,0.3,203.9,1,Wednesday,5,1
First Class,Medium,Consumer,USCA,Furniture,1,0.3,177.22,2,Saturday,8,0
Standard Class,Medium,Corporate,Europe,Office Supplies,13,0.07,761.73,1,Sunday,11,1
Standard Class,High,Consumer,Pacific Asia,Furniture,10,0.1,195.95,4,Tuesday,2,0
First Class,Low,Consumer,Pacific Asia,Electronics,17,0.23,764.85,3,Saturday,7,0
Standard Class,High,Consumer,Pacific Asia,Apparel,17,0.01,339.15,7,Thursday,8,0
Standard Class,Low,Consumer,Pacific Asia,Office Supplies,11,0.27,305.6,6,Tuesday,10,0
Same Day,Low,Corporate,LATAM,Grocery,9,0.06,1077.73,6,Wednesday,1,0
Second Class,Low,Home Office,USCA,Grocery,3,0.17,265.06,5,Monday,9,0
Standard Class,Medium,Corporate,Pacific Asia,Electronics,10,0.13,1038.86,1,Monday,2,1
Standard Class,Low,Corporate,Pacific Asia,Office Supplies,17,0.04,371.2,6,Sunday,4,0
Standard Class,High,Consumer,Africa,Office Supplies,16,0.23,1189.56,6,Thursday,5,1
Standard Class,High,Home Office,Africa,Electronics,16,0.14,1177.31,2,Wednesday,6,1
First Class,Medium,Consumer,USCA,Office Supplies,15,0.02,994.86,3,Thursday,10,0
Standard Class,Medium,Home Office,Europe,Furniture,13,0.18,1043.02,6,Monday,1,0
Second Class,High,Corporate,Pacific Asia,Furniture,2,0.24,989.68,7,Wednesday,9,0
Same Day,High,Consumer,LATAM,Electronics,6,0.05,759.28,1,Tuesday,9,0
Standard Class,Medium,Consumer,Africa,Electronics,3,0.23,972.74,2,Tuesday,2,1
Standard Class,Medium,Home Office,Pacific Asia,Furniture,1,0.12,757.65,2,Wednesday,7,1
Standard Class,Medium,Consumer,Europe,Apparel,17,0.1,1012.18,3,Tuesday,9,0
Same Day,Medium,Consumer,LATAM,Electronics,1,0.32,1123.31,2,Monday,10,0
First Class,Low,Consumer,Africa,Furniture,11,0.19,906.45,2,Sunday,9,0
Standard Class,Medium,Corporate,Europe,Apparel,4,0.15,1157.98,4,Saturday,10,0
Second Class,Low,Consumer,Europe,Apparel,11,0.33,543.39,7,Saturday,3,0
Second Class,Low,Corporate,LATAM,Furniture,13,0.36,1111.21,5,Tuesday,8,0
Same Day,Medium,Home Office,LATAM,Furniture,17,0.13,279.22,7,Sunday,2,0
Standard Class,Critical,Home Office,Africa,Office Supplies,13,0.02,47.33,3,Wednesday,9,1
Standard Class,Critical,Consumer,LATAM,Apparel,17,0.22,162.44,4,Saturday,6,1
First Class,Medium,Corporate,Pacific Asia,Grocery,2,0.29,200.69,5,Thursday,7,0
Standard Class,Medium,Consumer,LATAM,Office Supplies,2,0.24,991.07,6,Thursday,12,0
Standard Class,Low,Corporate,Europe,Office Supplies,18,0.28,487.2,1,Thursday,5,1
Standard Class,Medium,Home Office,LATAM,Apparel,6,0.26,287.48,4,Tuesday,11,0
Standard Class,Low,Corporate,Africa,Apparel,2,0.38,976.6,6,Thursday,1,1
Standard Class,Low,Home Office,Pacific Asia,Apparel,11,0.35,250.53,6,Monday,6,0
Same Day,Medium,Home Office,LATAM,Electronics,17,0.05,102.67,6,Monday,1,0
Standard Class,Low,Consumer,Pacific Asia,Furniture,9,0.18,564.77,5,Saturday,1,0
Standard Class,Low,Corporate,LATAM,Furniture,5,0.18,92.59,2,Wednesday,8,1
Second Class,High,Consumer,Pacific Asia,Furniture,15,0.18,341.94,6,Thursday,5,0
Standard Class,Low,Consumer,LATAM,Apparel,17,0.37,843.4,6,Sunday,7,1
Standard Class,Low,Consumer,LATAM,Office Supplies,10,0.13,455.69,3,Friday,7,0
Second Class,Low,Home Office,USCA,Apparel,6,0.25,114.1,4,Tuesday,9,0
First Class,Low,Consumer,Europe,Apparel,13,0.36,489.56,1,Sunday,10,1
Second Class,Low,Corporate,Africa,Office Supplies,16,0.02,620.64,7,Saturday,11,0
Second Class,High,Corporate,Africa,Grocery,2,0.35,307.77,4,Saturday,12,0
Standard Class,Low,Corporate,USCA,Electronics,5,0.31,213.36,2,Monday,10,1
Same Day,High,Corporate,LATAM,Grocery,17,0.08,916.39,7,Wednesday,3,0
Standard Class,Low,Consumer,Europe,Apparel,7,0.13,90.73,3,Sunday,8,0
First Class,Medium,Corporate,Pacific Asia,Furniture,17,0.12,1148.67,4,Friday,4,0
Standard Class,Medium,Corporate,USCA,Furniture,5,0.09,19.04,4,Saturday,8,0
Same Day,Medium,Corporate,Africa,Office Supplies,6,0.26,784.98,2,Tuesday,7,1
Second Class,Medium,Consumer,Africa,Apparel,10,0.39,168.99,6,Wednesday,1,0
First Class,High,Consumer,Africa,Office Supplies,5,0.07,661.05,7,Wednesday,3,0
Standard Class,Low,Home Office,LATAM,Office Supplies,14,0.09,232.9,3,Sunday,9,1
Standard Class,Medium,Consumer,Pacific Asia,Electronics,14,0.12,50.84,2,Wednesday,12,1
Second Class,High,Consumer,Pacific Asia,Office Supplies,2,0.38,1033.12,7,Wednesday,12,0
First Class,Low,Consumer,Pacific Asia,Apparel,9,0.25,514.48,2,Monday,2,0
Standard Class,Low,Consumer,LATAM,Electronics,18,0.09,337.51,5,Wednesday,4,0
Same Day,Low,Consumer,Africa,Furniture,18,0.32,1137.25,5,Wednesday,1,0
First Class,Medium,Corporate,Africa,Electronics,9,0.37,107.57,7,Thursday,1,0
Standard Class,Low,Home Office,LATAM,Apparel,5,0.16,424.73,5,Monday,9,0
First Class,Low,Consumer,Europe,Grocery,18,0.07,221.06,5,Friday,4,0
Standard Class,Medium,Consumer,LATAM,Electronics,12,0.12,1189.52,4,Wednesday,2,0
Standard Class,Medium,Corporate,LATAM,Grocery,6,0.09,659.76,4,Friday,2,0
Standard Class,Low,Consumer,Africa,Electronics,17,0.08,976.54,6,Monday,12,1
Second Class,Low,Home Office,Pacific Asia,Electronics,14,0.07,204.61,6,Monday,10,0
Second Class,Medium,Consumer,Africa,Office Supplies,10,0.35,372.28,2,Sunday,12,1
Standard Class,High,Consumer,Europe,Grocery,19,0.03,747.33,3,Saturday,8,0
Second Class,Medium,Corporate,USCA,Grocery,3,0.17,221.86,5,Thursday,7,0
Second Class,High,Corporate,USCA,Electronics,10,0.01,605.07,2,Monday,2,0
Second Class,Low,Corporate,LATAM,Apparel,14,0.12,1118.62,7,Saturday,8,0
Standard Class,Low,Consumer,USCA,Apparel,15,0.28,1117.0,6,Saturday,4,1
First Class,Medium,Consumer,Pacific Asia,Grocery,16,0.08,432.31,3,Saturday,1,0
Standard Class,High,Home Office,Africa,Office Supplies,6,0.4,624.21,2,Wednesday,7,1
Standard Class,Medium,Home Office,Europe,Office Supplies,14,0.02,246.11,5,Wednesday,7,1
Standard Class,High,Consumer,Europe,Apparel,4,0.05,1174.43,5,Saturday,3,0
Standard Class,Critical,Home Office,Europe,Office Supplies,13,0.31,628.65,4,Friday,4,1
First Class,Low,Corporate,Africa,Electronics,8,0.39,255.51,1,Monday,10,1
Standard Class,Low,Corporate,Pacific Asia,Electronics,9,0.38,1015.27,1,Wednesday,5,1
Second Class,Low,Consumer,Europe,Grocery,11,0.32,510.25,5,Thursday,4,0
Standard Class,Low,Corporate,USCA,Furniture,5,0.39,767.0,2,Friday,5,1
Standard Class,Low,Consumer,Pacific Asia,Apparel,5,0.34,1013.84,4,Wednesday,2,0
Same Day,High,Corporate,Pacific Asia,Apparel,18,0.02,377.95,3,Thursday,2,0
First Class,Low,Consumer,Pacific Asia,Furniture,16,0.34,697.71,2,Sunday,2,1
Standard Class,Low,Corporate,Europe,Office Supplies,19,0.19,76.78,2,Saturday,12,1
Standard Class,Low,Consumer,Pacific Asia,Electronics,9,0.18,289.11,1,Sunday,7,1
Standard Class,High,Consumer,Europe,Electronics,11,0.0,175.12,4,Tuesday,7,0
Standard Class,Medium,Consumer,USCA,Apparel,11,0.25,776.59,7,Friday,8,0
First Class,High,Consumer,USCA,Apparel,14,0.27,313.04,5,Thursday,1,0
First Class,Critical,Consumer,USCA,Office Supplies,10,0.32,914.38,5,Friday,11,0
Standard Class,Medium,Consumer,USCA,Office Supplies,9,0.13,915.75,5,Friday,5,0
Same Day,Low,Home Office,Pacific Asia,Apparel,5,0.05,943.25,6,Tuesday,12,0
Second Class,Low,Corporate,Pacific Asia,Office Supplies,11,0.18,167.83,2,Tuesday,12,0
Standard Class,Low,Corporate,Europe,Furniture,9,0.14,636.0,3,Sunday,5,0
Standard Class,Medium,Consumer,USCA,Electronics,13,0.3,818.13,2,Saturday,11,1
Second Class,Low,Consumer,LATAM,Apparel,19,0.09,394.1,5,Tuesday,10,0
Second Class,Low,Consumer,USCA,Furniture,8,0.06,319.48,3,Thursday,3,0
Standard Class,Medium,Corporate,Africa,Furniture,4,0.18,864.37,7,Tuesday,5,1
Standard Class,Medium,Consumer,LATAM,Grocery,12,0.25,428.04,7,Sunday,11,0
Standard Class,Medium,Corporate,Africa,Apparel,7,0.11,306.17,1,Saturday,6,1
First Class,Low,Consumer,LATAM,Grocery,8,0.05,679.86,1,Sunday,1,0
Standard Class,High,Home Office,Europe,Furniture,19,0.18,748.26,7,Monday,3,0
Standard Class,Medium,Consumer,Pacific Asia,Apparel,8,0.38,934.39,3,Saturday,9,0
First Class,Low,Consumer,Europe,Grocery,19,0.39,58.71,4,Thursday,11,0
Same Day,High,Corporate,LATAM,Electronics,4,0.28,217.64,6,Sunday,8,0
Same Day,Critical,Home Office,USCA,Apparel,10,0.31,934.93,1,Tuesday,12,1
Standard Class,Low,Corporate,Europe,Grocery,15,0.08,642.93,2,Saturday,9,1
Standard Class,Low,Consumer,LATAM,Office Supplies,8,0.15,969.23,5,Monday,9,0
Standard Class,Medium,Corporate,USCA,Apparel,15,0.24,543.75,1,Sunday,7,1
Standard Class,Low,Home Office,Pacific Asia,Office Supplies,16,0.3,556.67,3,Wednesday,11,1
Same Day,High,Consumer,LATAM,Apparel,7,0.07,459.31,1,Thursday,2,0
Standard Class,Low,Consumer,Africa,Grocery,8,0.18,832.52,7,Friday,10,1
Standard Class,High,Home Office,Africa,Grocery,13,0.07,712.35,3,Thursday,6,1
Standard Class,Medium,Home Office,Africa,Apparel,13,0.25,477.35,6,Saturday,3,1
Standard Class,Medium,Corporate,USCA,Furniture,2,0.31,233.18,3,Saturday,10,0
First Class,Low,Home Office,USCA,Grocery,15,0.33,12.85,4,Friday,9,0
Standard Class,Low,Consumer,Europe,Apparel,6,0.29,118.71,7,Friday,9,0
Standard Class,Low,Corporate,USCA,Apparel,18,0.06,138.33,6,Wednesday,12,0
Standard Class,Low,Corporate,LATAM,Electronics,7,0.33,687.57,1,Sunday,9,1
Standard Class,Low,Corporate,Africa,Office Supplies,2,0.13,913.45,5,Friday,11,1
Standard Class,High,Corporate,Pacific Asia,Electronics,2,0.33,553.69,1,Saturday,4,1
Second Class,Low,Home Office,Africa,Office Supplies,1,0.1,502.97,3,Sunday,3,0
Second Class,High,Consumer,LATAM,Office Supplies,14,0.19,167.21,1,Monday,9,0
Second Class,Medium,Consumer,Pacific Asia,Electronics,2,0.23,1082.21,6,Tuesday,8,0
Same Day,High,Consumer,Europe,Furniture,10,0.01,884.89,5,Friday,6,0
Same Day,Critical,Corporate,USCA,Apparel,4,0.36,506.12,4,Monday,4,0
Same Day,Low,Consumer,LATAM,Grocery,4,0.2,125.45,4,Friday,1,0
Standard Class,High,Home Office,USCA,Apparel,7,0.08,1016.84,4,Sunday,3,0
Standard Class,Medium,Consumer,Europe,Electronics,5,0.06,211.86,3,Sunday,11,0
Standard Class,High,Consumer,Pacific Asia,Furniture,12,0.27,811.32,6,Saturday,7,0
First Class,Medium,Corporate,LATAM,Grocery,12,0.03,414.13,2,Tuesday,6,0
Same Day,Medium,Corporate,Pacific Asia,Grocery,6,0.18,1032.87,3,Monday,11,0
First Class,Low,Consumer,LATAM,Furniture,18,0.22,708.46,7,Saturday,5,0
Standard Class,Low,Corporate,Europe,Grocery,2,0.09,280.6,5,Wednesday,7,0
Same Day,Medium,Consumer,Europe,Grocery,19,0.05,25.07,4,Wednesday,8,0
Standard Class,Critical,Consumer,Europe,Furniture,16,0.2,262.71,3,Monday,11,1
Standard Class,Medium,Consumer,USCA,Electronics,2,0.14,444.75,3,Thursday,10,0
Standard Class,Low,Corporate,Africa,Electronics,17,0.06,852.98,4,Friday,10,1
Standard Class,High,Consumer,Pacific Asia,Grocery,7,0.08,267.17,6,Wednesday,9,0
Standard Class,High,Home Office,LATAM,Electronics,7,0.19,321.19,1,Tuesday,9,1
Standard Class,Low,Corporate,Pacific Asia,Electronics,12,0.05,527.77,5,Sunday,2,0
Standard Class,Low,Consumer,Africa,Grocery,11,0.37,61.08,2,Saturday,10,1
Second Class,Low,Consumer,USCA,Grocery,17,0.31,924.4,2,Wednesday,5,1
First Class,High,Consumer,USCA,Electronics,11,0.13,103.72,6,Thursday,10,0
Second Class,High,Corporate,Africa,Office Supplies,8,0.1,887.05,5,Sunday,4,0
Standard Class,Low,Corporate,LATAM,Furniture,6,0.35,328.88,3,Thursday,9,0
First Class,Low,Corporate,Africa,Electronics,6,0.17,557.32,4,Tuesday,5,0
Same Day,High,Consumer,USCA,Electronics,15,0.35,498.37,4,Monday,11,0
Standard Class,High,Consumer,USCA,Office Supplies,12,0.3,311.38,5,Sunday,2,0
Standard Class,High,Consumer,Pacific Asia,Apparel,9,0.04,314.3,5,Monday,9,0
Standard Class,Medium,Consumer,LATAM,Apparel,13,0.33,1139.37,4,Sunday,3,1
Standard Class,Low,Consumer,LATAM,Furniture,15,0.22,373.51,4,Tuesday,4,0
Second Class,Medium,Home Office,USCA,Grocery,15,0.27,227.88,5,Wednesday,6,0
First Class,Low,Corporate,Africa,Electronics,13,0.09,308.09,3,Saturday,6,0
Standard Class,High,Corporate,USCA,Office Supplies,9,0.0,837.29,2,Monday,6,1
First Class,Low,Consumer,Pacific Asia,Grocery,11,0.13,377.56,2,Monday,6,0
First Class,High,Consumer,Africa,Grocery,11,0.08,214.21,7,Sunday,3,0
Same Day,Low,Consumer,USCA,Apparel,9,0.17,503.24,1,Wednesday,7,0
Standard Class,High,Consumer,LATAM,Electronics,17,0.04,149.88,5,Friday,12,0
Same Day,Low,Corporate,Pacific Asia,Furniture,6,0.36,484.41,7,Thursday,2,0
Standard Class,Medium,Consumer,USCA,Office Supplies,5,0.05,1036.04,1,Tuesday,5,1
Second Class,Medium,Home Office,USCA,Electronics,3,0.31,453.77,1,Wednesday,10,0
Standard Class,Low,Home Office,Europe,Grocery,6,0.38,621.82,6,Thursday,9,0
Standard Class,High,Consumer,Africa,Grocery,17,0.06,949.08,2,Friday,8,1
Second Class,Medium,Corporate,Europe,Furniture,11,0.14,624.01,4,Friday,4,0
Standard Class,Medium,Corporate,LATAM,Apparel,4,0.29,66.39,4,Tuesday,10,0
Standard Class,High,Consumer,Africa,Furniture,12,0.29,265.7,4,Sunday,5,1
Standard Class,High,Home Office,Pacific Asia,Furniture,10,0.01,1074.17,6,Saturday,11,0
Second Class,Medium,Consumer,Africa,Electronics,17,0.03,964.6,5,Friday,2,0
Standard Class,High,Corporate,USCA,Apparel,6,0.05,915.2,2,Friday,3,1
First Class,Low,Consumer,USCA,Grocery,18,0.23,661.49,6,Saturday,1,0
Standard Class,Low,Consumer,USCA,Apparel,19,0.02,430.38,7,Tuesday,5,0
Standard Class,Medium,Consumer,Africa,Electronics,15,0.24,836.32,5,Monday,8,1
Standard Class,Low,Home Office,USCA,Electronics,12,0.14,799.39,7,Monday,6,0
Standard Class,Medium,Consumer,USCA,Furniture,19,0.27,774.89,5,Wednesday,5,1
Standard Class,Low,Consumer,Europe,Electronics,5,0.31,609.37,3,Sunday,4,0
Standard Class,Medium,Consumer,USCA,Apparel,18,0.32,318.67,4,Thursday,2,1
Same Day,High,Consumer,Europe,Furniture,12,0.02,528.16,3,Wednesday,9,0
Second Class,Medium,Corporate,LATAM,Furniture,15,0.38,619.42,3,Sunday,4,0
Standard Class,Critical,Corporate,Africa,Furniture,10,0.23,267.05,2,Saturday,9,1
Standard Class,High,Home Office,Europe,Apparel,19,0.36,283.77,4,Thursday,2,1
First Class,Low,Corporate,Africa,Furniture,9,0.25,952.29,6,Tuesday,8,0
Standard Class,Low,Home Office,Africa,Office Supplies,6,0.19,390.53,6,Wednesday,11,1
Standard Class,Low,Corporate,Pacific Asia,Office Supplies,14,0.29,1168.67,1,Thursday,5,1
First Class,High,Home Office,Europe,Apparel,1,0.09,529.31,3,Saturday,7,0
Second Class,Low,Consumer,USCA,Grocery,1,0.04,734.41,3,Sunday,7,0
Second Class,Low,Consumer,Pacific Asia,Grocery,11,0.04,609.69,1,Tuesday,1,0
Standard Class,High,Home Office,Europe,Furniture,3,0.34,596.82,1,Thursday,3,1
Standard Class,Medium,Corporate,Europe,Apparel,5,0.36,1069.11,2,Saturday,7,1
Second Class,Low,Home Office,LATAM,Furniture,8,0.33,120.69,3,Friday,12,0
Standard Class,Low,Consumer,USCA,Furniture,18,0.36,421.42,3,Sunday,1,1
Standard Class,High,Home Office,LATAM,Office Supplies,5,0.39,350.35,2,Saturday,4,1
Standard Class,High,Corporate,Africa,Electronics,12,0.21,397.95,6,Wednesday,11,1
Standard Class,Low,Consumer,USCA,Apparel,18,0.06,1095.98,6,Tuesday,4,0
Same Day,Medium,Consumer,LATAM,Electronics,12,0.24,93.17,1,Tuesday,8,0
First Class,High,Consumer,LATAM,Office Supplies,8,0.14,347.23,3,Sunday,8,0
Second Class,High,Home Office,USCA,Electronics,9,0.14,887.84,1,Friday,7,0
Standard Class,High,Corporate,Europe,Office Supplies,15,0.29,294.11,7,Monday,8,1
Standard Class,Medium,Home Office,Africa,Grocery,3,0.04,1001.4,6,Monday,2,1
Standard Class,High,Consumer,Pacific Asia,Office Supplies,15,0.02,402.6,5,Friday,10,0
Standard Class,Low,Home Office,Pacific Asia,Apparel,4,0.28,144.7,7,Thursday,7,0
Same Day,Low,Consumer,Pacific Asia,Grocery,16,0.1,627.87,3,Wednesday,7,0
Standard Class,Medium,Consumer,Africa,Furniture,19,0.15,618.49,5,Sunday,12,1
Standard Class,Medium,Consumer,USCA,Apparel,18,0.12,56.57,3,Tuesday,3,0
Standard Class,High,Home Office,USCA,Apparel,16,0.25,864.31,1,Tuesday,9,1
Second Class,Low,Consumer,USCA,Apparel,12,0.06,178.67,5,Friday,2,0
Standard Class,High,Consumer,Pacific Asia,Electronics,12,0.29,263.98,2,Sunday,5,1
Standard Class,Low,Consumer,Europe,Electronics,4,0.37,679.35,4,Wednesday,1,0
Standard Class,Medium,Consumer,LATAM,Furniture,15,0.33,1070.03,6,Thursday,2,1
First Class,Low,Home Office,Pacific Asia,Electronics,19,0.36,34.55,2,Friday,12,1
Standard Class,Medium,Corporate,Africa,Apparel,18,0.37,989.07,2,Sunday,11,1
Same Day,Medium,Corporate,USCA,Office Supplies,11,0.15,907.43,5,Saturday,12,0
First Class,Low,Home Office,LATAM,Furniture,15,0.32,202.41,5,Monday,5,0
Standard Class,Low,Corporate,USCA,Furniture,16,0.2,453.92,2,Sunday,5,1
First Class,Medium,Home Office,USCA,Apparel,11,0.11,1088.11,5,Tuesday,9,0
Standard Class,High,Consumer,USCA,Grocery,11,0.3,184.2,2,Wednesday,3,1
Same Day,Low,Home Office,Europe,Electronics,13,0.1,142.52,7,Friday,12,0
Standard Class,Low,Consumer,LATAM,Grocery,7,0.04,884.9,6,Saturday,4,0
Standard Class,Low,Corporate,Pacific Asia,Apparel,15,0.28,570.39,3,Thursday,3,1
Standard Class,High,Corporate,Europe,Grocery,17,0.12,348.1,4,Wednesday,5,0
Standard Class,Low,Consumer,Africa,Apparel,13,0.12,214.52,3,Sunday,11,1
Same Day,Low,Consumer,Africa,Electronics,4,0.35,869.44,5,Monday,11,0
Standard Class,High,Consumer,Pacific Asia,Electronics,1,0.05,533.01,2,Tuesday,7,1
Second Class,Medium,Consumer,LATAM,Furniture,12,0.31,294.89,3,Tuesday,1,0
Standard Class,Low,Corporate,Pacific Asia,Grocery,4,0.15,1132.63,2,Tuesday,6,1
Same Day,Critical,Home Office,Europe,Grocery,1,0.36,677.67,3,Friday,1,0
Standard Class,Medium,Corporate,LATAM,Grocery,6,0.18,430.34,1,Thursday,12,1
Standard Class,Medium,Corporate,Africa,Grocery,11,0.16,866.39,1,Thursday,6,1
Standard Class,Low,Consumer,LATAM,Office Supplies,18,0.17,600.75,1,Friday,5,1
Second Class,High,Consumer,LATAM,Furniture,18,0.34,21.21,4,Friday,5,0
Standard Class,Low,Corporate,LATAM,Furniture,6,0.0,1010.35,3,Friday,11,0
Standard Class,Low,Home Office,Pacific Asia,Office Supplies,14,0.28,88.95,6,Sunday,7,1
Standard Class,Low,Home Office,USCA,Grocery,6,0.08,1187.33,5,Sunday,4,0
Second Class,High,Consumer,Europe,Office Supplies,15,0.35,426.19,3,Monday,8,0
Standard Class,Medium,Corporate,LATAM,Grocery,1,0.15,634.56,6,Monday,3,0
Second Class,Medium,Corporate,LATAM,Office Supplies,17,0.14,1199.46,7,Friday,4,0
Standard Class,Low,Corporate,Pacific Asia,Furniture,12,0.29,330.35,2,Monday,11,1
First Class,Medium,Corporate,Europe,Office Supplies,3,0.29,560.58,7,Sunday,7,0
Same Day,High,Corporate,Europe,Apparel,2,0.25,908.32,3,Friday,8,0
Standard Class,Low,Consumer,Africa,Grocery,6,0.13,565.71,3,Tuesday,12,1
Standard Class,High,Home Office,Europe,Office Supplies,5,0.24,407.25,1,Wednesday,9,1
Standard Class,Low,Consumer,Europe,Grocery,8,0.02,153.55,7,Friday,7,0
Standard Class,High,Consumer,LATAM,Electronics,2,0.38,620.53,7,Tuesday,12,0
Standard Class,Low,Home Office,USCA,Grocery,12,0.18,666.58,2,Monday,5,1
Second Class,Medium,Consumer,LATAM,Office Supplies,7,0.12,287.06,3,Sunday,7,0
Standard Class,Critical,Consumer,Pacific Asia,Grocery,14,0.34,407.33,4,Thursday,5,1
Same Day,Critical,Consumer,Europe,Apparel,10,0.13,365.36,5,Monday,10,0
Standard Class,Low,Corporate,USCA,Apparel,14,0.4,518.57,1,Friday,5,1
Second Class,Medium,Consumer,LATAM,Office Supplies,11,0.28,959.9,3,Friday,7,0
Standard Class,Low,Consumer,Africa,Office Supplies,19,0.26,405.77,7,Friday,8,1
Standard Class,High,Consumer,Pacific Asia,Grocery,1,0.06,334.22,2,Friday,4,1
Standard Class,Medium,Home Office,Pacific Asia,Furniture,2,0.24,1009.42,7,Wednesday,2,0
Standard Class,Low,Consumer,Pacific Asia,Apparel,3,0.06,975.19,1,Friday,2,1
Standard Class,Low,Corporate,LATAM,Apparel,5,0.31,954.02,1,Saturday,12,1
Second Class,High,Consumer,USCA,Electronics,11,0.06,893.89,7,Wednesday,8,0
Same Day,Medium,Corporate,USCA,Electronics,19,0.14,1067.57,6,Wednesday,3,0
Standard Class,Low,Consumer,Europe,Furniture,7,0.19,858.74,7,Saturday,11,0
Standard Class,Low,Corporate,USCA,Apparel,16,0.32,211.59,3,Tuesday,4,1
Standard Class,Low,Corporate,Africa,Office Supplies,8,0.25,49.24,6,Saturday,3,1
Standard Class,Medium,Consumer,Pacific Asia,Apparel,4,0.3,226.42,7,Saturday,12,0
Standard Class,High,Home Office,LATAM,Office Supplies,12,0.1,443.92,2,Monday,5,1
First Class,High,Home Office,Pacific Asia,Office Supplies,18,0.09,72.99,2,Wednesday,11,0
Same Day,Medium,Consumer,Pacific Asia,Furniture,14,0.15,910.83,4,Tuesday,7,0
Same Day,High,Corporate,Africa,Apparel,17,0.01,773.16,1,Monday,3,1
Standard Class,Medium,Corporate,Pacific Asia,Grocery,12,0.33,864.42,4,Monday,2,0
First Class,Low,Consumer,Pacific Asia,Apparel,9,0.15,123.99,7,Monday,7,0
Second Class,Critical,Consumer,Africa,Apparel,16,0.03,401.24,7,Saturday,12,1
Standard Class,Low,Home Office,Africa,Electronics,10,0.35,556.7,2,Wednesday,12,1
Standard Class,Low,Corporate,USCA,Furniture,11,0.39,727.09,5,Thursday,1,0
First Class,Critical,Home Office,Pacific Asia,Grocery,9,0.26,965.3,5,Wednesday,1,0
Standard Class,Low,Corporate,Europe,Grocery,1,0.14,1172.56,5,Friday,2,0
Standard Class,High,Consumer,Europe,Grocery,16,0.17,107.82,3,Friday,12,0
Standard Class,High,Consumer,Europe,Office Supplies,4,0.1,773.56,3,Tuesday,4,0
Second Class,Medium,Corporate,Africa,Furniture,8,0.28,170.48,7,Saturday,4,0
Standard Class,Low,Corporate,Pacific Asia,Electronics,2,0.14,366.85,2,Saturday,10,1
Same Day,Low,Consumer,USCA,Office Supplies,14,0.01,928.74,4,Tuesday,2,0
Second Class,Low,Corporate,Pacific Asia,Grocery,9,0.02,1192.98,6,Saturday,6,0
Second Class,Medium,Home Office,Europe,Office Supplies,14,0.25,636.51,7,Saturday,9,0
Standard Class,High,Corporate,LATAM,Office Supplies,14,0.12,430.21,3,Thursday,12,0
Second Class,Medium,Consumer,Europe,Grocery,12,0.07,264.77,2,Monday,8,0
Standard Class,Medium,Consumer,Africa,Grocery,11,0.22,941.21,5,Sunday,9,1
Standard Class,Medium,Home Office,Pacific Asia,Electronics,1,0.11,1085.43,6,Saturday,10,0
Standard Class,Medium,Home Office,Africa,Furniture,1,0.03,1019.81,5,Sunday,9,1
Standard Class,High,Consumer,USCA,Apparel,11,0.08,616.53,1,Wednesday,7,1
Second Class,Low,Home Office,Pacific Asia,Apparel,15,0.31,711.1,4,Monday,4,0
Standard Class,High,Consumer,Pacific Asia,Apparel,9,0.34,1005.58,2,Wednesday,7,1
Standard Class,Medium,Consumer,Pacific Asia,Electronics,17,0.35,1115.34,7,Thursday,4,1
Standard Class,Low,Consumer,LATAM,Office Supplies,10,0.21,1127.42,2,Tuesday,12,1
Same Day,Low,Consumer,Pacific Asia,Grocery,15,0.38,830.84,6,Thursday,11,0
Second Class,Low,Home Office,LATAM,Furniture,12,0.06,238.1,5,Monday,11,0
Second Class,Medium,Corporate,Pacific Asia,Apparel,5,0.27,382.46,3,Saturday,6,0
Standard Class,Low,Consumer,Europe,Furniture,14,0.28,326.81,3,Tuesday,8,1
Standard Class,High,Home Office,USCA,Furniture,10,0.02,216.44,2,Monday,4,1
Same Day,Medium,Home Office,Pacific Asia,Grocery,1,0.11,308.4,6,Monday,2,0
Standard Class,High,Consumer,Africa,Electronics,16,0.38,1045.15,7,Tuesday,5,1
Standard Class,Low,Corporate,Europe,Grocery,4,0.3,926.7,3,Friday,2,0
Second Class,Low,Corporate,Africa,Electronics,5,0.02,62.05,2,Tuesday,10,1
Standard Class,Low,Corporate,Africa,Office Supplies,9,0.22,185.77,7,Sunday,3,1
First Class,Low,Corporate,LATAM,Furniture,17,0.26,1181.94,1,Wednesday,3,1
Standard Class,High,Consumer,USCA,Apparel,6,0.39,278.91,3,Tuesday,1,0
Standard Class,Low,Consumer,Africa,Furniture,5,0.29,764.93,1,Sunday,1,1
Standard Class,Medium,Home Office,Europe,Grocery,18,0.26,254.62,6,Friday,4,1
Standard Class,Low,Home Office,USCA,Electronics,17,0.36,288.07,4,Sunday,10,1
First Class,Medium,Consumer,Europe,Office Supplies,11,0.26,603.24,1,Thursday,2,0
Second Class,High,Consumer,Africa,Office Supplies,3,0.37,590.32,4,Wednesday,6,0
Standard Class,Medium,Home Office,USCA,Electronics,6,0.2,778.95,7,Friday,12,0
Standard Class,Medium,Consumer,Pacific Asia,Electronics,9,0.29,210.16,1,Wednesday,7,1
Second Class,Low,Consumer,Africa,Electronics,13,0.25,322.63,3,Wednesday,4,0
Second Class,High,Consumer,Africa,Office Supplies,1,0.22,752.74,1,Wednesday,10,1
Standard Class,Medium,Consumer,LATAM,Furniture,15,0.13,125.91,3,Thursday,3,0
Standard Class,Medium,Consumer,Europe,Furniture,4,0.36,1092.1,2,Friday,6,1
Standard Class,Medium,Corporate,Pacific Asia,Office Supplies,2,0.11,222.77,2,Thursday,5,1
Second Class,High,Consumer,USCA,Apparel,16,0.06,531.69,7,Saturday,3,0
Same Day,Medium,Home Office,Africa,Grocery,6,0.28,139.29,4,Sunday,1,0
Standard Class,Medium,Home Office,Africa,Office Supplies,15,0.22,824.95,5,Tuesday,10,1
Second Class,Medium,Home Office,Pacific Asia,Apparel,19,0.11,399.04,6,Saturday,4,0
Standard Class,Low,Home Office,Africa,Grocery,7,0.35,97.63,1,Thursday,3,1
Standard Class,Medium,Corporate,Europe,Furniture,11,0.11,715.24,3,Sunday,11,0
Standard Class,Medium,Consumer,USCA,Electronics,18,0.03,1177.0,5,Friday,7,1
First Class,Medium,Consumer,Pacific Asia,Grocery,8,0.01,1046.36,2,Wednesday,5,0
Standard Class,Medium,Consumer,Pacific Asia,Electronics,2,0.37,846.44,3,Monday,12,0
Standard Class,Low,Consumer,LATAM,Apparel,12,0.16,25.05,3,Sunday,10,0
Standard Class,High,Corporate,USCA,Office Supplies,8,0.09,1033.24,5,Sunday,4,0
Standard Class,High,Home Office,Pacific Asia,Office Supplies,1,0.23,1077.11,3,Saturday,3,0
Standard Class,High,Consumer,Africa,Electronics,7,0.2,55.22,5,Saturday,4,0
Second Class,Low,Corporate,USCA,Grocery,9,0.4,155.64,1,Saturday,11,0
Standard Class,Medium,Corporate,Europe,Grocery,9,0.36,547.24,1,Saturday,3,1
Second Class,High,Consumer,Pacific Asia,Apparel,2,0.11,488.46,1,Monday,4,0
Standard Class,Medium,Home Office,Europe,Office Supplies,4,0.28,360.36,2,Sunday,11,1
Standard Class,Medium,Corporate,Pacific Asia,Electronics,14,0.15,245.52,6,Tuesday,5,1
Standard Class,High,Consumer,Africa,Furniture,14,0.15,663.44,5,Tuesday,10,1
Standard Class,Medium,Home Office,LATAM,Office Supplies,8,0.15,927.87,1,Wednesday,6,1
Standard Class,Medium,Corporate,Africa,Office Supplies,9,0.26,1125.08,2,Friday,8,1
Standard Class,Low,Consumer,Europe,Apparel,3,0.22,368.31,2,Tuesday,5,1
Second Class,Low,Corporate,USCA,Office Supplies,19,0.3,846.85,6,Monday,5,0
Second Class,Low,Corporate,Europe,Apparel,6,0.06,947.95,2,Friday,2,0
Standard Class,High,Consumer,LATAM,Apparel,1,0.17,578.77,1,Tuesday,11,1
Standard Class,Medium,Home Office,Pacific Asia,Furniture,18,0.34,1106.1,3,Monday,12,1
Standard Class,Medium,Home Office,Pacific Asia,Grocery,8,0.0,37.35,6,Tuesday,4,0
Standard Class,High,Corporate,Europe,Office Supplies,7,0.25,1081.57,1,Wednesday,4,1
Standard Class,Medium,Corporate,USCA,Apparel,7,0.31,1072.08,7,Friday,4,0
First Class,Medium,Home Office,Pacific Asia,Apparel,10,0.15,173.03,6,Saturday,6,0
Standard Class,Low,Consumer,Pacific Asia,Grocery,4,0.35,532.91,6,Wednesday,6,0
Standard Class,High,Home Office,LATAM,Grocery,18,0.29,623.87,2,Wednesday,3,1
Standard Class,Low,Corporate,LATAM,Apparel,19,0.24,488.35,4,Saturday,3,0
Standard Class,Low,Consumer,USCA,Office Supplies,10,0.08,1075.71,1,Sunday,9,1
Second Class,Low,Corporate,Pacific Asia,Office Supplies,19,0.27,858.45,1,Friday,3,1
Standard Class,Low,Corporate,Africa,Office Supplies,3,0.33,156.97,7,Tuesday,5,1
Standard Class,Low,Consumer,Europe,Grocery,17,0.29,1112.55,3,Sunday,7,1
Second Class,Medium,Corporate,Pacific Asia,Office Supplies,1,0.23,64.94,1,Thursday,12,0
Standard Class,Low,Corporate,Europe,Office Supplies,8,0.29,718.84,1,Wednesday,3,1
Second Class,Medium,Corporate,Pacific Asia,Office Supplies,17,0.39,632.0,2,Monday,5,1
Second Class,Low,Consumer,LATAM,Grocery,4,0.0,96.16,6,Friday,11,0
Standard Class,Low,Corporate,USCA,Electronics,2,0.27,838.05,6,Sunday,4,0
Second Class,Medium,Corporate,Africa,Electronics,17,0.32,1155.45,6,Monday,2,0
Standard Class,High,Home Office,LATAM,Office Supplies,2,0.26,555.55,6,Thursday,3,0
Standard Class,High,Home Office,USCA,Electronics,1,0.11,621.54,2,Sunday,7,1
Standard Class,Critical,Home Office,LATAM,Office Supplies,5,0.33,466.82,4,Saturday,7,1
Standard Class,Medium,Consumer,Europe,Grocery,6,0.37,1051.5,6,Sunday,1,0
Second Class,Medium,Home Office,Pacific Asia,Office Supplies,12,0.27,1114.08,6,Tuesday,11,0
First Class,Medium,Consumer,LATAM,Furniture,10,0.2,482.53,2,Thursday,6,0
Same Day,Medium,Consumer,USCA,Apparel,8,0.15,1070.14,6,Sunday,8,0
Second Class,Low,Consumer,Pacific Asia,Grocery,14,0.13,253.2,6,Monday,12,0
Standard Class,Medium,Home Office,Europe,Furniture,4,0.29,554.87,5,Wednesday,12,0
Standard Class,Low,Consumer,Europe,Furniture,19,0.24,309.78,6,Sunday,6,0
Standard Class,Medium,Consumer,Africa,Apparel,5,0.06,276.44,7,Wednesday,6,1
Standard Class,Medium,Consumer,Pacific Asia,Furniture,7,0.06,1029.83,3,Thursday,6,0
Standard Class,Low,Corporate,Europe,Apparel,2,0.03,859.93,1,Sunday,11,1
Same Day,Low,Home Office,LATAM,Office Supplies,11,0.27,89.62,1,Monday,1,0
Standard Class,Low,Consumer,Europe,Grocery,10,0.13,911.32,5,Sunday,9,0
Standard Class,Critical,Corporate,Europe,Grocery,18,0.01,691.78,3,Friday,11,1
Standard Class,Low,Consumer,Europe,Grocery,2,0.14,946.5,5,Wednesday,6,0
First Class,Low,Consumer,Africa,Apparel,14,0.33,716.07,5,Monday,11,1
Second Class,High,Consumer,USCA,Apparel,10,0.1,459.11,6,Tuesday,11,0
Second Class,Medium,Consumer,Europe,Furniture,6,0.25,599.02,3,Sunday,12,0
Standard Class,Low,Corporate,USCA,Grocery,3,0.18,178.53,7,Tuesday,5,0
First Class,Low,Consumer,Pacific Asia,Furniture,16,0.22,379.62,1,Sunday,8,0
Standard Class,Low,Home Office,USCA,Office Supplies,8,0.24,36.57,1,Sunday,7,1
First Class,Low,Home Office,Pacific Asia,Furniture,9,0.18,493.41,3,Sunday,7,0
Standard Class,Low,Consumer,Africa,Grocery,11,0.02,118.57,2,Thursday,3,1
Standard Class,Medium,Consumer,Pacific Asia,Apparel,16,0.23,796.14,6,Saturday,2,0
Standard Class,High,Corporate,Pacific Asia,Furniture,2,0.16,1095.93,3,Sunday,1,0
Second Class,Medium,Consumer,LATAM,Furniture,5,0.08,891.4,5,Thursday,5,0
Standard Class,Medium,Consumer,Africa,Apparel,1,0.36,256.84,5,Saturday,3,1
First Class,Low,Consumer,Europe,Apparel,15,0.29,613.43,7,Monday,12,0
Standard Class,Low,Home Office,Africa,Grocery,7,0.11,857.24,7,Monday,4,1
Standard Class,High,Corporate,LATAM,Office Supplies,16,0.22,968.78,1,Monday,10,1
Standard Class,Low,Consumer,Pacific Asia,Grocery,12,0.39,346.78,7,Thursday,12,0
Standard Class,High,Consumer,Africa,Furniture,19,0.1,577.72,7,Saturday,1,1
Standard Class,Medium,Consumer,LATAM,Grocery,15,0.38,134.16,3,Monday,7,1
Standard Class,High,Consumer,Europe,Grocery,3,0.27,874.37,3,Friday,12,0
Second Class,Low,Consumer,Pacific Asia,Apparel,5,0.22,527.34,1,Wednesday,12,0
Standard Class,Low,Home Office,Africa,Office Supplies,15,0.39,59.61,5,Friday,9,1
Same Day,High,Consumer,Africa,Office Supplies,17,0.13,640.01,1,Saturday,1,1
Second Class,High,Consumer,Pacific Asia,Grocery,16,0.11,951.75,4,Saturday,7,0
First Class,Low,Consumer,Africa,Apparel,16,0.14,62.88,6,Wednesday,8,0
Standard Class,Critical,Consumer,Pacific Asia,Apparel,12,0.3,489.96,5,Thursday,10,1
Standard Class,Low,Home Office,LATAM,Furniture,4,0.13,583.42,3,Sunday,5,0
Standard Class,Low,Consumer,Pacific Asia,Electronics,5,0.04,1199.46,2,Saturday,1,1
Second Class,Medium,Consumer,Europe,Furniture,8,0.26,270.27,2,Tuesday,9,0
First Class,Medium,Consumer,Pacific Asia,Furniture,12,0.09,984.8,2,Sunday,5,0
Standard Class,Critical,Consumer,Africa,Furniture,5,0.0,183.65,3,Tuesday,3,1
Standard Class,Medium,Home Office,Pacific Asia,Electronics,11,0.08,1157.16,3,Thursday,2,0
First Class,Low,Consumer,Pacific Asia,Apparel,19,0.33,374.98,6,Tuesday,1,0
Standard Class,Medium,Consumer,Pacific Asia,Apparel,10,0.38,183.22,2,Tuesday,8,1
Second Class,Low,Consumer,Europe,Office Supplies,18,0.26,464.29,2,Thursday,7,1
Standard Class,Medium,Corporate,Europe,Office Supplies,12,0.12,28.11,6,Monday,2,0
First Class,Medium,Corporate,Africa,Grocery,9,0.17,139.55,7,Monday,11,0
Standard Class,Low,Corporate,Africa,Grocery,10,0.08,600.42,4,Tuesday,2,1
Standard Class,Medium,Consumer,Pacific Asia,Grocery,19,0.35,1129.34,1,Saturday,8,1
Second Class,Medium,Home Office,USCA,Office Supplies,6,0.27,539.46,6,Saturday,7,0
Same Day,Medium,Consumer,LATAM,Office Supplies,10,0.03,795.67,2,Wednesday,10,0
Standard Class,Medium,Corporate,Pacific Asia,Furniture,19,0.15,851.42,2,Friday,4,1
Standard Class,Low,Corporate,LATAM,Apparel,9,0.22,53.51,6,Tuesday,2,0
Second Class,Low,Corporate,Europe,Office Supplies,16,0.32,393.28,4,Thursday,10,0
Same Day,Low,Consumer,Africa,Electronics,8,0.37,1196.48,7,Monday,9,0
First Class,Low,Consumer,USCA,Furniture,12,0.05,18.34,1,Thursday,3,0
Same Day,Medium,Consumer,Africa,Electronics,5,0.33,569.51,2,Sunday,5,1
Standard Class,Critical,Consumer,Europe,Electronics,11,0.03,1006.56,4,Friday,8,1
Standard Class,Medium,Corporate,Pacific Asia,Apparel,19,0.1,353.21,5,Sunday,1,0
Second Class,Medium,Consumer,Europe,Electronics,3,0.01,1195.99,6,Thursday,7,0
First Class,Medium,Corporate,USCA,Electronics,15,0.03,588.47,1,Thursday,5,0
Standard Class,Low,Home Office,Pacific Asia,Electronics,3,0.01,1097.66,1,Sunday,10,1
Standard Class,High,Consumer,Pacific Asia,Electronics,1,0.06,638.71,5,Friday,6,0
First Class,Critical,Consumer,USCA,Furniture,11,0.35,483.2,7,Sunday,12,0
Standard Class,Medium,Home Office,Africa,Furniture,13,0.11,855.02,2,Thursday,9,1
Standard Class,Low,Corporate,Pacific Asia,Apparel,5,0.19,1150.34,5,Thursday,1,0
Standard Class,High,Consumer,Africa,Apparel,7,0.19,457.55,2,Saturday,7,1
Second Class,Low,Consumer,LATAM,Electronics,1,0.4,1039.28,2,Saturday,11,0
Second Class,High,Corporate,USCA,Grocery,13,0.15,794.94,4,Wednesday,2,0
Standard Class,High,Corporate,LATAM,Electronics,10,0.11,460.54,4,Monday,11,0
Second Class,Low,Corporate,Pacific Asia,Electronics,18,0.39,76.03,3,Monday,7,0
Second Class,Critical,Corporate,USCA,Apparel,13,0.24,380.57,7,Wednesday,6,0
Standard Class,Critical,Corporate,Pacific Asia,Office Supplies,1,0.12,999.23,7,Friday,2,1
Second Class,High,Consumer,USCA,Apparel,17,0.11,123.23,1,Tuesday,9,0
Standard Class,Medium,Corporate,Africa,Furniture,12,0.03,690.89,4,Monday,9,1
Standard Class,Low,Home Office,Europe,Apparel,6,0.22,619.09,7,Friday,12,0
Standard Class,Medium,Consumer,Europe,Office Supplies,7,0.29,797.36,1,Sunday,3,1
Standard Class,Medium,Corporate,USCA,Electronics,1,0.19,1127.41,2,Wednesday,10,1
Standard Class,Low,Consumer,LATAM,Office Supplies,10,0.35,904.6,6,Wednesday,1,0
First Class,Medium,Consumer,USCA,Apparel,3,0.19,617.64,4,Thursday,4,0
Second Class,Medium,Home Office,Africa,Grocery,7,0.14,998.12,3,Saturday,2,0
First Class,Low,Consumer,LATAM,Furniture,10,0.1,844.99,2,Saturday,5,0
Standard Class,Low,Consumer,USCA,Office Supplies,10,0.1,1075.7,5,Friday,8,0
Standard Class,Low,Consumer,USCA,Apparel,9,0.13,871.97,4,Tuesday,1,0
Standard Class,Medium,Consumer,Pacific Asia,Electronics,6,0.4,906.09,1,Thursday,1,1
Standard Class,Medium,Corporate,Africa,Apparel,9,0.14,109.96,3,Tuesday,12,0
Standard Class,Low,Consumer,Africa,Electronics,9,0.21,14.55,7,Sunday,11,1
Second Class,Critical,Consumer,Europe,Grocery,10,0.11,1147.19,3,Thursday,7,0
Same Day,Low,Consumer,Pacific Asia,Furniture,4,0.06,309.91,7,Saturday,11,0
Standard Class,Medium,Corporate,LATAM,Office Supplies,16,0.26,206.47,3,Friday,5,1
Standard Class,High,Corporate,Europe,Apparel,2,0.22,198.87,2,Thursday,7,1
First Class,High,Corporate,Africa,Apparel,11,0.03,888.09,7,Saturday,11,0
Standard Class,Low,Corporate,USCA,Office Supplies,9,0.35,65.21,2,Saturday,9,1
First Class,High,Consumer,Pacific Asia,Electronics,3,0.2,796.62,7,Wednesday,10,0
Second Class,High,Corporate,Africa,Furniture,7,0.13,690.04,4,Saturday,5,0
Same Day,Medium,Consumer,Africa,Grocery,13,0.31,185.29,6,Thursday,3,0
Standard Class,Medium,Consumer,Pacific Asia,Office Supplies,13,0.04,171.18,7,Thursday,1,0
Second Class,Low,Corporate,Africa,Furniture,19,0.19,167.87,6,Saturday,11,0
Standard Class,Medium,Consumer,Europe,Apparel,11,0.22,318.83,7,Friday,12,0
Second Class,Medium,Consumer,Pacific Asia,Furniture,5,0.31,773.73,7,Wednesday,1,0
Standard Class,High,Consumer,Africa,Grocery,16,0.15,256.2,1,Saturday,9,1
Standard Class,Medium,Corporate,Africa,Furniture,2,0.34,795.49,5,Monday,3,1
Standard Class,Medium,Consumer,Pacific Asia,Apparel,10,0.28,1166.33,2,Monday,9,1
Standard Class,Low,Home Office,USCA,Grocery,10,0.31,1035.9,6,Sunday,10,0
First Class,Low,Consumer,LATAM,Grocery,19,0.39,959.71,3,Friday,2,0
Second Class,Low,Corporate,Pacific Asia,Grocery,6,0.34,1139.47,7,Saturday,7,0
Second Class,Low,Home Office,USCA,Apparel,16,0.14,738.84,7,Friday,5,0
Standard Class,Medium,Corporate,Africa,Electronics,13,0.26,924.95,3,Thursday,3,1
Second Class,High,Corporate,Europe,Apparel,19,0.35,930.97,1,Thursday,4,1
Standard Class,Medium,Corporate,Africa,Electronics,3,0.21,1169.7,7,Tuesday,4,1
First Class,Medium,Consumer,Africa,Electronics,9,0.27,780.14,5,Sunday,7,0
Same Day,Medium,Home Office,USCA,Apparel,10,0.07,334.94,4,Saturday,12,0
Standard Class,Low,Consumer,Pacific Asia,Furniture,16,0.33,242.85,4,Sunday,12,1
First Class,Low,Home Office,LATAM,Apparel,18,0.3,374.97,6,Wednesday,5,0
Standard Class,Low,Corporate,LATAM,Grocery,4,0.36,916.49,2,Friday,1,1
Standard Class,Medium,Home Office,Pacific Asia,Furniture,16,0.28,791.3,5,Monday,12,1
Standard Class,Low,Consumer,Pacific Asia,Office Supplies,18,0.35,270.91,6,Saturday,2,1
Standard Class,Low,Home Office,Europe,Office Supplies,10,0.06,1033.2,7,Tuesday,4,0
Second Class,Medium,Consumer,Pacific Asia,Office Supplies,1,0.33,1177.79,2,Saturday,6,0
Standard Class,High,Corporate,Europe,Grocery,10,0.38,911.08,2,Wednesday,6,1
Standard Class,Medium,Consumer,Pacific Asia,Grocery,17,0.33,83.9,1,Wednesday,3,1
Second Class,High,Corporate,Europe,Electronics,19,0.25,756.78,4,Wednesday,11,0
Second Class,Medium,Corporate,Pacific Asia,Grocery,16,0.37,1125.85,6,Friday,3,0
Same Day,Medium,Consumer,Pacific Asia,Electronics,6,0.04,382.43,7,Friday,6,0
Second Class,Medium,Corporate,LATAM,Office Supplies,8,0.01,706.66,3,Tuesday,2,0
Second Class,High,Consumer,Africa,Apparel,16,0.39,280.11,1,Saturday,4,1
Standard Class,Low,Corporate,Africa,Apparel,12,0.27,1058.02,1,Friday,11,1
Standard Class,Low,Corporate,Europe,Grocery,9,0.05,1045.28,3,Sunday,4,0
Standard Class,Low,Consumer,USCA,Office Supplies,16,0.14,443.7,6,Thursday,3,0
Standard Class,Medium,Corporate,LATAM,Office Supplies,7,0.3,426.14,6,Sunday,10,0
Second Class,High,Corporate,Pacific Asia,Electronics,8,0.3,10.12,5,Sunday,1,0
Standard Class,Low,Consumer,LATAM,Electronics,5,0.07,387.76,3,Friday,9,0
Second Class,Low,Home Office,USCA,Office Supplies,9,0.19,939.89,3,Wednesday,6,0
Standard Class,High,Corporate,LATAM,Grocery,8,0.32,44.05,3,Wednesday,12,0
Standard Class,Medium,Consumer,USCA,Grocery,16,0.39,251.27,3,Wednesday,2,1
Standard Class,Medium,Consumer,USCA,Office Supplies,11,0.25,879.02,6,Friday,6,0
First Class,High,Corporate,USCA,Apparel,1,0.26,781.11,6,Wednesday,2,0
Second Class,Medium,Consumer,USCA,Apparel,17,0.19,1184.12,4,Sunday,11,0
First Class,Medium,Consumer,USCA,Electronics,12,0.22,474.84,4,Sunday,7,0
Standard Class,Low,Consumer,Pacific Asia,Office Supplies,5,0.04,168.6,1,Monday,3,1
Same Day,Low,Corporate,LATAM,Apparel,14,0.14,801.01,1,Monday,10,0
Standard Class,Medium,Corporate,Africa,Grocery,7,0.2,104.04,5,Monday,10,0
Standard Class,Medium,Consumer,Africa,Furniture,7,0.11,148.94,3,Tuesday,1,1
Same Day,Critical,Corporate,Pacific Asia,Furniture,4,0.14,685.82,5,Monday,8,0
Standard Class,Critical,Home Office,Europe,Office Supplies,15,0.39,571.65,5,Saturday,12,1
Second Class,High,Home Office,USCA,Electronics,7,0.0,323.69,6,Sunday,2,0
Standard Class,Low,Home Office,LATAM,Furniture,9,0.12,578.78,7,Wednesday,3,0
Second Class,Critical,Home Office,USCA,Grocery,1,0.23,1043.3,5,Thursday,4,0
Same Day,Medium,Consumer,USCA,Grocery,2,0.11,872.75,5,Monday,9,0
Standard Class,Low,Consumer,Africa,Grocery,8,0.27,551.21,4,Wednesday,6,1
Second Class,Medium,Consumer,USCA,Furniture,7,0.12,380.5,3,Saturday,9,0
Standard Class,Low,Corporate,LATAM,Apparel,3,0.26,702.8,1,Saturday,1,1
Second Class,Low,Home Office,LATAM,Grocery,7,0.34,13.41,2,Tuesday,8,0
Standard Class,High,Consumer,Africa,Electronics,16,0.26,882.36,4,Thursday,11,1
Standard Class,Medium,Consumer,Pacific Asia,Office Supplies,2,0.02,964.91,5,Sunday,4,0
Standard Class,Low,Corporate,Africa,Office Supplies,1,0.32,154.88,6,Thursday,6,1
Standard Class,Medium,Consumer,Africa,Office Supplies,8,0.09,489.12,2,Saturday,9,1
Same Day,High,Consumer,USCA,Apparel,5,0.25,182.64,7,Thursday,10,0
Standard Class,Medium,Consumer,Europe,Office Supplies,10,0.26,1139.08,3,Thursday,7,0
Standard Class,Low,Home Office,Pacific Asia,Office Supplies,4,0.32,992.93,3,Sunday,3,0
Standard Class,Low,Consumer,Pacific Asia,Furniture,9,0.2,33.89,5,Monday,7,0
Standard Class,Low,Corporate,Pacific Asia,Apparel,14,0.15,1164.76,7,Saturday,4,0
Second Class,Critical,Consumer,USCA,Apparel,10,0.21,178.77,4,Thursday,8,0
Same Day,Medium,Corporate,Africa,Furniture,18,0.22,109.97,2,Sunday,10,1
Standard Class,Medium,Consumer,USCA,Electronics,9,0.33,48.8,5,Friday,3,0
First Class,Medium,Consumer,LATAM,Office Supplies,5,0.08,950.89,6,Monday,4,0
Second Class,High,Consumer,Europe,Electronics,8,0.34,1111.06,2,Sunday,5,0
Standard Class,Medium,Consumer,Europe,Furniture,12,0.15,123.79,7,Thursday,2,0
Second Class,Medium,Corporate,USCA,Furniture,19,0.3,1180.14,4,Friday,3,0
Standard Class,Low,Consumer,Africa,Furniture,14,0.13,385.87,6,Friday,7,1
Second Class,Low,Home Office,Pacific Asia,Furniture,11,0.28,817.83,6,Friday,9,0
First Class,High,Consumer,LATAM,Grocery,11,0.32,1183.66,7,Wednesday,6,0
Standard Class,High,Consumer,LATAM,Furniture,4,0.22,20.11,6,Friday,10,0
Same Day,High,Home Office,Europe,Electronics,18,0.25,660.67,1,Thursday,7,0
First Class,High,Consumer,Africa,Furniture,9,0.28,790.62,6,Monday,2,0
Standard Class,High,Consumer,Pacific Asia,Electronics,8,0.28,451.92,6,Thursday,3,0
Second Class,Medium,Consumer,Europe,Furniture,4,0.29,140.87,2,Sunday,11,0
Standard Class,High,Home Office,Africa,Furniture,19,0.34,749.13,3,Monday,9,1
Same Day,Medium,Home Office,Pacific Asia,Grocery,19,0.09,65.93,6,Wednesday,3,0
Second Class,Low,Consumer,USCA,Furniture,2,0.09,1108.89,2,Monday,1,0
Standard Class,Low,Corporate,Africa,Office Supplies,11,0.39,559.86,6,Tuesday,1,1
Standard Class,Critical,Corporate,LATAM,Grocery,3,0.34,1093.23,2,Saturday,1,1
Second Class,Low,Home Office,Africa,Grocery,1,0.24,1005.49,3,Wednesday,6,0
Standard Class,High,Consumer,Africa,Office Supplies,10,0.0,14.33,3,Monday,9,1
Standard Class,Low,Home Office,Africa,Grocery,13,0.34,556.47,2,Friday,5,1
Standard Class,Low,Consumer,Pacific Asia,Furniture,3,0.3,1066.48,2,Saturday,2,1
Standard Class,Low,Consumer,Pacific Asia,Office Supplies,7,0.38,452.91,2,Thursday,3,1
Standard Class,Low,Consumer,USCA,Furniture,5,0.01,394.63,4,Monday,8,0
Standard Class,Low,Corporate,USCA,Grocery,2,0.01,825.85,3,Saturday,8,0
Standard Class,Low,Corporate,Pacific Asia,Apparel,18,0.21,849.01,6,Saturday,3,0
Second Class,High,Corporate,Pacific Asia,Office Supplies,14,0.34,775.36,5,Tuesday,3,0
Standard Class,Low,Corporate,Europe,Electronics,2,0.4,442.43,3,Friday,12,0
Standard Class,Low,Corporate,Africa,Grocery,5,0.13,85.71,7,Saturday,2,1
Standard Class,Low,Corporate,Africa,Apparel,13,0.01,1108.37,4,Friday,12,1
Second Class,Medium,Consumer,LATAM,Grocery,7,0.08,387.49,2,Saturday,11,0
Standard Class,Medium,Consumer,Pacific Asia,Furniture,10,0.35,956.81,6,Tuesday,2,0
Standard Class,Medium,Consumer,Pacific Asia,Furniture,7,0.19,428.49,2,Friday,11,1
Standard Class,Low,Consumer,USCA,Furniture,18,0.34,598.75,4,Monday,1,1
First Class,Low,Corporate,USCA,Apparel,18,0.18,454.67,1,Sunday,12,0
First Class,Medium,Corporate,Africa,Furniture,2,0.02,106.78,4,Friday,11,0
First Class,High,Corporate,Africa,Grocery,16,0.25,402.04,2,Wednesday,6,1
Second Class,Low,Consumer,Pacific Asia,Grocery,13,0.17,1147.26,3,Saturday,5,0
Second Class,Medium,Corporate,Africa,Grocery,17,0.2,141.3,3,Monday,1,0
Standard Class,Low,Consumer,Pacific Asia,Office Supplies,6,0.38,671.45,6,Friday,1,0
Second Class,Low,Home Office,LATAM,Grocery,9,0.18,1162.4,3,Monday,7,0
Standard Class,Medium,Consumer,LATAM,Furniture,3,0.32,34.41,1,Saturday,7,1
Second Class,Medium,Corporate,Europe,Office Supplies,7,0.02,92.34,5,Monday,5,0
First Class,Low,Corporate,USCA,Office Supplies,5,0.19,1091.85,5,Tuesday,11,0
Standard Class,Low,Home Office,Europe,Office Supplies,7,0.23,885.32,2,Sunday,4,1
Standard Class,Critical,Consumer,LATAM,Office Supplies,10,0.05,658.93,3,Saturday,6,1
Standard Class,High,Consumer,Africa,Apparel,10,0.12,648.6,3,Wednesday,4,1
Second Class,High,Consumer,USCA,Grocery,10,0.3,1170.11,3,Thursday,7,0
Second Class,Medium,Consumer,USCA,Apparel,6,0.07,34.94,7,Monday,5,0
First Class,Medium,Corporate,Europe,Electronics,19,0.05,331.87,6,Sunday,6,0
Standard Class,Low,Home Office,USCA,Apparel,18,0.12,387.02,3,Thursday,6,0
First Class,Low,Consumer,LATAM,Office Supplies,15,0.34,152.2,4,Thursday,8,0
Second Class,Medium,Corporate,Africa,Grocery,13,0.31,435.1,2,Friday,9,1
First Class,Medium,Home Office,Europe,Grocery,2,0.31,450.79,4,Wednesday,12,0
Standard Class,Low,Consumer,Africa,Furniture,10,0.13,1150.97,7,Monday,1,1
Standard Class,High,Consumer,Europe,Apparel,2,0.04,536.0,1,Wednesday,4,1
Second Class,Low,Home Office,Pacific Asia,Grocery,3,0.01,1122.38,6,Sunday,1,0
Second Class,Low,Home Office,USCA,Electronics,5,0.23,973.94,2,Monday,1,0
Same Day,Low,Corporate,Pacific Asia,Electronics,15,0.28,886.84,3,Friday,1,0
Standard Class,Medium,Consumer,USCA,Apparel,7,0.15,403.32,7,Wednesday,3,0
Standard Class,Low,Consumer,Pacific Asia,Furniture,15,0.21,518.1,3,Tuesday,7,0
Same Day,Low,Corporate,Africa,Electronics,12,0.11,63.03,4,Sunday,8,0
Standard Class,Medium,Consumer,LATAM,Furniture,3,0.15,459.04,5,Tuesday,2,0
Second Class,Medium,Consumer,Europe,Apparel,10,0.29,1045.78,4,Wednesday,9,0
Standard Class,Medium,Corporate,USCA,Grocery,4,0.29,939.84,5,Thursday,7,0
Standard Class,Low,Corporate,Europe,Furniture,7,0.01,971.95,2,Wednesday,2,1
First Class,Medium,Home Office,LATAM,Electronics,11,0.38,273.7,2,Thursday,3,0
Second Class,Medium,Consumer,Pacific Asia,Furniture,17,0.11,259.94,2,Wednesday,9,0
Standard Class,Low,Consumer,Africa,Grocery,15,0.36,799.38,1,Monday,1,1
Standard Class,High,Home Office,Europe,Grocery,17,0.2,785.01,6,Wednesday,10,0
First Class,Medium,Corporate,Pacific Asia,Electronics,14,0.2,242.42,2,Tuesday,10,0
Standard Class,Low,Home Office,USCA,Furniture,12,0.18,866.38,6,Wednesday,12,0
First Class,High,Home Office,Europe,Furniture,18,0.37,457.62,7,Monday,10,0
Standard Class,High,Home Office,Europe,Office Supplies,13,0.08,1065.3,4,Sunday,2,0
Second Class,Critical,Corporate,USCA,Electronics,19,0.24,443.73,4,Wednesday,12,0
Same Day,Medium,Consumer,LATAM,Furniture,5,0.13,283.65,5,Monday,7,0
Second Class,Low,Corporate,Pacific Asia,Apparel,12,0.37,243.08,2,Sunday,7,0
Standard Class,Low,Corporate,Europe,Office Supplies,8,0.07,1078.86,6,Sunday,6,0
Second Class,Medium,Consumer,Pacific Asia,Electronics,8,0.27,1033.44,5,Friday,10,0
Standard Class,Critical,Corporate,Africa,Grocery,9,0.17,516.78,4,Friday,2,1
Standard Class,Medium,Consumer,Pacific Asia,Electronics,19,0.26,296.46,3,Wednesday,9,1
Same Day,High,Corporate,Pacific Asia,Apparel,19,0.06,348.61,2,Thursday,2,0
First Class,Low,Consumer,USCA,Apparel,4,0.16,468.09,7,Monday,2,0
Second Class,Medium,Consumer,Pacific Asia,Grocery,6,0.04,62.77,6,Friday,2,0
Standard Class,High,Home Office,LATAM,Grocery,12,0.39,90.08,6,Thursday,6,0
Standard Class,High,Consumer,Pacific Asia,Grocery,1,0.09,1113.68,6,Tuesday,9,0
Standard Class,Critical,Corporate,Africa,Office Supplies,18,0.4,921.68,7,Sunday,5,1
Second Class,High,Consumer,Pacific Asia,Apparel,19,0.17,978.64,1,Sunday,8,0
First Class,Medium,Home Office,USCA,Grocery,17,0.03,579.59,1,Saturday,2,0
Standard Class,Medium,Home Office,Africa,Apparel,3,0.01,444.33,3,Saturday,11,1
First Class,High,Home Office,USCA,Office Supplies,4,0.24,119.44,6,Sunday,8,0
Standard Class,Medium,Home Office,LATAM,Office Supplies,14,0.25,674.12,7,Monday,11,0
Standard Class,Low,Corporate,LATAM,Apparel,6,0.21,894.6,5,Thursday,11,0
Standard Class,Medium,Consumer,USCA,Grocery,5,0.03,243.13,5,Thursday,12,0
Standard Class,Medium,Consumer,LATAM,Electronics,6,0.13,473.1,5,Saturday,7,0
Standard Class,Low,Consumer,USCA,Furniture,13,0.14,1113.5,2,Wednesday,1,1
Same Day,Medium,Corporate,Europe,Apparel,9,0.28,1014.06,5,Monday,6,0
Standard Class,Low,Corporate,Pacific Asia,Office Supplies,17,0.17,959.97,7,Tuesday,5,1
Same Day,Medium,Consumer,Europe,Grocery,15,0.23,56.93,6,Friday,4,0
Standard Class,High,Consumer,LATAM,Furniture,15,0.11,207.04,1,Monday,4,1
Same Day,Medium,Consumer,USCA,Apparel,19,0.29,374.19,1,Wednesday,4,1
Second Class,High,Consumer,USCA,Electronics,8,0.02,371.34,6,Sunday,11,0
Same Day,Low,Corporate,USCA,Electronics,9,0.4,163.46,1,Sunday,7,0
Standard Class,Critical,Corporate,USCA,Office Supplies,2,0.26,354.44,6,Wednesday,6,1
Second Class,Low,Corporate,Pacific Asia,Office Supplies,14,0.06,519.49,6,Thursday,11,0
Same Day,Low,Consumer,Africa,Office Supplies,14,0.29,68.67,5,Friday,10,0
Standard Class,High,Home Office,Europe,Apparel,5,0.31,489.78,2,Monday,11,1
Standard Class,High,Consumer,LATAM,Electronics,3,0.32,600.87,6,Wednesday,1,0
Standard Class,Low,Consumer,USCA,Electronics,10,0.11,58.71,7,Tuesday,11,0
Same Day,Critical,Corporate,Europe,Office Supplies,2,0.38,812.3,1,Tuesday,10,1
Standard Class,Medium,Consumer,Africa,Office Supplies,13,0.01,104.94,4,Monday,1,1
Standard Class,Critical,Consumer,Europe,Grocery,11,0.15,781.03,1,Sunday,12,1
Standard Class,Medium,Consumer,LATAM,Electronics,11,0.04,1192.96,2,Thursday,10,1
Standard Class,Medium,Corporate,USCA,Office Supplies,9,0.15,82.14,1,Thursday,6,1
First Class,Medium,Home Office,LATAM,Office Supplies,9,0.02,333.89,3,Friday,10,0
Standard Class,Low,Corporate,USCA,Office Supplies,12,0.26,163.9,7,Thursday,1,0
Second Class,Medium,Corporate,Africa,Grocery,1,0.02,449.39,3,Tuesday,12,0
Same Day,Medium,Consumer,LATAM,Electronics,17,0.25,1003.96,3,Friday,8,0
Standard Class,Low,Consumer,Europe,Electronics,5,0.09,1116.04,1,Saturday,9,1
Second Class,Low,Consumer,Africa,Electronics,12,0.07,1009.27,6,Sunday,4,0
Standard Class,Low,Home Office,LATAM,Grocery,11,0.14,832.37,2,Friday,4,1
Second Class,High,Consumer,USCA,Apparel,16,0.26,863.49,7,Saturday,9,0
Standard Class,Medium,Home Office,Africa,Grocery,7,0.23,153.37,7,Thursday,3,1
Second Class,High,Consumer,USCA,Furniture,8,0.27,305.96,7,Thursday,1,0
Standard Class,Critical,Corporate,Pacific Asia,Grocery,19,0.37,443.04,5,Saturday,6,1
Standard Class,Medium,Home Office,Europe,Furniture,15,0.08,69.66,2,Monday,6,1
Second Class,Critical,Consumer,USCA,Office Supplies,5,0.17,987.76,4,Sunday,4,0
Standard Class,Low,Corporate,LATAM,Furniture,9,0.11,314.26,6,Friday,4,0
Second Class,Low,Consumer,Pacific Asia,Grocery,19,0.23,72.22,4,Tuesday,1,0
Standard Class,Medium,Consumer,Africa,Apparel,13,0.11,96.97,2,Monday,5,1
Second Class,Medium,Consumer,LATAM,Electronics,7,0.22,1163.7,1,Thursday,5,0
Standard Class,High,Home Office,Africa,Grocery,1,0.33,1095.26,3,Saturday,12,1
Second Class,Medium,Consumer,Pacific Asia,Electronics,3,0.22,1150.9,7,Tuesday,3,0
Standard Class,Low,Consumer,LATAM,Furniture,7,0.34,1148.48,3,Tuesday,4,0
Standard Class,Medium,Home Office,USCA,Office Supplies,9,0.24,961.33,6,Tuesday,4,0
Standard Class,Medium,Consumer,LATAM,Office Supplies,4,0.35,338.4,5,Sunday,3,0
Second Class,Low,Consumer,Europe,Grocery,8,0.37,396.48,1,Thursday,12,0
Standard Class,Medium,Home Office,USCA,Furniture,18,0.2,488.38,5,Friday,6,0
First Class,High,Consumer,Europe,Furniture,2,0.32,944.15,2,Monday,9,0
First Class,High,Consumer,LATAM,Electronics,14,0.19,1112.86,7,Monday,3,0
Standard Class,Medium,Home Office,LATAM,Furniture,6,0.28,533.97,6,Monday,2,0
Second Class,Low,Consumer,Africa,Apparel,7,0.02,368.76,5,Saturday,10,0
Standard Class,Low,Consumer,LATAM,Office Supplies,1,0.39,298.99,4,Wednesday,12,0
Standard Class,Medium,Consumer,USCA,Apparel,16,0.36,315.2,5,Thursday,8,1
Second Class,High,Corporate,Europe,Apparel,3,0.36,18.19,3,Thursday,12,0
Second Class,Low,Consumer,Pacific Asia,Electronics,15,0.11,288.62,4,Wednesday,7,0
Second Class,Low,Consumer,Europe,Furniture,11,0.11,360.95,3,Monday,6,0
Standard Class,High,Consumer,Africa,Electronics,5,0.16,932.95,2,Thursday,5,1
Standard Class,High,Consumer,Pacific Asia,Office Supplies,17,0.35,662.75,5,Wednesday,7,1
Standard Class,Medium,Corporate,Pacific Asia,Electronics,16,0.34,404.01,6,Sunday,11,1
Second Class,Low,Consumer,LATAM,Apparel,18,0.12,720.52,5,Saturday,12,0
Standard Class,Low,Corporate,Africa,Electronics,5,0.22,948.09,5,Tuesday,1,1
Second Class,Low,Corporate,Africa,Furniture,19,0.19,735.96,1,Tuesday,10,1
Standard Class,Medium,Consumer,LATAM,Electronics,8,0.26,93.59,6,Thursday,1,0
Standard Class,Low,Consumer,USCA,Furniture,14,0.09,296.8,1,Friday,2,1
Standard Class,High,Consumer,LATAM,Apparel,11,0.03,350.18,4,Thursday,3,0
Standard Class,Critical,Consumer,Africa,Furniture,15,0.01,441.89,3,Friday,5,1
Standard Class,Low,Corporate,Pacific Asia,Furniture,1,0.15,39.3,7,Tuesday,11,0
First Class,Medium,Corporate,USCA,Furniture,12,0.38,895.72,2,Monday,5,0
First Class,Medium,Consumer,Africa,Furniture,11,0.27,569.73,1,Sunday,10,1
Standard Class,High,Corporate,Africa,Office Supplies,15,0.3,1076.93,7,Monday,4,1
Standard Class,High,Home Office,LATAM,Grocery,9,0.38,626.04,3,Monday,9,0
Standard Class,Low,Consumer,Europe,Office Supplies,12,0.17,1185.92,5,Monday,1,0
First Class,Low,Consumer,Africa,Electronics,1,0.19,843.83,5,Tuesday,7,0
Standard Class,High,Corporate,Europe,Office Supplies,2,0.14,1065.37,7,Friday,9,0
Same Day,Medium,Consumer,USCA,Office Supplies,17,0.07,1168.21,7,Saturday,10,0
Standard Class,Low,Corporate,Pacific Asia,Furniture,1,0.31,571.39,3,Tuesday,3,0
Standard Class,Medium,Home Office,Europe,Electronics,10,0.36,763.41,7,Wednesday,4,0
Same Day,High,Consumer,Europe,Electronics,13,0.33,1097.7,5,Thursday,2,0
Standard Class,Low,Home Office,Europe,Apparel,15,0.02,694.61,6,Monday,9,0
Second Class,High,Consumer,Europe,Furniture,5,0.12,72.82,1,Sunday,12,0
Standard Class,Low,Consumer,Europe,Office Supplies,11,0.24,839.41,2,Tuesday,3,1
Standard Class,High,Consumer,USCA,Apparel,7,0.13,1123.53,1,Tuesday,7,1
Standard Class,Medium,Consumer,Africa,Apparel,4,0.06,939.59,5,Monday,12,1
Second Class,Low,Corporate,Pacific Asia,Office Supplies,11,0.22,951.6,2,Saturday,8,0
Second Class,Medium,Consumer,Africa,Electronics,7,0.21,104.31,7,Thursday,10,0
Standard Class,High,Corporate,USCA,Furniture,14,0.28,887.49,7,Sunday,1,1
Same Day,High,Consumer,USCA,Furniture,7,0.4,48.38,5,Sunday,4,0
Standard Class,Low,Consumer,Europe,Office Supplies,10,0.26,1117.49,2,Sunday,1,1
Standard Class,Medium,Consumer,USCA,Furniture,16,0.13,1098.02,4,Friday,3,0
Standard Class,Medium,Consumer,USCA,Grocery,7,0.38,1176.53,7,Tuesday,5,0
Standard Class,Medium,Consumer,Europe,Apparel,11,0.23,370.8,5,Thursday,10,0
Standard Class,High,Corporate,USCA,Apparel,19,0.26,652.93,4,Tuesday,12,1
Same Day,Low,Consumer,USCA,Grocery,4,0.14,698.73,1,Monday,4,0
Standard Class,Low,Corporate,USCA,Furniture,2,0.18,672.5,1,Wednesday,3,1
Standard Class,Medium,Consumer,LATAM,Electronics,16,0.17,500.48,7,Saturday,8,0
Standard Class,Low,Corporate,Africa,Grocery,2,0.37,1184.41,1,Thursday,3,1
Second Class,High,Corporate,LATAM,Grocery,8,0.32,1065.17,5,Friday,6,0
First Class,Medium,Consumer,Africa,Apparel,11,0.04,736.32,3,Thursday,6,0
Standard Class,Medium,Corporate,Europe,Electronics,6,0.13,780.81,4,Saturday,11,0
Standard Class,High,Consumer,Europe,Electronics,18,0.02,859.96,4,Saturday,7,0
Standard Class,Medium,Home Office,Africa,Furniture,17,0.21,728.4,4,Thursday,3,1
Standard Class,Medium,Corporate,Africa,Electronics,19,0.11,851.95,6,Saturday,7,1
Standard Class,Low,Corporate,Pacific Asia,Furniture,11,0.03,981.63,5,Saturday,6,0
Standard Class,Low,Home Office,Africa,Office Supplies,6,0.31,1173.67,4,Friday,10,1
Standard Class,Low,Home Office,Africa,Grocery,12,0.04,1020.39,4,Monday,12,1
Standard Class,Medium,Corporate,Europe,Grocery,12,0.11,163.93,4,Wednesday,5,0
Standard Class,Medium,Consumer,Europe,Furniture,12,0.31,660.22,5,Friday,3,0
Same Day,Low,Corporate,USCA,Furniture,5,0.2,761.97,5,Thursday,3,0
Same Day,Medium,Consumer,USCA,Furniture,6,0.33,326.23,6,Sunday,8,0
Second Class,Low,Corporate,Europe,Grocery,15,0.17,575.87,3,Sunday,1,0
Standard Class,High,Corporate,USCA,Furniture,7,0.33,1119.9,4,Saturday,8,0
Standard Class,Low,Corporate,LATAM,Grocery,7,0.22,318.19,6,Friday,5,0
Standard Class,High,Corporate,LATAM,Grocery,3,0.04,387.57,3,Thursday,5,0
Second Class,Medium,Corporate,USCA,Apparel,8,0.19,1090.86,4,Tuesday,11,0
Standard Class,Medium,Consumer,USCA,Apparel,11,0.22,122.3,4,Wednesday,4,0
First Class,Low,Consumer,Africa,Office Supplies,19,0.24,1057.4,1,Friday,11,1
Same Day,Critical,Corporate,Africa,Office Supplies,1,0.37,371.55,6,Monday,9,1
Standard Class,Low,Consumer,LATAM,Electronics,2,0.07,603.14,1,Monday,1,1
Second Class,Medium,Corporate,LATAM,Furniture,18,0.24,774.99,3,Wednesday,7,0
Standard Class,Critical,Consumer,Africa,Grocery,19,0.3,779.28,5,Tuesday,11,1
Standard Class,High,Consumer,Africa,Electronics,13,0.36,1176.18,7,Tuesday,8,1
Standard Class,Medium,Corporate,Africa,Apparel,18,0.21,51.38,3,Sunday,1,1
Standard Class,Critical,Corporate,USCA,Grocery,19,0.09,847.54,1,Monday,2,1
First Class,Medium,Consumer,Europe,Electronics,8,0.33,1016.29,2,Sunday,4,0
Standard Class,Low,Consumer,LATAM,Apparel,15,0.36,710.11,5,Saturday,7,1
Standard Class,Medium,Consumer,Pacific Asia,Office Supplies,18,0.04,1171.11,2,Saturday,10,1
Second Class,Low,Consumer,Africa,Furniture,10,0.09,507.02,7,Saturday,12,0
Second Class,Low,Consumer,USCA,Furniture,15,0.35,902.34,5,Wednesday,11,0
Standard Class,High,Corporate,LATAM,Electronics,10,0.19,826.78,1,Friday,6,1
First Class,Medium,Home Office,Africa,Apparel,18,0.07,47.32,2,Saturday,6,1
Second Class,Low,Consumer,USCA,Electronics,6,0.26,667.82,6,Tuesday,1,0
Standard Class,High,Consumer,LATAM,Apparel,1,0.18,320.49,7,Friday,6,0
Standard Class,Low,Corporate,LATAM,Apparel,14,0.39,639.21,2,Saturday,4,1
Standard Class,Critical,Home Office,Pacific Asia,Furniture,3,0.09,1062.05,6,Sunday,10,1
First Class,Critical,Consumer,Pacific Asia,Office Supplies,1,0.14,759.85,4,Thursday,3,0
Second Class,High,Consumer,LATAM,Office Supplies,10,0.07,716.73,2,Monday,8,0
First Class,High,Consumer,USCA,Grocery,17,0.02,810.2,4,Friday,8,0
Standard Class,Low,Consumer,Africa,Apparel,1,0.11,638.7,1,Wednesday,10,1
Standard Class,Medium,Corporate,Africa,Furniture,16,0.33,542.87,2,Tuesday,7,1
Standard Class,Low,Home Office,LATAM,Apparel,1,0.11,455.58,4,Monday,1,0
Standard Class,Low,Corporate,Africa,Grocery,3,0.28,843.09,7,Wednesday,11,1
Second Class,Medium,Home Office,Pacific Asia,Furniture,5,0.21,933.12,2,Sunday,1,0
First Class,Low,Consumer,Africa,Apparel,19,0.21,513.65,1,Saturday,9,1
Standard Class,Critical,Home Office,Europe,Office Supplies,14,0.31,62.04,2,Monday,4,1
Standard Class,High,Consumer,Pacific Asia,Office Supplies,14,0.25,656.35,6,Saturday,3,0
Standard Class,Low,Consumer,Pacific Asia,Grocery,18,0.06,692.62,2,Monday,1,1
Standard Class,Medium,Corporate,LATAM,Office Supplies,7,0.09,580.01,6,Sunday,8,0
Standard Class,Medium,Consumer,LATAM,Apparel,11,0.22,438.31,3,Saturday,12,0
Standard Class,High,Consumer,Africa,Grocery,10,0.34,1076.14,7,Sunday,9,1
Standard Class,Medium,Corporate,Africa,Electronics,12,0.06,582.53,3,Tuesday,4,1
Standard Class,Low,Consumer,LATAM,Grocery,10,0.04,960.77,6,Monday,4,0
Standard Class,Medium,Corporate,USCA,Office Supplies,6,0.21,768.9,4,Saturday,7,0
Standard Class,Medium,Consumer,Africa,Furniture,8,0.08,946.6,2,Wednesday,2,1
Second Class,Critical,Corporate,USCA,Grocery,7,0.4,1054.42,2,Wednesday,6,1
Standard Class,Low,Consumer,Pacific Asia,Apparel,13,0.0,299.58,7,Friday,6,1
Same Day,Low,Corporate,Europe,Grocery,12,0.18,996.12,2,Tuesday,12,0
Standard Class,High,Consumer,USCA,Office Supplies,12,0.07,868.11,2,Saturday,10,1
Standard Class,High,Corporate,Africa,Grocery,13,0.27,677.68,3,Thursday,3,1
Standard Class,High,Corporate,LATAM,Apparel,9,0.25,658.51,2,Wednesday,9,1
Standard Class,Medium,Consumer,LATAM,Apparel,7,0.32,380.59,7,Monday,6,0
First Class,Medium,Consumer,Europe,Office Supplies,16,0.23,653.36,4,Thursday,4,0
Standard Class,Medium,Consumer,Europe,Apparel,19,0.08,467.38,2,Monday,5,1
Same Day,Low,Corporate,Pacific Asia,Office Supplies,11,0.02,1067.68,3,Sunday,4,0
First Class,Medium,Corporate,USCA,Grocery,5,0.29,702.67,4,Friday,8,0
Standard Class,Low,Consumer,Europe,Grocery,17,0.18,365.85,3,Friday,8,0
Standard Class,Low,Corporate,Pacific Asia,Electronics,1,0.09,181.81,6,Wednesday,12,0
Second Class,High,Home Office,Pacific Asia,Office Supplies,5,0.1,835.84,6,Thursday,10,0
Standard Class,Low,Consumer,Pacific Asia,Furniture,2,0.06,801.01,4,Tuesday,5,0
Second Class,High,Consumer,Africa,Office Supplies,2,0.11,438.46,4,Friday,8,0
Standard Class,Low,Corporate,Europe,Grocery,12,0.32,202.99,2,Friday,8,1
Standard Class,Low,Corporate,LATAM,Grocery,5,0.25,862.25,5,Thursday,8,0
Standard Class,Medium,Consumer,Pacific Asia,Apparel,11,0.39,331.77,3,Tuesday,2,0
Standard Class,High,Consumer,LATAM,Electronics,13,0.21,1035.79,4,Tuesday,5,0
First Class,Medium,Consumer,Africa,Furniture,18,0.21,874.21,4,Thursday,12,0
Standard Class,High,Corporate,USCA,Electronics,14,0.08,1071.95,7,Thursday,8,0
First Class,Low,Corporate,Africa,Office Supplies,5,0.23,1181.66,3,Saturday,6,0
Standard Class,High,Consumer,Africa,Office Supplies,11,0.24,415.81,3,Wednesday,12,1
Standard Class,Low,Consumer,Europe,Grocery,4,0.08,609.84,1,Wednesday,1,1
Standard Class,High,Consumer,Pacific Asia,Apparel,17,0.04,490.49,3,Thursday,3,0
Standard Class,Medium,Home Office,Africa,Furniture,14,0.15,102.34,5,Saturday,2,1
Standard Class,High,Consumer,Pacific Asia,Apparel,3,0.07,491.91,7,Thursday,3,0
Standard Class,Medium,Corporate,LATAM,Furniture,2,0.2,538.12,5,Tuesday,6,0
First Class,Low,Corporate,USCA,Electronics,8,0.21,216.34,7,Friday,12,0
Standard Class,High,Home Office,USCA,Grocery,16,0.24,1061.14,5,Saturday,12,0
Standard Class,Low,Corporate,LATAM,Apparel,6,0.24,358.0,7,Friday,1,0
First Class,Low,Consumer,Europe,Office Supplies,7,0.27,912.71,1,Tuesday,12,0
Second Class,High,Home Office,LATAM,Grocery,15,0.09,100.76,1,Thursday,7,0
Standard Class,Low,Corporate,LATAM,Furniture,9,0.29,45.81,6,Friday,3,0
Standard Class,Low,Corporate,Europe,Grocery,18,0.21,1194.63,7,Monday,9,1
First Class,Medium,Consumer,Europe,Office Supplies,12,0.17,156.39,6,Friday,9,0
Second Class,High,Consumer,Africa,Office Supplies,6,0.26,921.37,1,Sunday,7,1
Standard Class,Low,Corporate,Pacific Asia,Furniture,12,0.2,729.37,4,Saturday,11,0
Standard Class,Medium,Home Office,USCA,Grocery,7,0.21,549.01,6,Saturday,1,0
First Class,Medium,Corporate,Europe,Apparel,15,0.01,53.94,2,Saturday,12,0
Standard Class,High,Home Office,Europe,Grocery,1,0.32,401.07,1,Monday,10,1
Same Day,High,Corporate,Africa,Office Supplies,15,0.17,1081.11,6,Saturday,11,0
Standard Class,High,Consumer,Africa,Furniture,14,0.21,1087.13,2,Sunday,4,1
First Class,Medium,Corporate,Pacific Asia,Electronics,13,0.16,723.64,2,Sunday,5,0
Standard Class,Medium,Corporate,Europe,Electronics,14,0.22,693.86,2,Tuesday,12,1
Standard Class,Low,Corporate,Europe,Grocery,15,0.02,516.46,5,Saturday,1,0
First Class,Medium,Home Office,Africa,Office Supplies,9,0.15,932.92,1,Sunday,1,1
Standard Class,Critical,Consumer,LATAM,Grocery,18,0.27,1060.7,6,Saturday,1,1
Standard Class,Medium,Consumer,Pacific Asia,Furniture,6,0.38,875.73,3,Friday,6,0
Standard Class,Low,Home Office,Europe,Apparel,4,0.34,635.09,3,Monday,6,0
Standard Class,Medium,Consumer,USCA,Electronics,8,0.39,765.17,6,Sunday,10,0
Standard Class,Medium,Corporate,USCA,Grocery,19,0.31,271.49,5,Tuesday,6,1
Second Class,Medium,Home Office,Africa,Office Supplies,11,0.25,1189.56,4,Saturday,4,0
Standard Class,Medium,Consumer,USCA,Electronics,8,0.17,1123.68,6,Wednesday,5,0
Standard Class,Medium,Home Office,Africa,Electronics,10,0.05,1148.4,4,Tuesday,5,1
Standard Class,Low,Consumer,LATAM,Apparel,5,0.1,208.55,1,Monday,4,1
Second Class,High,Corporate,Africa,Grocery,2,0.11,786.81,3,Tuesday,4,0
Second Class,Medium,Consumer,Europe,Apparel,12,0.17,791.05,6,Saturday,10,0
Standard Class,Low,Corporate,USCA,Office Supplies,6,0.24,432.56,2,Thursday,2,1
Standard Class,Low,Corporate,Europe,Office Supplies,11,0.25,1039.56,1,Saturday,12,1
Same Day,High,Consumer,USCA,Grocery,19,0.18,940.99,4,Friday,4,0
Standard Class,High,Corporate,USCA,Electronics,18,0.11,866.34,1,Saturday,2,1
First Class,Medium,Home Office,Africa,Furniture,7,0.02,44.38,7,Sunday,7,0
First Class,Low,Corporate,Pacific Asia,Apparel,17,0.4,1188.77,3,Tuesday,5,0
First Class,Low,Home Office,USCA,Electronics,4,0.38,864.86,2,Friday,12,0
Standard Class,Low,Consumer,USCA,Office Supplies,3,0.07,1163.64,2,Monday,12,1
First Class,Medium,Corporate,Pacific Asia,Office Supplies,4,0.24,113.27,4,Thursday,1,0
First Class,Medium,Consumer,Europe,Electronics,14,0.12,836.28,4,Wednesday,10,0
Second Class,Medium,Home Office,USCA,Electronics,9,0.08,896.32,5,Wednesday,2,0
Standard Class,Medium,Consumer,Africa,Office Supplies,18,0.27,86.96,7,Monday,12,1
Standard Class,Low,Consumer,Pacific Asia,Apparel,18,0.31,86.73,3,Saturday,3,1
Standard Class,Low,Consumer,Pacific Asia,Apparel,16,0.16,917.1,6,Friday,8,1
Standard Class,Low,Consumer,USCA,Electronics,12,0.02,959.24,4,Thursday,9,0
Second Class,Low,Home Office,Europe,Grocery,8,0.16,1093.11,3,Sunday,4,0
Standard Class,Low,Consumer,Europe,Office Supplies,9,0.21,928.73,5,Tuesday,5,0
Standard Class,Medium,Home Office,LATAM,Furniture,18,0.36,296.04,1,Friday,4,1
Standard Class,High,Consumer,LATAM,Office Supplies,6,0.26,1162.76,5,Wednesday,3,0
Second Class,High,Home Office,Africa,Apparel,14,0.28,328.01,3,Saturday,12,0
Same Day,High,Corporate,USCA,Apparel,6,0.08,875.39,4,Monday,8,0
Standard Class,Medium,Consumer,Europe,Furniture,7,0.29,639.96,5,Thursday,12,0
Standard Class,Medium,Consumer,LATAM,Apparel,5,0.2,155.55,2,Friday,12,1
Standard Class,Low,Consumer,USCA,Furniture,3,0.33,1113.28,7,Saturday,2,0
Second Class,Critical,Consumer,USCA,Apparel,10,0.09,709.63,3,Tuesday,6,0
Second Class,Low,Consumer,Europe,Furniture,16,0.21,119.26,4,Wednesday,9,0
Same Day,Low,Consumer,USCA,Grocery,11,0.08,466.19,1,Saturday,11,0
Standard Class,Low,Consumer,Pacific Asia,Office Supplies,3,0.11,920.35,4,Friday,4,0
Same Day,Critical,Corporate,LATAM,Apparel,15,0.33,745.92,3,Sunday,1,1
Standard Class,Critical,Consumer,Africa,Electronics,12,0.28,275.96,6,Tuesday,7,1
Second Class,High,Corporate,LATAM,Furniture,1,0.29,687.61,2,Thursday,11,0
Standard Class,Medium,Home Office,USCA,Furniture,13,0.03,377.55,4,Wednesday,11,0
First Class,Medium,Consumer,Pacific Asia,Furniture,16,0.29,637.45,7,Sunday,8,0
Standard Class,Critical,Consumer,LATAM,Apparel,7,0.2,388.38,4,Monday,5,1
Second Class,Medium,Consumer,Europe,Office Supplies,7,0.18,600.57,7,Friday,9,0
First Class,High,Consumer,Pacific Asia,Electronics,6,0.17,1012.17,3,Monday,2,0
Standard Class,Low,Corporate,LATAM,Furniture,3,0.34,262.3,7,Monday,7,0
Standard Class,Low,Consumer,USCA,Furniture,12,0.07,12.13,3,Thursday,9,0
First Class,High,Consumer,Europe,Furniture,9,0.33,194.45,2,Saturday,8,0
Standard Class,Low,Consumer,USCA,Furniture,11,0.37,1011.81,4,Saturday,2,0
Standard Class,High,Home Office,USCA,Electronics,6,0.07,503.92,2,Wednesday,12,1
Standard Class,Medium,Corporate,Europe,Furniture,12,0.4,890.31,6,Thursday,12,0
Second Class,High,Home Office,Pacific Asia,Electronics,16,0.4,46.61,3,Wednesday,11,0
Standard Class,Low,Home Office,LATAM,Electronics,6,0.25,184.15,2,Saturday,6,1
Standard Class,Medium,Consumer,Pacific Asia,Furniture,12,0.11,687.05,6,Friday,3,0
Standard Class,Medium,Consumer,Europe,Grocery,4,0.17,867.16,3,Monday,4,0
Standard Class,Medium,Consumer,LATAM,Electronics,18,0.07,947.58,1,Sunday,4,1
First Class,Medium,Corporate,Europe,Grocery,17,0.05,775.19,2,Sunday,1,0
Same Day,Critical,Corporate,Africa,Electronics,8,0.28,910.45,7,Thursday,1,1
Second Class,Medium,Consumer,Africa,Apparel,13,0.23,207.25,7,Monday,11,0
Standard Class,Low,Consumer,Pacific Asia,Furniture,5,0.23,793.23,4,Friday,3,0
Same Day,High,Consumer,Europe,Apparel,3,0.1,516.1,6,Sunday,6,0
Standard Class,Low,Home Office,LATAM,Electronics,19,0.09,1098.7,4,Friday,8,0
Standard Class,Low,Home Office,Pacific Asia,Apparel,5,0.4,742.19,4,Sunday,3,0
Same Day,Low,Consumer,Africa,Furniture,18,0.25,654.59,4,Sunday,6,0
First Class,High,Consumer,Africa,Furniture,6,0.33,698.13,1,Tuesday,4,1
Second Class,Low,Consumer,Africa,Electronics,9,0.15,999.27,4,Wednesday,4,0
Second Class,Low,Home Office,Pacific Asia,Electronics,17,0.34,23.42,2,Wednesday,10,1
Standard Class,High,Home Office,LATAM,Grocery,11,0.29,1033.72,3,Monday,3,0
Standard Class,High,Consumer,Africa,Office Supplies,15,0.14,44.73,7,Friday,11,1
Second Class,Low,Consumer,Pacific Asia,Apparel,19,0.29,703.37,3,Saturday,9,0
Standard Class,High,Consumer,Pacific Asia,Grocery,16,0.37,608.09,3,Tuesday,5,1
Standard Class,High,Corporate,USCA,Apparel,1,0.09,450.72,7,Wednesday,7,0
First Class,Low,Corporate,USCA,Furniture,15,0.22,163.18,3,Wednesday,6,0
First Class,High,Corporate,LATAM,Electronics,5,0.39,157.65,7,Sunday,2,0
Standard Class,Medium,Home Office,Africa,Apparel,5,0.33,893.17,2,Wednesday,3,1
First Class,Medium,Consumer,USCA,Office Supplies,16,0.25,145.06,4,Saturday,4,0
First Class,Medium,Corporate,LATAM,Furniture,8,0.03,827.83,5,Monday,2,0
Second Class,Medium,Consumer,USCA,Furniture,6,0.16,1188.46,4,Thursday,8,0
Standard Class,Low,Consumer,Africa,Grocery,12,0.26,821.45,5,Wednesday,6,1
Standard Class,High,Corporate,Pacific Asia,Office Supplies,4,0.16,99.5,1,Thursday,12,1
Standard Class,Low,Home Office,Africa,Furniture,16,0.4,655.05,3,Wednesday,6,1
Standard Class,Medium,Corporate,USCA,Office Supplies,11,0.3,1002.98,1,Saturday,11,1
Standard Class,Low,Corporate,Africa,Electronics,13,0.07,1145.99,3,Sunday,11,1
Standard Class,High,Corporate,Pacific Asia,Office Supplies,15,0.2,875.91,6,Monday,7,0
Standard Class,Low,Consumer,Europe,Grocery,5,0.15,378.5,6,Tuesday,8,0
Same Day,Medium,Corporate,Pacific Asia,Grocery,13,0.24,308.88,7,Friday,8,0
Standard Class,Medium,Corporate,USCA,Apparel,2,0.18,942.75,5,Sunday,6,0
Second Class,High,Corporate,Pacific Asia,Electronics,12,0.1,914.78,3,Friday,12,0
Second Class,Medium,Corporate,LATAM,Electronics,6,0.29,588.8,3,Wednesday,11,0
Standard Class,High,Corporate,Africa,Office Supplies,3,0.04,113.31,4,Thursday,5,1
Same Day,Low,Home Office,Europe,Grocery,10,0.21,809.72,7,Thursday,10,0
Second Class,Low,Consumer,Europe,Grocery,4,0.12,712.63,6,Tuesday,5,0
Standard Class,Medium,Home Office,Africa,Grocery,10,0.39,24.11,4,Tuesday,1,1
First Class,High,Home Office,Africa,Electronics,7,0.12,774.48,4,Wednesday,11,0
Standard Class,Low,Consumer,LATAM,Grocery,18,0.14,167.53,1,Thursday,6,1
Second Class,Low,Corporate,Pacific Asia,Apparel,14,0.28,992.74,2,Sunday,11,1
Standard Class,Low,Consumer,Europe,Furniture,18,0.05,811.56,5,Saturday,3,0
First Class,Medium,Consumer,USCA,Grocery,1,0.13,71.51,6,Monday,11,0
Standard Class,Low,Corporate,Africa,Apparel,17,0.28,642.87,7,Tuesday,11,1
Second Class,High,Home Office,Africa,Apparel,3,0.01,968.41,1,Monday,3,0
Standard Class,Low,Consumer,Europe,Furniture,15,0.12,997.68,4,Wednesday,3,1
Second Class,Low,Home Office,Africa,Electronics,14,0.0,111.6,4,Monday,8,0
First Class,Low,Corporate,Europe,Grocery,7,0.06,103.89,2,Wednesday,10,0
Standard Class,Medium,Home Office,USCA,Apparel,10,0.24,932.25,6,Friday,9,0
Second Class,Medium,Home Office,USCA,Apparel,8,0.18,286.86,1,Thursday,10,0
Standard Class,Low,Home Office,Europe,Furniture,11,0.06,716.89,6,Thursday,5,0
First Class,High,Corporate,Africa,Apparel,5,0.03,734.52,7,Thursday,4,0
Standard Class,Low,Home Office,LATAM,Grocery,3,0.02,759.48,6,Thursday,8,0
First Class,Medium,Consumer,LATAM,Electronics,9,0.03,412.07,4,Sunday,9,0
First Class,Medium,Consumer,Pacific Asia,Apparel,19,0.04,57.48,3,Wednesday,6,0
Standard Class,Low,Consumer,LATAM,Electronics,7,0.03,649.6,5,Saturday,4,0
Standard Class,High,Corporate,Africa,Apparel,1,0.02,622.86,1,Tuesday,5,1
Standard Class,High,Consumer,LATAM,Apparel,10,0.28,525.44,3,Wednesday,3,0
First Class,Low,Consumer,Pacific Asia,Grocery,12,0.38,342.65,1,Tuesday,5,0
Standard Class,Medium,Home Office,USCA,Electronics,15,0.34,1013.22,1,Tuesday,11,1
Standard Class,Low,Corporate,Europe,Office Supplies,11,0.11,450.41,6,Wednesday,1,0
First Class,Medium,Home Office,LATAM,Grocery,6,0.08,160.89,4,Wednesday,11,0
Standard Class,Low,Consumer,Europe,Electronics,3,0.02,912.16,2,Thursday,4,1
Second Class,High,Consumer,Europe,Electronics,9,0.06,767.17,3,Wednesday,1,0
Standard Class,Low,Consumer,USCA,Electronics,17,0.23,377.89,4,Wednesday,4,0
Standard Class,Low,Consumer,Pacific Asia,Office Supplies,19,0.4,189.86,5,Sunday,10,1
First Class,Low,Consumer,Africa,Grocery,2,0.34,533.2,6,Wednesday,8,0
Standard Class,Low,Consumer,Africa,Office Supplies,5,0.21,88.46,7,Thursday,2,1
Standard Class,Medium,Consumer,Africa,Apparel,18,0.17,275.08,4,Thursday,12,1
First Class,Low,Corporate,Pacific Asia,Furniture,12,0.06,1157.12,1,Tuesday,4,0
Standard Class,High,Consumer,Pacific Asia,Office Supplies,15,0.17,189.09,6,Saturday,4,0
Same Day,Low,Consumer,Pacific Asia,Apparel,14,0.24,337.23,3,Monday,9,0
Same Day,Medium,Corporate,LATAM,Office Supplies,2,0.24,175.37,5,Saturday,3,0
Standard Class,Medium,Corporate,Europe,Electronics,10,0.22,1095.28,4,Friday,12,0
Standard Class,Critical,Home Office,Pacific Asia,Furniture,3,0.33,1110.55,7,Friday,6,1
Second Class,Critical,Consumer,Pacific Asia,Furniture,9,0.2,80.77,1,Monday,6,1
Standard Class,High,Home Office,LATAM,Apparel,15,0.19,1078.88,7,Saturday,9,0
Standard Class,High,Home Office,Europe,Office Supplies,3,0.12,179.36,6,Wednesday,10,0
Second Class,Low,Corporate,Africa,Office Supplies,19,0.07,482.78,7,Wednesday,6,0
Standard Class,High,Consumer,USCA,Office Supplies,6,0.0,707.69,5,Friday,12,0
First Class,Critical,Consumer,Pacific Asia,Apparel,4,0.13,560.27,1,Saturday,9,1
Standard Class,Low,Corporate,Pacific Asia,Office Supplies,11,0.25,171.74,4,Thursday,2,0
Standard Class,Medium,Corporate,USCA,Furniture,8,0.22,951.98,7,Sunday,1,0
Standard Class,Low,Home Office,Pacific Asia,Furniture,18,0.21,828.03,6,Monday,5,0
Same Day,Medium,Corporate,Pacific Asia,Grocery,13,0.31,1130.03,4,Friday,8,0
Second Class,Medium,Home Office,Pacific Asia,Office Supplies,15,0.09,430.01,1,Sunday,4,0
First Class,Medium,Home Office,USCA,Office Supplies,16,0.27,522.17,3,Sunday,6,0
Standard Class,Medium,Home Office,LATAM,Furniture,3,0.24,426.2,7,Monday,10,0
Standard Class,Critical,Consumer,LATAM,Furniture,5,0.14,84.96,3,Saturday,5,1
Standard Class,Medium,Consumer,USCA,Electronics,7,0.09,75.41,2,Monday,11,1
Standard Class,High,Corporate,LATAM,Electronics,1,0.23,915.98,4,Thursday,7,0
Second Class,Low,Corporate,Africa,Grocery,8,0.38,348.98,7,Wednesday,12,0
Second Class,Medium,Consumer,Africa,Furniture,6,0.03,589.68,7,Monday,5,0
Standard Class,Medium,Corporate,USCA,Grocery,4,0.38,1174.97,6,Wednesday,12,0
Same Day,Low,Corporate,Europe,Office Supplies,11,0.19,31.01,3,Saturday,10,0
Standard Class,Low,Consumer,Pacific Asia,Office Supplies,6,0.28,626.01,1,Friday,5,1
Same Day,Medium,Corporate,Europe,Furniture,18,0.32,626.69,7,Friday,11,0
Standard Class,Medium,Home Office,Pacific Asia,Apparel,2,0.06,1198.27,3,Friday,4,0
Standard Class,Medium,Corporate,LATAM,Grocery,19,0.02,1002.85,5,Wednesday,1,1
Standard Class,Low,Corporate,LATAM,Apparel,19,0.05,89.49,7,Tuesday,3,0
Standard Class,Low,Consumer,Africa,Office Supplies,18,0.14,196.96,7,Thursday,8,1
Second Class,Medium,Corporate,Europe,Grocery,11,0.38,50.35,5,Sunday,10,0
Standard Class,Low,Home Office,USCA,Office Supplies,3,0.02,244.23,7,Tuesday,7,0
Standard Class,Low,Consumer,Pacific Asia,Electronics,11,0.37,262.67,1,Monday,2,1
Second Class,Low,Consumer,LATAM,Furniture,1,0.22,116.97,7,Sunday,5,0
Second Class,Low,Corporate,Pacific Asia,Electronics,2,0.04,637.4,1,Monday,1,0
First Class,Low,Home Office,USCA,Grocery,1,0.06,1170.26,4,Sunday,12,0
Standard Class,Low,Consumer,Pacific Asia,Electronics,1,0.28,966.55,5,Thursday,7,0
Second Class,Low,Consumer,Africa,Grocery,13,0.24,252.01,3,Friday,9,0
Second Class,Medium,Consumer,USCA,Apparel,1,0.07,941.77,2,Thursday,12,0
Standard Class,Low,Consumer,USCA,Furniture,10,0.36,1178.87,1,Wednesday,8,1
Standard Class,Medium,Corporate,Pacific Asia,Apparel,13,0.05,1003.93,5,Wednesday,11,0
Standard Class,High,Home Office,Pacific Asia,Office Supplies,8,0.2,567.73,1,Saturday,12,1
Standard Class,High,Consumer,LATAM,Furniture,7,0.21,330.51,7,Saturday,3,0
Standard Class,Low,Corporate,Pacific Asia,Electronics,12,0.35,899.99,3,Saturday,4,0
Standard Class,High,Home Office,USCA,Grocery,8,0.01,945.88,3,Friday,5,0
Second Class,Low,Consumer,Pacific Asia,Furniture,13,0.05,363.24,5,Sunday,2,0
Second Class,Low,Corporate,LATAM,Office Supplies,2,0.07,276.78,6,Thursday,6,0
Same Day,Critical,Corporate,Europe,Apparel,9,0.03,809.81,4,Monday,10,0
Second Class,High,Consumer,Africa,Office Supplies,17,0.25,1067.23,7,Sunday,11,0
Standard Class,Medium,Consumer,USCA,Electronics,18,0.09,34.65,4,Monday,2,1
First Class,Medium,Corporate,LATAM,Grocery,16,0.23,1184.64,2,Friday,6,0
First Class,Medium,Consumer,Africa,Grocery,9,0.31,238.3,3,Monday,8,0
Standard Class,Low,Consumer,Pacific Asia,Electronics,5,0.16,425.81,1,Friday,7,1
Second Class,Low,Home Office,Pacific Asia,Grocery,16,0.31,72.99,3,Wednesday,12,0
Same Day,Medium,Corporate,Europe,Furniture,13,0.31,76.09,5,Tuesday,2,0
Standard Class,High,Home Office,Pacific Asia,Furniture,2,0.11,334.58,2,Saturday,7,1
Same Day,Low,Consumer,Africa,Electronics,12,0.01,682.37,7,Friday,3,0
Standard Class,High,Home Office,LATAM,Electronics,9,0.04,1082.29,4,Saturday,9,0
Standard Class,Low,Corporate,Europe,Office Supplies,2,0.33,93.12,4,Saturday,7,0
Standard Class,Medium,Home Office,Africa,Grocery,12,0.16,659.62,3,Friday,3,1
Second Class,Medium,Consumer,LATAM,Apparel,6,0.34,505.2,7,Sunday,11,0
First Class,Medium,Consumer,Africa,Electronics,13,0.22,1187.23,7,Monday,4,0
Same Day,Low,Corporate,Pacific Asia,Office Supplies,16,0.08,232.66,4,Monday,9,0
Standard Class,Medium,Corporate,Africa,Electronics,8,0.28,449.72,1,Thursday,8,1
Standard Class,Medium,Home Office,Europe,Electronics,7,0.22,49.82,2,Tuesday,1,1
First Class,Low,Consumer,Africa,Furniture,15,0.14,1097.94,3,Thursday,2,0
Second Class,Low,Home Office,USCA,Grocery,5,0.04,750.68,6,Thursday,9,0
Standard Class,Medium,Home Office,Pacific Asia,Electronics,18,0.04,709.53,2,Monday,2,1
Standard Class,Medium,Corporate,Africa,Grocery,19,0.08,67.99,2,Sunday,5,1
Second Class,Low,Consumer,LATAM,Office Supplies,13,0.27,127.81,6,Thursday,2,0
First Class,Medium,Home Office,Pacific Asia,Electronics,16,0.29,950.43,7,Wednesday,3,0
Standard Class,High,Corporate,LATAM,Apparel,13,0.25,663.87,7,Friday,5,0
Standard Class,Low,Home Office,Europe,Furniture,14,0.13,246.82,3,Wednesday,11,1
Same Day,Medium,Home Office,USCA,Apparel,16,0.18,664.28,7,Wednesday,3,0
Second Class,Low,Consumer,Africa,Furniture,12,0.28,1162.06,6,Sunday,6,0
Standard Class,Low,Corporate,Pacific Asia,Electronics,12,0.26,133.4,4,Thursday,1,0
Standard Class,Low,Consumer,Africa,Electronics,11,0.31,1164.55,2,Monday,6,1
Second Class,Medium,Home Office,Africa,Grocery,7,0.1,932.36,5,Monday,7,0
Standard Class,High,Consumer,Pacific Asia,Furniture,4,0.0,181.63,5,Friday,12,0
Standard Class,Low,Consumer,USCA,Office Supplies,6,0.11,979.47,4,Wednesday,11,0
Standard Class,Medium,Home Office,USCA,Apparel,14,0.14,895.39,6,Saturday,12,0
Standard Class,Medium,Consumer,Europe,Office Supplies,14,0.38,692.97,5,Sunday,9,1
Second Class,Low,Corporate,Pacific Asia,Furniture,12,0.09,931.49,2,Wednesday,12,0
Standard Class,Medium,Consumer,Pacific Asia,Office Supplies,15,0.33,178.08,5,Tuesday,10,1
Second Class,High,Corporate,LATAM,Furniture,11,0.25,868.73,1,Friday,12,0
Standard Class,High,Corporate,LATAM,Grocery,4,0.07,772.71,5,Tuesday,4,0
Standard Class,High,Consumer,LATAM,Grocery,11,0.16,348.77,1,Tuesday,11,1
Standard Class,Low,Home Office,USCA,Office Supplies,12,0.2,831.54,6,Monday,3,0
Same Day,High,Consumer,Europe,Office Supplies,8,0.14,817.83,5,Monday,8,0
First Class,Low,Consumer,Europe,Furniture,18,0.09,294.46,2,Tuesday,2,0
Standard Class,Medium,Consumer,Africa,Grocery,6,0.1,185.75,5,Wednesday,12,1
First Class,High,Corporate,Europe,Office Supplies,9,0.23,441.1,5,Wednesday,2,0
Second Class,Low,Consumer,LATAM,Furniture,17,0.28,485.0,5,Friday,9,0
Same Day,Medium,Consumer,Pacific Asia,Furniture,5,0.19,990.74,2,Monday,7,0
Standard Class,Medium,Home Office,Africa,Office Supplies,16,0.38,528.93,7,Friday,12,1
Second Class,Medium,Consumer,USCA,Apparel,13,0.29,886.55,6,Monday,10,0
Standard Class,Low,Consumer,Europe,Electronics,13,0.36,560.61,4,Wednesday,6,1
Standard Class,Critical,Consumer,Pacific Asia,Furniture,9,0.19,89.88,7,Thursday,7,1
Same Day,Medium,Consumer,LATAM,Grocery,2,0.01,786.76,7,Wednesday,11,0
Standard Class,Low,Consumer,USCA,Electronics,16,0.24,1075.51,6,Thursday,10,0
Standard Class,Low,Consumer,USCA,Furniture,1,0.33,626.8,4,Thursday,11,0
Standard Class,High,Consumer,Europe,Apparel,8,0.21,845.45,1,Saturday,4,1
Second Class,Low,Consumer,Pacific Asia,Electronics,2,0.23,936.82,5,Monday,6,0
Second Class,Low,Consumer,LATAM,Grocery,10,0.39,566.19,2,Monday,10,0
Standard Class,Medium,Corporate,LATAM,Electronics,13,0.15,307.26,3,Friday,7,0
Same Day,Medium,Corporate,LATAM,Office Supplies,1,0.32,1033.49,6,Tuesday,9,0
Standard Class,Medium,Consumer,LATAM,Furniture,3,0.2,996.14,1,Wednesday,7,1
Standard Class,Low,Home Office,Europe,Office Supplies,9,0.19,1032.79,7,Friday,7,0
Same Day,High,Home Office,Europe,Apparel,4,0.06,992.68,3,Monday,4,0
Standard Class,Critical,Home Office,Pacific Asia,Electronics,5,0.3,168.4,7,Tuesday,5,1
Standard Class,Low,Consumer,Africa,Office Supplies,2,0.33,503.51,6,Thursday,7,1
Standard Class,Medium,Corporate,Europe,Apparel,15,0.17,237.93,2,Thursday,7,1
First Class,High,Consumer,LATAM,Office Supplies,3,0.31,194.68,7,Monday,6,0
Standard Class,Medium,Home Office,Pacific Asia,Grocery,19,0.23,939.98,5,Tuesday,11,0
Same Day,Medium,Consumer,LATAM,Office Supplies,11,0.1,582.8,4,Thursday,11,0
First Class,Low,Consumer,Europe,Furniture,7,0.37,117.93,7,Wednesday,2,0
Standard Class,Medium,Consumer,Pacific Asia,Office Supplies,7,0.28,493.24,5,Wednesday,12,0
Second Class,Medium,Corporate,LATAM,Office Supplies,17,0.35,1192.03,2,Friday,7,1
Standard Class,Medium,Corporate,Africa,Office Supplies,15,0.11,262.74,2,Thursday,7,1
Standard Class,Critical,Consumer,USCA,Office Supplies,8,0.37,482.62,1,Monday,11,1
First Class,Low,Consumer,USCA,Office Supplies,10,0.15,717.47,1,Saturday,4,0
Same Day,Low,Home Office,LATAM,Electronics,15,0.0,247.51,2,Friday,11,0
Standard Class,Low,Home Office,USCA,Electronics,7,0.03,1161.63,6,Sunday,8,0
Standard Class,Medium,Corporate,Africa,Grocery,17,0.04,765.53,2,Thursday,3,1
Standard Class,Low,Corporate,Africa,Electronics,13,0.08,283.0,2,Thursday,1,1
Standard Class,Medium,Consumer,LATAM,Apparel,6,0.07,541.46,1,Thursday,8,1
Standard Class,Low,Consumer,Africa,Furniture,5,0.02,439.47,7,Tuesday,5,1
Standard Class,Medium,Consumer,USCA,Office Supplies,16,0.36,155.55,6,Wednesday,2,1
Second Class,Low,Consumer,LATAM,Office Supplies,2,0.33,348.68,1,Wednesday,6,0
Standard Class,High,Corporate,USCA,Office Supplies,5,0.31,668.92,2,Saturday,12,1
Standard Class,Medium,Consumer,Africa,Grocery,5,0.19,114.85,3,Friday,6,1
First Class,High,Consumer,Africa,Grocery,12,0.17,67.48,5,Sunday,3,0
First Class,Medium,Consumer,Pacific Asia,Apparel,18,0.17,654.19,6,Tuesday,5,0
Standard Class,Low,Consumer,Europe,Office Supplies,1,0.1,526.54,3,Saturday,6,0
Standard Class,Low,Corporate,Europe,Grocery,13,0.24,234.02,1,Monday,1,1
Second Class,Critical,Consumer,LATAM,Office Supplies,12,0.02,858.17,1,Monday,8,1
Standard Class,Medium,Consumer,USCA,Electronics,8,0.26,114.57,3,Wednesday,10,0
Standard Class,Low,Corporate,Europe,Office Supplies,1,0.21,331.77,3,Sunday,3,0
Second Class,Medium,Consumer,LATAM,Apparel,15,0.33,130.54,6,Friday,10,0
Standard Class,Medium,Consumer,Africa,Apparel,10,0.39,875.85,4,Thursday,9,1
Standard Class,Low,Corporate,Europe,Grocery,1,0.35,762.94,6,Saturday,6,0
Standard Class,Low,Consumer,USCA,Office Supplies,14,0.29,234.26,3,Tuesday,7,1
Standard Class,High,Corporate,Pacific Asia,Apparel,13,0.17,673.27,3,Monday,11,0
Standard Class,Low,Corporate,Pacific Asia,Electronics,10,0.09,838.8,6,Wednesday,9,0
Same Day,Low,Consumer,Europe,Grocery,5,0.27,50.66,4,Sunday,7,0
Standard Class,Low,Consumer,Pacific Asia,Electronics,9,0.08,799.23,7,Wednesday,7,0
Standard Class,Low,Home Office,LATAM,Apparel,14,0.01,380.71,5,Sunday,9,1
Standard Class,Medium,Consumer,USCA,Grocery,1,0.23,170.94,3,Saturday,10,0
Same Day,Low,Home Office,Africa,Office Supplies,15,0.16,987.17,3,Friday,12,0
Standard Class,Low,Consumer,USCA,Furniture,19,0.35,731.3,7,Tuesday,12,1
Standard Class,High,Corporate,Africa,Office Supplies,7,0.26,660.37,6,Sunday,2,1
First Class,Low,Corporate,Pacific Asia,Office Supplies,18,0.26,1005.39,1,Sunday,6,1
Standard Class,Low,Home Office,LATAM,Electronics,4,0.32,325.48,5,Thursday,2,0
Standard Class,Medium,Consumer,Africa,Office Supplies,6,0.13,26.81,3,Saturday,12,1
Standard Class,Medium,Consumer,Pacific Asia,Furniture,3,0.38,1138.99,6,Friday,3,0
Standard Class,High,Consumer,Africa,Grocery,4,0.09,322.69,6,Thursday,3,1
Standard Class,Low,Home Office,Europe,Grocery,2,0.35,763.68,3,Sunday,10,0
Second Class,High,Consumer,USCA,Furniture,3,0.36,1172.67,3,Tuesday,5,0
Standard Class,High,Home Office,LATAM,Electronics,18,0.02,288.01,2,Monday,8,1
Second Class,Medium,Consumer,Pacific Asia,Furniture,2,0.25,1191.34,2,Wednesday,12,0
Standard Class,Low,Consumer,LATAM,Grocery,8,0.3,651.0,5,Sunday,9,0
Standard Class,Low,Consumer,USCA,Furniture,7,0.38,1151.17,7,Friday,9,0
Standard Class,Medium,Corporate,Africa,Electronics,9,0.1,112.39,6,Friday,4,1
Same Day,High,Home Office,Africa,Office Supplies,9,0.22,641.92,6,Thursday,2,0
Standard Class,Medium,Consumer,LATAM,Office Supplies,2,0.31,1133.8,1,Tuesday,3,1
Second Class,Low,Home Office,Africa,Grocery,7,0.06,195.08,5,Thursday,4,0
Standard Class,Low,Consumer,Africa,Electronics,13,0.34,337.5,4,Monday,6,1
Standard Class,Medium,Corporate,Africa,Office Supplies,8,0.16,262.84,3,Monday,2,1
Standard Class,Medium,Corporate,Europe,Office Supplies,1,0.26,1158.88,5,Tuesday,12,0
Standard Class,Low,Consumer,Pacific Asia,Office Supplies,3,0.02,323.6,3,Thursday,2,0
Standard Class,Low,Consumer,Pacific Asia,Apparel,8,0.09,153.94,5,Saturday,9,0
Standard Class,Medium,Consumer,USCA,Office Supplies,19,0.19,958.2,7,Sunday,7,0
First Class,Medium,Consumer,Africa,Apparel,4,0.12,621.07,4,Friday,3,0
Standard Class,Medium,Home Office,LATAM,Furniture,10,0.38,711.98,3,Saturday,8,0
Second Class,High,Home Office,Africa,Grocery,18,0.32,732.11,7,Monday,2,0
Standard Class,Medium,Corporate,USCA,Grocery,19,0.35,739.48,2,Friday,3,1
Standard Class,Low,Corporate,Africa,Apparel,12,0.19,550.58,3,Wednesday,10,1
Second Class,Medium,Consumer,Europe,Electronics,11,0.19,1170.92,2,Saturday,4,0
Standard Class,Critical,Consumer,USCA,Apparel,6,0.32,217.19,1,Thursday,3,1
Standard Class,High,Home Office,Pacific Asia,Office Supplies,6,0.16,1149.85,2,Thursday,7,1
Second Class,High,Corporate,Pacific Asia,Electronics,8,0.19,357.96,6,Sunday,7,0
First Class,Low,Corporate,Europe,Grocery,10,0.21,236.0,6,Thursday,4,0
Standard Class,High,Corporate,Pacific Asia,Furniture,2,0.24,754.62,5,Thursday,10,0
Standard Class,High,Consumer,Europe,Furniture,13,0.26,1071.3,3,Friday,7,1
First Class,Medium,Consumer,Pacific Asia,Apparel,19,0.27,441.88,3,Friday,10,0
Standard Class,Low,Corporate,Pacific Asia,Apparel,6,0.18,99.76,5,Monday,7,0
Second Class,Critical,Consumer,Africa,Apparel,4,0.12,648.48,7,Sunday,6,1
Standard Class,Medium,Home Office,USCA,Apparel,11,0.37,1182.35,3,Tuesday,7,0
Standard Class,Low,Consumer,Pacific Asia,Grocery,18,0.33,473.58,4,Saturday,10,1
Second Class,Low,Consumer,USCA,Office Supplies,2,0.0,33.74,3,Friday,8,0
Standard Class,Medium,Consumer,USCA,Grocery,3,0.21,606.04,3,Tuesday,6,0
Standard Class,Medium,Corporate,Pacific Asia,Furniture,17,0.11,466.65,1,Saturday,11,1
Standard Class,Low,Corporate,USCA,Furniture,9,0.26,89.36,3,Saturday,8,0
First Class,Medium,Consumer,Europe,Furniture,19,0.2,1051.04,3,Sunday,3,0
Second Class,High,Consumer,LATAM,Office Supplies,18,0.01,746.33,4,Sunday,5,0
Standard Class,Medium,Corporate,Europe,Office Supplies,6,0.29,193.51,2,Monday,11,1
Standard Class,Low,Consumer,Pacific Asia,Electronics,4,0.11,1111.88,6,Thursday,6,0
Second Class,Medium,Consumer,Europe,Office Supplies,17,0.1,695.73,7,Friday,1,0
First Class,Low,Consumer,LATAM,Furniture,19,0.01,830.14,2,Monday,6,0
Second Class,Low,Consumer,Europe,Office Supplies,11,0.33,704.26,7,Tuesday,4,0
Standard Class,Low,Corporate,USCA,Office Supplies,18,0.23,1174.24,3,Thursday,5,0
Second Class,High,Consumer,Pacific Asia,Office Supplies,16,0.19,1069.86,6,Sunday,1,0
Second Class,Low,Consumer,USCA,Apparel,19,0.27,29.66,7,Thursday,5,0
Standard Class,Low,Consumer,USCA,Office Supplies,9,0.14,27.36,2,Sunday,9,1
Standard Class,Low,Consumer,Pacific Asia,Apparel,17,0.23,590.94,1,Sunday,5,1
Standard Class,Medium,Home Office,Pacific Asia,Furniture,16,0.1,383.73,6,Sunday,6,0
Second Class,High,Consumer,Africa,Electronics,6,0.03,651.26,1,Friday,1,1
Standard Class,High,Corporate,LATAM,Grocery,19,0.22,412.64,2,Thursday,6,1
Second Class,Low,Consumer,USCA,Electronics,4,0.09,1055.06,1,Wednesday,9,0
Same Day,Low,Home Office,USCA,Grocery,11,0.3,212.06,7,Friday,12,0
First Class,Low,Home Office,Pacific Asia,Furniture,15,0.18,78.16,3,Saturday,9,0
Same Day,High,Consumer,Pacific Asia,Apparel,9,0.1,418.07,2,Monday,10,0
Same Day,Low,Home Office,Europe,Office Supplies,11,0.24,175.58,4,Friday,2,0
Standard Class,Low,Consumer,USCA,Apparel,10,0.05,713.91,7,Wednesday,10,0
Second Class,Medium,Consumer,USCA,Grocery,10,0.3,572.27,6,Thursday,4,0
Standard Class,Low,Consumer,Pacific Asia,Office Supplies,19,0.18,852.48,7,Tuesday,7,0
First Class,Low,Consumer,USCA,Grocery,1,0.33,96.62,3,Thursday,8,0
Standard Class,Low,Consumer,LATAM,Grocery,17,0.06,907.72,3,Tuesday,1,1
Same Day,Low,Consumer,Africa,Office Supplies,19,0.15,339.11,3,Tuesday,2,0
Second Class,Medium,Consumer,Pacific Asia,Electronics,18,0.07,809.01,2,Monday,1,0
First Class,Critical,Corporate,Pacific Asia,Electronics,17,0.02,356.3,4,Saturday,11,0
Standard Class,Low,Consumer,USCA,Grocery,19,0.38,1002.21,4,Saturday,3,1
Standard Class,Low,Consumer,Africa,Furniture,3,0.29,1002.57,4,Wednesday,2,1
First Class,High,Consumer,Africa,Apparel,13,0.13,374.51,7,Wednesday,4,0
Standard Class,High,Consumer,Pacific Asia,Electronics,2,0.1,1092.37,2,Thursday,6,1
First Class,Low,Consumer,Pacific Asia,Office Supplies,9,0.08,392.03,1,Sunday,7,0
Standard Class,Medium,Consumer,Pacific Asia,Grocery,13,0.02,1075.88,3,Thursday,5,0
Second Class,Low,Corporate,LATAM,Apparel,1,0.04,239.84,3,Monday,7,0
Standard Class,Medium,Consumer,USCA,Apparel,10,0.04,352.62,1,Wednesday,4,1
Second Class,Critical,Home Office,LATAM,Grocery,3,0.27,1062.18,6,Tuesday,11,0
Second Class,Medium,Consumer,Pacific Asia,Apparel,10,0.24,106.18,2,Saturday,11,0
Standard Class,Medium,Consumer,Africa,Furniture,19,0.23,845.12,4,Thursday,12,1
Standard Class,Low,Consumer,USCA,Grocery,7,0.29,821.57,2,Thursday,1,1
Standard Class,Medium,Home Office,USCA,Apparel,17,0.1,1166.87,6,Thursday,7,0
Second Class,Medium,Corporate,Pacific Asia,Apparel,12,0.14,1167.01,7,Friday,11,0
Standard Class,Medium,Consumer,Pacific Asia,Electronics,8,0.05,581.79,1,Friday,8,1
Second Class,Low,Consumer,Pacific Asia,Apparel,18,0.24,793.5,5,Monday,1,0
Standard Class,Medium,Consumer,Pacific Asia,Apparel,3,0.37,195.39,5,Saturday,11,0
Standard Class,Medium,Consumer,Pacific Asia,Electronics,4,0.35,279.03,1,Friday,2,1
Standard Class,Low,Corporate,Pacific Asia,Grocery,8,0.22,674.54,1,Friday,2,1
Standard Class,Low,Corporate,USCA,Electronics,5,0.26,292.73,4,Monday,9,0
Standard Class,Low,Consumer,LATAM,Office Supplies,11,0.4,268.08,3,Tuesday,11,0
Same Day,Medium,Consumer,Africa,Office Supplies,2,0.21,37.18,7,Tuesday,1,0
First Class,Medium,Corporate,Pacific Asia,Furniture,19,0.35,97.28,6,Tuesday,12,0
Standard Class,High,Corporate,Africa,Apparel,3,0.2,856.6,4,Friday,4,1
Second Class,Low,Home Office,USCA,Office Supplies,12,0.02,27.05,3,Thursday,4,0
First Class,High,Consumer,Africa,Grocery,7,0.37,1075.98,4,Monday,2,0
Standard Class,Medium,Corporate,USCA,Grocery,6,0.04,103.61,2,Tuesday,1,1
Standard Class,Low,Consumer,Europe,Office Supplies,8,0.28,196.32,3,Wednesday,5,0
Standard Class,Low,Consumer,LATAM,Electronics,5,0.1,415.01,4,Monday,5,0
Standard Class,Low,Corporate,Europe,Furniture,13,0.36,874.72,7,Sunday,7,1
Same Day,Critical,Home Office,USCA,Electronics,13,0.08,843.85,1,Wednesday,7,1
Second Class,Low,Consumer,Europe,Furniture,1,0.06,303.41,4,Tuesday,7,0
Standard Class,Low,Corporate,USCA,Office Supplies,14,0.18,399.12,6,Sunday,10,0
Standard Class,Low,Corporate,Europe,Electronics,4,0.2,987.27,6,Saturday,5,0
First Class,High,Consumer,USCA,Office Supplies,1,0.33,601.17,2,Friday,9,0
First Class,Low,Home Office,LATAM,Furniture,14,0.3,555.26,6,Wednesday,5,0
Second Class,Low,Corporate,LATAM,Grocery,19,0.13,763.84,6,Wednesday,4,0
Second Class,Medium,Corporate,LATAM,Electronics,19,0.15,553.65,7,Saturday,8,0
Standard Class,Medium,Consumer,USCA,Office Supplies,3,0.23,526.46,1,Sunday,11,1
First Class,Medium,Consumer,Africa,Furniture,11,0.22,960.34,7,Sunday,12,0
First Class,Medium,Home Office,Europe,Grocery,9,0.34,1118.39,3,Sunday,4,0
Standard Class,High,Consumer,Europe,Electronics,19,0.19,663.63,7,Monday,6,0
Second Class,High,Consumer,Europe,Furniture,2,0.36,354.31,1,Monday,10,0
Standard Class,High,Home Office,Europe,Electronics,13,0.08,1140.15,4,Monday,4,0
Standard Class,Low,Home Office,LATAM,Electronics,3,0.35,845.31,2,Saturday,12,1
Standard Class,High,Consumer,Africa,Apparel,11,0.12,788.65,4,Wednesday,3,1
Standard Class,Low,Consumer,Europe,Office Supplies,14,0.32,731.94,4,Monday,8,1
Standard Class,Low,Corporate,Africa,Apparel,15,0.23,891.05,5,Sunday,2,1
Standard Class,High,Consumer,USCA,Electronics,5,0.35,932.98,2,Saturday,12,1
Standard Class,High,Consumer,USCA,Furniture,7,0.09,951.51,6,Wednesday,1,0
Standard Class,Medium,Consumer,Europe,Office Supplies,2,0.28,1171.2,1,Friday,1,1
Standard Class,High,Corporate,Pacific Asia,Furniture,6,0.34,499.33,5,Monday,3,0
Standard Class,Critical,Consumer,LATAM,Furniture,11,0.31,298.74,6,Saturday,9,1
Second Class,Medium,Corporate,Europe,Grocery,2,0.23,478.98,7,Thursday,8,0
Standard Class,Medium,Corporate,LATAM,Electronics,13,0.27,922.49,6,Friday,9,1
Standard Class,High,Consumer,Europe,Furniture,1,0.08,653.43,1,Friday,8,1
First Class,Low,Consumer,LATAM,Electronics,3,0.09,1038.98,1,Sunday,9,0
Second Class,Low,Consumer,Pacific Asia,Apparel,2,0.11,291.01,3,Tuesday,8,0
First Class,High,Consumer,Pacific Asia,Apparel,19,0.33,887.06,3,Tuesday,1,0
Standard Class,Low,Consumer,USCA,Furniture,9,0.07,306.73,2,Friday,1,1
Standard Class,Low,Corporate,Europe,Electronics,18,0.12,960.95,6,Tuesday,9,0
Second Class,Low,Consumer,Pacific Asia,Grocery,1,0.37,531.49,2,Tuesday,6,0
Standard Class,Low,Corporate,Pacific Asia,Office Supplies,14,0.3,1187.4,4,Tuesday,12,1
Standard Class,Critical,Corporate,Europe,Apparel,14,0.29,805.79,2,Sunday,11,1
Standard Class,Medium,Consumer,Europe,Apparel,18,0.18,892.66,6,Friday,12,0
First Class,Medium,Consumer,USCA,Grocery,13,0.28,60.84,2,Friday,1,1
Standard Class,Critical,Home Office,Pacific Asia,Furniture,4,0.23,846.65,7,Monday,7,1
Same Day,High,Corporate,LATAM,Apparel,18,0.03,508.4,6,Monday,5,0
First Class,Medium,Home Office,Europe,Apparel,19,0.23,394.53,3,Saturday,9,0
Standard Class,High,Consumer,Europe,Office Supplies,4,0.18,956.28,5,Wednesday,2,0
Second Class,Medium,Home Office,Europe,Grocery,6,0.05,282.08,3,Saturday,1,0
Second Class,Low,Consumer,Europe,Grocery,12,0.14,226.37,2,Tuesday,9,0
First Class,Low,Consumer,Pacific Asia,Electronics,9,0.36,432.83,7,Saturday,7,0
Standard Class,Medium,Consumer,LATAM,Grocery,13,0.32,758.93,6,Saturday,9,1
First Class,Medium,Consumer,USCA,Office Supplies,14,0.37,316.21,4,Saturday,8,0
Standard Class,Medium,Corporate,Africa,Grocery,15,0.29,674.73,7,Tuesday,4,1
Same Day,Medium,Consumer,Pacific Asia,Electronics,14,0.25,467.97,4,Friday,2,0
Standard Class,Low,Home Office,Pacific Asia,Office Supplies,18,0.06,482.09,4,Thursday,6,0
Standard Class,Low,Corporate,Africa,Apparel,2,0.04,251.71,3,Tuesday,10,1
First Class,Medium,Home Office,Africa,Furniture,3,0.1,393.3,4,Monday,1,0
First Class,Low,Consumer,Europe,Apparel,18,0.13,335.88,2,Tuesday,8,0
Second Class,Medium,Corporate,LATAM,Electronics,19,0.24,299.69,3,Wednesday,6,0
Standard Class,Medium,Consumer,Pacific Asia,Office Supplies,18,0.35,106.13,6,Sunday,11,1
Standard Class,Medium,Corporate,Pacific Asia,Apparel,15,0.36,525.35,2,Sunday,3,1
Same Day,Low,Corporate,USCA,Electronics,6,0.27,301.17,5,Monday,4,0
First Class,Medium,Consumer,Africa,Apparel,4,0.23,1153.61,2,Sunday,3,0
First Class,High,Consumer,Africa,Furniture,10,0.1,726.03,5,Friday,4,0
Standard Class,Critical,Corporate,Pacific Asia,Apparel,12,0.38,559.8,5,Wednesday,3,1
Standard Class,High,Corporate,Africa,Apparel,5,0.27,412.21,7,Tuesday,8,1
Second Class,Medium,Consumer,Europe,Apparel,5,0.21,558.31,1,Friday,1,0
First Class,Low,Consumer,USCA,Electronics,16,0.04,416.34,1,Monday,7,0
Standard Class,Medium,Consumer,Pacific Asia,Office Supplies,18,0.33,1029.66,2,Saturday,9,1
First Class,High,Corporate,USCA,Grocery,15,0.14,314.45,5,Saturday,1,0
Standard Class,Low,Consumer,Europe,Electronics,8,0.36,343.16,3,Saturday,12,0
Standard Class,Low,Corporate,USCA,Grocery,1,0.07,854.45,3,Monday,5,0
Standard Class,Low,Corporate,Africa,Grocery,9,0.02,1082.1,4,Sunday,6,1
Standard Class,Medium,Corporate,Pacific Asia,Apparel,12,0.17,819.34,4,Monday,9,0
Standard Class,Medium,Home Office,USCA,Furniture,1,0.03,110.83,7,Sunday,4,0
Standard Class,Low,Consumer,LATAM,Grocery,5,0.02,1079.79,7,Saturday,7,0
Standard Class,High,Consumer,Pacific Asia,Grocery,9,0.29,925.5,3,Sunday,7,0
First Class,Medium,Consumer,USCA,Apparel,1,0.1,295.27,1,Friday,8,0
Standard Class,Low,Consumer,Pacific Asia,Furniture,14,0.26,84.5,5,Saturday,12,1
Standard Class,Low,Consumer,USCA,Apparel,17,0.23,863.8,2,Saturday,6,1
Standard Class,Low,Home Office,USCA,Grocery,3,0.06,289.15,3,Friday,2,0
Standard Class,Medium,Home Office,Africa,Electronics,16,0.15,633.34,3,Sunday,1,1
First Class,Low,Consumer,USCA,Grocery,8,0.03,116.58,1,Saturday,9,0
Standard Class,Medium,Consumer,LATAM,Electronics,19,0.17,686.11,4,Tuesday,2,0
First Class,High,Consumer,Africa,Office Supplies,15,0.07,35.55,5,Monday,5,0
Second Class,Medium,Home Office,LATAM,Furniture,2,0.04,645.45,2,Saturday,10,0
Standard Class,Low,Home Office,LATAM,Office Supplies,6,0.13,1002.1,7,Sunday,6,0
Standard Class,Medium,Consumer,Europe,Apparel,10,0.0,701.08,7,Wednesday,5,0
Standard Class,High,Corporate,LATAM,Grocery,13,0.3,1062.73,1,Monday,6,1
Standard Class,Low,Consumer,USCA,Office Supplies,15,0.06,663.17,6,Wednesday,12,0
Second Class,Low,Consumer,Pacific Asia,Furniture,11,0.25,828.04,4,Saturday,6,0
Second Class,Medium,Consumer,Africa,Electronics,9,0.33,445.86,2,Thursday,6,1
Standard Class,Medium,Corporate,Africa,Electronics,14,0.37,363.19,7,Sunday,2,1
Standard Class,Low,Consumer,Africa,Apparel,3,0.22,409.63,2,Tuesday,1,1
Standard Class,Medium,Consumer,Pacific Asia,Apparel,16,0.32,132.33,1,Tuesday,11,1
Second Class,Medium,Consumer,LATAM,Grocery,8,0.18,312.73,2,Monday,1,0
Standard Class,High,Consumer,Europe,Office Supplies,11,0.2,470.57,4,Sunday,5,0
Standard Class,Low,Corporate,USCA,Grocery,2,0.22,416.44,3,Friday,4,0
Standard Class,High,Consumer,Africa,Electronics,5,0.27,599.75,4,Saturday,6,1
Second Class,Low,Home Office,USCA,Electronics,12,0.27,591.04,1,Saturday,4,0
First Class,Medium,Consumer,LATAM,Office Supplies,9,0.31,885.13,2,Saturday,7,0
Standard Class,Medium,Consumer,Europe,Grocery,11,0.25,480.93,3,Monday,5,0
Standard Class,Low,Consumer,Africa,Apparel,16,0.35,815.9,7,Saturday,3,1
Same Day,High,Consumer,LATAM,Office Supplies,10,0.28,1069.85,5,Wednesday,8,0
Standard Class,Low,Consumer,Europe,Apparel,11,0.37,552.37,4,Saturday,6,0
Second Class,Medium,Consumer,Africa,Office Supplies,1,0.3,668.58,6,Monday,11,0
Standard Class,Low,Home Office,LATAM,Apparel,1,0.3,815.84,5,Thursday,1,0
Second Class,Medium,Corporate,USCA,Furniture,1,0.34,597.99,6,Friday,9,0
Standard Class,Low,Home Office,Pacific Asia,Electronics,15,0.26,204.21,1,Monday,6,1
Same Day,High,Consumer,Africa,Office Supplies,9,0.07,359.36,1,Sunday,4,1
Second Class,High,Consumer,Europe,Furniture,6,0.03,43.54,5,Monday,7,0
First Class,High,Consumer,Europe,Office Supplies,19,0.13,823.47,6,Thursday,12,0
Second Class,Low,Corporate,Pacific Asia,Electronics,8,0.33,342.7,3,Friday,1,0
Second Class,Medium,Home Office,Pacific Asia,Electronics,17,0.01,990.1,2,Saturday,11,0
Standard Class,Low,Home Office,LATAM,Apparel,12,0.06,790.54,6,Wednesday,8,0
First Class,High,Consumer,Pacific Asia,Electronics,2,0.04,886.0,5,Friday,9,0
Same Day,Medium,Consumer,Africa,Electronics,8,0.01,1060.13,6,Saturday,11,0
Standard Class,Medium,Consumer,Pacific Asia,Electronics,1,0.32,516.58,3,Thursday,10,0
Same Day,Medium,Consumer,Africa,Grocery,13,0.11,234.45,2,Saturday,3,1
Second Class,Low,Consumer,USCA,Grocery,11,0.29,1123.26,5,Sunday,4,0
Standard Class,Medium,Consumer,Pacific Asia,Electronics,19,0.06,1195.03,5,Sunday,9,0
Standard Class,Low,Consumer,USCA,Grocery,2,0.16,269.38,1,Sunday,7,1
Standard Class,Critical,Consumer,Europe,Office Supplies,18,0.05,891.78,1,Friday,9,1
Standard Class,High,Consumer,Pacific Asia,Furniture,4,0.0,96.0,4,Sunday,9,0
Standard Class,Medium,Corporate,Europe,Furniture,7,0.25,42.69,6,Saturday,4,0
Standard Class,High,Consumer,USCA,Grocery,5,0.19,813.4,2,Thursday,8,1
Standard Class,Low,Consumer,Europe,Furniture,9,0.17,313.64,2,Saturday,8,1
Standard Class,High,Corporate,USCA,Grocery,13,0.03,1042.74,2,Tuesday,7,1
Same Day,Low,Corporate,LATAM,Apparel,18,0.24,620.55,6,Wednesday,12,0
Standard Class,Medium,Consumer,USCA,Electronics,15,0.31,940.63,3,Saturday,8,1
Standard Class,Medium,Home Office,LATAM,Furniture,18,0.03,133.13,5,Monday,3,0
Standard Class,Low,Consumer,Europe,Electronics,1,0.17,1050.61,4,Saturday,5,0
Standard Class,Low,Consumer,USCA,Furniture,4,0.12,236.03,2,Wednesday,5,1
First Class,Low,Consumer,LATAM,Office Supplies,13,0.36,686.19,6,Friday,3,0
Second Class,Critical,Consumer,USCA,Office Supplies,14,0.11,735.53,7,Friday,8,0
First Class,Low,Corporate,Africa,Grocery,8,0.38,88.48,4,Tuesday,4,0
Standard Class,Medium,Consumer,Africa,Electronics,5,0.33,1173.3,3,Thursday,9,1
Second Class,High,Consumer,Europe,Grocery,7,0.04,369.67,1,Wednesday,2,0
Standard Class,Low,Home Office,Africa,Apparel,9,0.19,859.8,4,Saturday,3,1
Standard Class,Medium,Consumer,Pacific Asia,Grocery,6,0.26,761.66,7,Sunday,12,0
Standard Class,Medium,Corporate,LATAM,Grocery,12,0.24,49.37,5,Tuesday,12,0
Standard Class,Low,Consumer,Pacific Asia,Grocery,11,0.27,1036.21,3,Monday,12,0
Standard Class,High,Consumer,Africa,Furniture,15,0.17,372.27,7,Monday,2,1
Standard Class,Low,Consumer,Europe,Furniture,17,0.36,306.38,3,Friday,1,1
Same Day,Low,Corporate,Pacific Asia,Apparel,3,0.11,79.68,4,Friday,7,0
Standard Class,Medium,Corporate,Europe,Electronics,17,0.04,307.89,2,Sunday,3,1
Standard Class,Medium,Consumer,USCA,Office Supplies,8,0.39,747.87,3,Friday,5,0
Standard Class,High,Consumer,Pacific Asia,Electronics,12,0.26,249.03,6,Tuesday,12,0
Second Class,High,Home Office,USCA,Office Supplies,13,0.26,565.14,1,Sunday,3,1
Standard Class,Medium,Home Office,Pacific Asia,Furniture,12,0.33,961.64,3,Thursday,1,0
First Class,Low,Corporate,LATAM,Grocery,5,0.17,1146.67,6,Wednesday,1,0
Same Day,Low,Consumer,Europe,Apparel,1,0.15,843.59,5,Wednesday,2,0
Standard Class,Low,Home Office,USCA,Apparel,17,0.38,242.92,1,Saturday,9,1
Standard Class,Medium,Consumer,Africa,Apparel,5,0.15,465.94,4,Friday,6,1
Standard Class,High,Corporate,Pacific Asia,Electronics,8,0.03,669.32,2,Wednesday,8,1
Second Class,Low,Consumer,USCA,Furniture,2,0.12,1046.98,1,Monday,7,0
Standard Class,Low,Corporate,Pacific Asia,Furniture,5,0.35,661.79,6,Saturday,4,0
Standard Class,Medium,Consumer,Pacific Asia,Grocery,14,0.04,594.64,7,Wednesday,9,0
Standard Class,Low,Corporate,Pacific Asia,Electronics,2,0.29,319.05,4,Thursday,7,0
Second Class,Medium,Corporate,USCA,Grocery,12,0.11,604.53,1,Monday,2,0
Standard Class,Medium,Home Office,USCA,Office Supplies,14,0.3,389.27,2,Thursday,6,1
Standard Class,Medium,Corporate,Pacific Asia,Furniture,5,0.21,681.71,6,Saturday,11,0
Second Class,Low,Home Office,Africa,Apparel,18,0.25,972.37,5,Tuesday,3,0
Second Class,High,Home Office,Europe,Grocery,18,0.1,1135.41,6,Saturday,9,0
First Class,Low,Consumer,Pacific Asia,Office Supplies,16,0.07,973.42,3,Wednesday,10,0
Standard Class,High,Consumer,Africa,Apparel,5,0.03,995.68,3,Friday,2,1
First Class,Low,Corporate,Europe,Apparel,2,0.33,436.01,2,Thursday,6,0
Second Class,High,Home Office,Pacific Asia,Grocery,18,0.28,837.65,2,Monday,10,1
Standard Class,Medium,Consumer,Europe,Grocery,3,0.12,471.83,1,Friday,8,1
Second Class,Low,Corporate,Pacific Asia,Grocery,9,0.33,38.84,3,Thursday,6,0
Standard Class,High,Consumer,USCA,Furniture,6,0.33,1062.61,3,Saturday,5,0
Same Day,Medium,Consumer,Pacific Asia,Electronics,18,0.06,72.23,6,Tuesday,9,0
Standard Class,Low,Corporate,Pacific Asia,Grocery,1,0.29,147.48,2,Sunday,9,1
Second Class,Low,Corporate,Pacific Asia,Furniture,18,0.12,31.89,6,Saturday,11,0
Standard Class,Medium,Corporate,Pacific Asia,Electronics,2,0.19,90.04,6,Friday,5,0
Same Day,Medium,Home Office,Africa,Office Supplies,17,0.17,80.23,4,Sunday,5,0
Standard Class,Medium,Consumer,LATAM,Electronics,12,0.24,815.99,4,Tuesday,7,0
Same Day,Medium,Consumer,Africa,Furniture,2,0.14,1025.66,5,Friday,3,0
Same Day,Medium,Home Office,Africa,Furniture,1,0.03,958.06,2,Sunday,7,1
Standard Class,High,Corporate,USCA,Electronics,10,0.27,755.28,6,Saturday,10,0
First Class,Medium,Consumer,Pacific Asia,Electronics,2,0.38,945.33,7,Monday,1,0
Same Day,Low,Corporate,Africa,Furniture,5,0.27,553.31,6,Thursday,6,0
Standard Class,High,Home Office,Europe,Furniture,17,0.22,1088.62,7,Tuesday,8,0
Standard Class,Low,Corporate,Pacific Asia,Office Supplies,1,0.07,557.29,6,Thursday,10,0
Standard Class,Low,Corporate,USCA,Furniture,14,0.25,43.57,5,Wednesday,10,0
Standard Class,Medium,Consumer,USCA,Furniture,6,0.24,845.95,7,Saturday,5,0
Standard Class,Medium,Consumer,Europe,Apparel,11,0.25,998.57,6,Friday,7,0
Standard Class,Low,Home Office,USCA,Apparel,7,0.36,277.25,2,Tuesday,6,1
Standard Class,Low,Corporate,Pacific Asia,Apparel,9,0.29,388.24,2,Sunday,10,1
Standard Class,Medium,Consumer,LATAM,Grocery,3,0.31,837.01,2,Friday,9,1
Standard Class,Critical,Corporate,LATAM,Grocery,6,0.13,692.84,3,Thursday,7,1
First Class,Medium,Corporate,Africa,Furniture,9,0.11,1069.06,6,Monday,4,0
Second Class,Medium,Consumer,USCA,Apparel,6,0.08,578.43,6,Sunday,11,0
Standard Class,Low,Corporate,Pacific Asia,Office Supplies,10,0.31,810.22,6,Tuesday,3,0
Second Class,Low,Consumer,Europe,Office Supplies,8,0.28,333.25,3,Saturday,9,0
Second Class,Low,Consumer,Europe,Office Supplies,16,0.14,1116.03,5,Sunday,6,0
Same Day,Low,Corporate,Pacific Asia,Furniture,7,0.06,450.06,1,Thursday,2,0
Standard Class,Medium,Consumer,Pacific Asia,Apparel,18,0.34,652.04,6,Sunday,4,1
Standard Class,Low,Consumer,Europe,Furniture,18,0.15,743.61,6,Thursday,9,0
Same Day,Low,Home Office,USCA,Furniture,15,0.08,312.59,1,Sunday,9,0
Same Day,Medium,Corporate,Africa,Office Supplies,6,0.06,386.93,1,Saturday,12,1
Second Class,High,Consumer,Africa,Apparel,5,0.37,607.89,5,Wednesday,8,0
First Class,High,Consumer,Africa,Grocery,18,0.05,332.33,5,Sunday,8,0
Standard Class,Medium,Consumer,Pacific Asia,Electronics,8,0.14,164.88,7,Friday,5,0
Standard Class,Low,Corporate,Europe,Furniture,3,0.25,1005.54,2,Saturday,11,1
Standard Class,Medium,Consumer,Europe,Apparel,16,0.16,396.42,5,Friday,7,0
Standard Class,Low,Consumer,Europe,Electronics,17,0.19,505.02,3,Thursday,2,0
First Class,Medium,Consumer,Europe,Electronics,17,0.32,661.13,7,Wednesday,1,0
Standard Class,High,Consumer,Europe,Grocery,12,0.4,1012.48,7,Tuesday,1,0
Standard Class,Medium,Consumer,LATAM,Grocery,7,0.19,176.98,5,Friday,12,0
Same Day,Critical,Consumer,Pacific Asia,Furniture,6,0.15,754.89,4,Tuesday,10,0
Standard Class,Medium,Home Office,Pacific Asia,Furniture,2,0.16,427.78,7,Thursday,10,0
Same Day,Medium,Home Office,LATAM,Apparel,5,0.15,1044.76,6,Tuesday,12,0
Same Day,Low,Consumer,Africa,Grocery,2,0.19,796.82,2,Friday,6,1
Second Class,High,Corporate,USCA,Grocery,3,0.13,182.78,3,Friday,8,0
Standard Class,Low,Corporate,Pacific Asia,Apparel,5,0.19,363.36,1,Tuesday,5,1
Standard Class,High,Consumer,Pacific Asia,Grocery,17,0.38,53.03,4,Tuesday,1,1
Standard Class,Low,Consumer,LATAM,Office Supplies,19,0.11,926.97,5,Friday,12,1
Standard Class,Low,Consumer,Pacific Asia,Electronics,10,0.26,501.22,4,Thursday,8,0
Standard Class,High,Corporate,Pacific Asia,Office Supplies,12,0.19,67.92,1,Wednesday,4,1
Same Day,Low,Corporate,Africa,Electronics,18,0.29,26.01,2,Saturday,5,1
Standard Class,High,Home Office,LATAM,Apparel,19,0.19,1147.1,7,Saturday,8,0
Second Class,Low,Corporate,Pacific Asia,Apparel,13,0.06,1024.28,2,Sunday,11,0
Standard Class,High,Home Office,Europe,Electronics,8,0.35,407.99,2,Wednesday,3,1
Second Class,Medium,Home Office,LATAM,Electronics,3,0.27,624.74,4,Sunday,6,0
Same Day,Medium,Home Office,Africa,Electronics,12,0.21,695.33,3,Thursday,2,0
Standard Class,Low,Consumer,USCA,Electronics,4,0.33,623.2,5,Saturday,9,0
Standard Class,Low,Consumer,Pacific Asia,Furniture,14,0.39,376.52,1,Saturday,12,1
Second Class,High,Corporate,Europe,Grocery,7,0.16,474.78,6,Sunday,9,0
Second Class,Low,Corporate,Europe,Grocery,13,0.14,225.59,4,Wednesday,12,0
Second Class,Low,Consumer,USCA,Apparel,12,0.3,49.53,1,Wednesday,10,0
Standard Class,Medium,Home Office,LATAM,Furniture,15,0.18,194.12,4,Wednesday,11,0
Standard Class,Medium,Home Office,Africa,Electronics,2,0.03,25.54,5,Monday,3,1
Same Day,Low,Corporate,Pacific Asia,Furniture,1,0.14,525.35,4,Sunday,2,0
Same Day,Low,Consumer,Pacific Asia,Electronics,6,0.32,796.46,2,Wednesday,5,0
Standard Class,Low,Home Office,Pacific Asia,Grocery,1,0.28,225.31,4,Wednesday,10,0
First Class,High,Consumer,Europe,Electronics,19,0.35,645.36,7,Sunday,1,0
Standard Class,Low,Consumer,LATAM,Grocery,10,0.06,396.71,4,Tuesday,4,0
Standard Class,Critical,Home Office,USCA,Electronics,14,0.1,152.79,5,Monday,6,1
Standard Class,Low,Corporate,LATAM,Apparel,2,0.09,161.83,2,Thursday,6,1
Standard Class,Low,Consumer,Africa,Grocery,9,0.39,745.56,7,Friday,5,1
Standard Class,Medium,Home Office,Africa,Apparel,3,0.07,150.07,5,Sunday,10,1
Standard Class,Low,Consumer,USCA,Furniture,19,0.24,668.38,1,Tuesday,6,1
Standard Class,Medium,Corporate,Europe,Electronics,14,0.25,236.84,7,Thursday,8,0
First Class,High,Corporate,USCA,Furniture,16,0.25,1040.7,4,Saturday,7,0
Second Class,Low,Consumer,Africa,Electronics,7,0.28,69.48,5,Tuesday,7,0
Second Class,High,Consumer,Europe,Grocery,1,0.19,470.63,3,Saturday,8,0
Same Day,Low,Home Office,LATAM,Electronics,5,0.03,916.2,3,Friday,8,0
Standard Class,Low,Consumer,Africa,Office Supplies,3,0.28,901.49,7,Sunday,4,1
Second Class,Low,Consumer,Europe,Office Supplies,17,0.11,182.29,6,Monday,7,0
First Class,High,Consumer,Europe,Office Supplies,14,0.03,244.1,6,Thursday,3,0
Standard Class,Low,Consumer,Pacific Asia,Apparel,16,0.07,660.13,6,Tuesday,1,0
Standard Class,High,Home Office,LATAM,Office Supplies,7,0.11,824.26,3,Sunday,8,0
Standard Class,Medium,Consumer,Europe,Electronics,9,0.17,905.22,5,Friday,9,0
First Class,Low,Corporate,USCA,Furniture,7,0.34,748.45,4,Sunday,2,0
Standard Class,Medium,Consumer,LATAM,Apparel,15,0.21,941.91,3,Saturday,8,0
First Class,High,Home Office,LATAM,Grocery,3,0.19,533.46,2,Tuesday,5,0
Second Class,Medium,Corporate,Africa,Apparel,16,0.08,677.12,3,Tuesday,10,0
Second Class,Medium,Consumer,LATAM,Furniture,18,0.38,525.55,3,Friday,5,0
First Class,High,Home Office,LATAM,Office Supplies,7,0.36,915.53,4,Wednesday,2,0
Second Class,Low,Consumer,Pacific Asia,Furniture,17,0.33,218.03,7,Sunday,10,0
Standard Class,High,Corporate,LATAM,Apparel,18,0.13,310.37,3,Monday,11,0
Standard Class,High,Home Office,Europe,Apparel,3,0.22,1005.83,7,Wednesday,12,0
First Class,Medium,Corporate,USCA,Apparel,11,0.16,860.13,3,Friday,7,0
Standard Class,High,Corporate,Pacific Asia,Furniture,14,0.16,884.85,7,Saturday,11,1
Standard Class,Medium,Consumer,Pacific Asia,Electronics,17,0.03,127.96,4,Monday,4,0
Standard Class,Medium,Consumer,Pacific Asia,Electronics,19,0.06,586.44,3,Wednesday,10,0
Same Day,Medium,Consumer,Pacific Asia,Office Supplies,5,0.38,681.56,5,Friday,12,0
Standard Class,Low,Home Office,Africa,Grocery,3,0.24,938.11,2,Sunday,10,1
Second Class,Medium,Home Office,Pacific Asia,Furniture,16,0.0,512.46,5,Friday,5,0
Standard Class,Low,Consumer,Africa,Electronics,1,0.32,653.44,3,Thursday,8,1
Standard Class,Medium,Consumer,Africa,Office Supplies,11,0.03,293.62,2,Tuesday,9,1
Second Class,Low,Consumer,LATAM,Grocery,10,0.28,1000.23,6,Tuesday,10,0
Standard Class,Low,Consumer,USCA,Office Supplies,7,0.25,1097.53,1,Monday,1,1
Second Class,Low,Consumer,LATAM,Office Supplies,16,0.03,562.35,2,Tuesday,5,0
First Class,High,Corporate,Africa,Grocery,2,0.21,530.33,4,Tuesday,9,0
First Class,Low,Home Office,LATAM,Apparel,8,0.02,400.63,7,Monday,12,0
Standard Class,Medium,Corporate,Europe,Electronics,15,0.03,327.52,2,Friday,1,1
First Class,Low,Corporate,Pacific Asia,Electronics,16,0.02,668.52,5,Tuesday,5,0
Second Class,Medium,Corporate,Pacific Asia,Grocery,3,0.1,210.84,4,Tuesday,7,0
First Class,Low,Corporate,Africa,Electronics,2,0.32,711.29,5,Thursday,5,0
Standard Class,Low,Consumer,LATAM,Furniture,15,0.14,677.97,5,Sunday,7,0
Standard Class,Medium,Consumer,Europe,Furniture,14,0.26,835.94,1,Thursday,5,1
Same Day,Medium,Consumer,Europe,Furniture,9,0.05,278.64,3,Wednesday,11,0
First Class,Low,Corporate,Europe,Grocery,4,0.37,845.33,1,Saturday,2,0
Standard Class,Medium,Home Office,Africa,Office Supplies,8,0.2,30.14,3,Friday,12,1
Standard Class,High,Corporate,LATAM,Office Supplies,10,0.01,645.97,6,Saturday,4,0
Standard Class,Low,Home Office,Europe,Apparel,17,0.21,1014.45,5,Thursday,11,1
Standard Class,Low,Consumer,Europe,Apparel,6,0.07,876.09,2,Friday,2,1
Standard Class,Medium,Corporate,LATAM,Furniture,5,0.08,1022.49,3,Thursday,5,0
Standard Class,Low,Home Office,LATAM,Furniture,10,0.24,186.53,1,Monday,1,1
First Class,Critical,Corporate,Pacific Asia,Grocery,17,0.09,865.48,4,Saturday,12,0
Standard Class,Medium,Home Office,USCA,Furniture,16,0.09,568.2,1,Friday,2,1
Second Class,Medium,Corporate,USCA,Furniture,17,0.22,394.57,5,Wednesday,10,0
Standard Class,Medium,Consumer,Europe,Furniture,18,0.09,433.36,7,Saturday,12,0
Standard Class,Medium,Consumer,LATAM,Electronics,9,0.04,131.31,5,Monday,10,0
Standard Class,Low,Corporate,Pacific Asia,Office Supplies,11,0.16,839.37,1,Tuesday,10,1
Standard Class,High,Home Office,Africa,Electronics,2,0.02,761.96,1,Thursday,10,1
First Class,Medium,Consumer,USCA,Furniture,14,0.36,191.62,4,Monday,7,0
First Class,Low,Corporate,USCA,Furniture,15,0.18,657.63,6,Tuesday,9,0
Standard Class,Medium,Corporate,LATAM,Electronics,1,0.01,164.31,3,Friday,2,0
Standard Class,Low,Consumer,Africa,Electronics,1,0.09,382.88,5,Monday,1,1
Standard Class,Low,Consumer,USCA,Grocery,9,0.38,62.51,3,Wednesday,2,0
First Class,Medium,Consumer,Pacific Asia,Grocery,12,0.2,749.07,7,Monday,11,0
First Class,Medium,Consumer,USCA,Furniture,17,0.14,24.8,5,Thursday,12,0
Standard Class,Medium,Consumer,LATAM,Electronics,15,0.13,320.27,5,Tuesday,9,0
Second Class,Low,Consumer,LATAM,Grocery,4,0.17,327.37,1,Friday,6,0
First Class,Medium,Consumer,Africa,Apparel,5,0.08,900.54,6,Sunday,7,0
Standard Class,Low,Corporate,USCA,Electronics,14,0.3,546.25,7,Wednesday,8,1
Standard Class,Medium,Corporate,Africa,Office Supplies,6,0.2,692.12,7,Monday,4,1
Same Day,Medium,Corporate,USCA,Apparel,6,0.3,306.42,1,Tuesday,7,0
Second Class,Medium,Corporate,Europe,Apparel,19,0.1,661.68,6,Monday,6,0
Standard Class,High,Home Office,USCA,Electronics,1,0.0,187.55,2,Friday,6,1
Standard Class,High,Home Office,LATAM,Furniture,9,0.39,1190.91,1,Sunday,8,1
Standard Class,Critical,Home Office,LATAM,Office Supplies,1,0.2,625.2,2,Tuesday,4,1
Standard Class,Critical,Consumer,Europe,Grocery,4,0.03,1056.46,6,Thursday,2,1
Second Class,High,Home Office,USCA,Grocery,16,0.04,135.77,5,Thursday,12,0
Standard Class,Critical,Corporate,USCA,Furniture,5,0.17,712.6,4,Wednesday,4,1
Second Class,High,Consumer,LATAM,Office Supplies,16,0.28,808.55,6,Tuesday,5,0
First Class,Medium,Consumer,Europe,Office Supplies,14,0.16,948.85,3,Tuesday,11,0
Standard Class,Low,Corporate,LATAM,Apparel,9,0.33,588.24,3,Monday,2,0
Standard Class,Low,Consumer,Europe,Apparel,14,0.13,52.94,7,Saturday,4,0
Standard Class,High,Consumer,LATAM,Office Supplies,16,0.02,320.81,4,Saturday,1,0
Second Class,Medium,Corporate,Pacific Asia,Electronics,6,0.0,343.93,4,Thursday,6,0
Standard Class,High,Corporate,USCA,Electronics,17,0.34,388.94,6,Wednesday,2,1
Second Class,Low,Home Office,Africa,Electronics,1,0.39,119.72,1,Monday,5,1
First Class,Low,Corporate,Pacific Asia,Office Supplies,18,0.05,10.75,5,Monday,11,0
Standard Class,Medium,Corporate,LATAM,Grocery,11,0.02,628.43,7,Thursday,1,0
Same Day,High,Consumer,Europe,Electronics,11,0.37,886.77,6,Monday,12,0
Same Day,Low,Corporate,Africa,Grocery,12,0.04,283.82,6,Friday,12,0
Standard Class,High,Consumer,Europe,Electronics,2,0.09,835.63,3,Thursday,2,0
Standard Class,High,Home Office,Europe,Office Supplies,16,0.32,880.03,4,Thursday,2,1
Same Day,Low,Consumer,USCA,Electronics,10,0.4,499.38,5,Sunday,1,0
Same Day,Low,Consumer,LATAM,Grocery,14,0.19,634.81,6,Saturday,12,0
Standard Class,Low,Consumer,USCA,Furniture,7,0.08,383.66,3,Wednesday,7,0
Standard Class,Low,Home Office,Europe,Grocery,8,0.34,456.52,5,Saturday,4,0
Standard Class,Medium,Home Office,USCA,Furniture,10,0.16,711.04,2,Wednesday,10,1
Same Day,Low,Consumer,Pacific Asia,Grocery,10,0.11,440.68,3,Friday,4,0
Standard Class,Low,Consumer,Europe,Electronics,10,0.2,606.3,2,Tuesday,8,1
Standard Class,High,Corporate,Europe,Electronics,14,0.34,895.08,6,Thursday,11,1
First Class,Medium,Home Office,Pacific Asia,Grocery,19,0.09,1157.88,5,Friday,6,0
Standard Class,Medium,Consumer,Europe,Electronics,9,0.17,1070.36,1,Monday,8,1
Second Class,Low,Consumer,Africa,Electronics,17,0.18,1098.25,4,Tuesday,3,0
Standard Class,High,Consumer,Africa,Office Supplies,19,0.33,1094.35,2,Thursday,1,1
First Class,High,Corporate,LATAM,Apparel,2,0.27,297.42,1,Friday,4,0
Standard Class,Medium,Consumer,LATAM,Apparel,15,0.31,1136.23,3,Tuesday,11,1
Second Class,High,Consumer,USCA,Grocery,6,0.28,274.61,4,Friday,11,0
Second Class,High,Consumer,USCA,Apparel,16,0.24,1038.42,5,Friday,5,0
Standard Class,Medium,Corporate,Pacific Asia,Furniture,17,0.05,701.49,7,Friday,8,0
Standard Class,Medium,Home Office,Pacific Asia,Grocery,10,0.33,1008.05,7,Saturday,9,0
Standard Class,Low,Home Office,Europe,Grocery,12,0.24,1178.85,6,Saturday,4,0
Standard Class,Low,Corporate,LATAM,Furniture,12,0.28,1052.09,4,Saturday,10,0
First Class,Low,Home Office,LATAM,Apparel,19,0.31,981.64,1,Thursday,2,1
First Class,Low,Consumer,LATAM,Furniture,6,0.12,255.74,1,Saturday,4,0
Standard Class,Low,Corporate,LATAM,Electronics,2,0.17,1033.29,3,Saturday,7,0
Second Class,High,Consumer,USCA,Grocery,18,0.22,207.25,5,Monday,10,0
Second Class,Low,Corporate,Africa,Office Supplies,7,0.14,620.13,3,Sunday,10,0
First Class,Critical,Home Office,Pacific Asia,Furniture,5,0.1,607.79,6,Tuesday,4,0
Standard Class,Medium,Home Office,Pacific Asia,Grocery,8,0.31,627.3,5,Friday,2,0
Standard Class,Low,Corporate,LATAM,Grocery,12,0.3,870.54,6,Thursday,11,0
Standard Class,Medium,Corporate,LATAM,Furniture,1,0.33,481.28,6,Wednesday,2,0
Standard Class,Low,Home Office,USCA,Office Supplies,15,0.28,553.41,3,Thursday,12,1
Standard Class,Critical,Consumer,USCA,Grocery,13,0.12,794.23,4,Saturday,6,1
Standard Class,High,Corporate,Pacific Asia,Electronics,10,0.13,822.02,5,Tuesday,11,0
Standard Class,Low,Consumer,LATAM,Electronics,18,0.21,530.66,5,Wednesday,5,0
Second Class,High,Home Office,LATAM,Electronics,18,0.33,72.05,5,Tuesday,10,0
Standard Class,Medium,Consumer,Pacific Asia,Office Supplies,7,0.14,318.31,3,Sunday,12,0
Standard Class,Low,Consumer,USCA,Apparel,15,0.31,1133.38,6,Thursday,5,1
Standard Class,Medium,Corporate,Pacific Asia,Electronics,5,0.12,1113.62,3,Friday,3,0
Standard Class,Medium,Consumer,USCA,Furniture,5,0.14,783.08,6,Monday,3,0
Second Class,Low,Consumer,USCA,Apparel,1,0.3,230.43,3,Wednesday,6,0
Standard Class,High,Corporate,USCA,Furniture,6,0.27,123.89,1,Monday,4,1
Standard Class,Low,Home Office,LATAM,Office Supplies,16,0.08,1139.94,7,Thursday,4,0
Standard Class,Medium,Consumer,Pacific Asia,Electronics,8,0.33,1049.07,4,Monday,2,0
Standard Class,Low,Home Office,USCA,Grocery,4,0.31,483.53,3,Monday,8,0
Standard Class,Critical,Home Office,Africa,Electronics,13,0.32,759.23,4,Wednesday,8,1
First Class,High,Corporate,USCA,Office Supplies,19,0.19,1097.84,2,Monday,12,0
Standard Class,Low,Corporate,USCA,Electronics,10,0.13,174.4,7,Friday,3,0
Standard Class,Low,Consumer,USCA,Electronics,17,0.34,767.15,3,Sunday,1,1
Standard Class,Low,Consumer,Europe,Electronics,18,0.24,1104.19,5,Thursday,6,0
Standard Class,High,Consumer,Africa,Office Supplies,5,0.37,1005.46,5,Sunday,12,1
Second Class,Low,Consumer,LATAM,Electronics,12,0.1,351.68,2,Tuesday,6,0
Second Class,High,Consumer,Pacific Asia,Grocery,1,0.39,1142.94,6,Saturday,3,0
Second Class,High,Consumer,Pacific Asia,Grocery,1,0.15,251.76,3,Tuesday,8,0
Standard Class,Medium,Corporate,Pacific Asia,Apparel,3,0.15,258.2,5,Wednesday,4,0
Standard Class,Low,Corporate,LATAM,Apparel,7,0.1,124.96,7,Saturday,6,0
First Class,Low,Home Office,USCA,Apparel,11,0.39,150.56,5,Thursday,9,0
Same Day,Medium,Consumer,Africa,Apparel,15,0.02,916.37,6,Thursday,3,0
Standard Class,Medium,Consumer,Pacific Asia,Grocery,3,0.19,338.28,2,Tuesday,8,1
Standard Class,Medium,Corporate,Europe,Apparel,8,0.15,1044.26,5,Sunday,10,0
Standard Class,Medium,Consumer,Europe,Furniture,3,0.06,1030.55,7,Friday,1,0
Standard Class,Low,Corporate,Africa,Office Supplies,13,0.29,148.61,6,Tuesday,10,1
Standard Class,High,Corporate,Pacific Asia,Office Supplies,2,0.36,643.5,4,Friday,6,0
Standard Class,Low,Consumer,USCA,Grocery,3,0.1,889.96,6,Friday,4,0
Second Class,Medium,Consumer,Pacific Asia,Office Supplies,19,0.2,822.34,4,Wednesday,4,0
Standard Class,High,Consumer,USCA,Office Supplies,15,0.23,133.37,1,Friday,10,1
Standard Class,Low,Consumer,Pacific Asia,Electronics,15,0.16,392.88,7,Thursday,8,0
Standard Class,Medium,Consumer,Europe,Apparel,7,0.37,738.25,1,Thursday,8,1
First Class,High,Consumer,LATAM,Apparel,3,0.18,705.36,6,Wednesday,4,0
Standard Class,Medium,Corporate,Africa,Electronics,17,0.39,978.69,7,Sunday,10,1
Second Class,Low,Consumer,USCA,Grocery,2,0.12,76.73,3,Thursday,3,0
Standard Class,Low,Corporate,LATAM,Furniture,16,0.03,581.63,1,Thursday,7,1
Second Class,Low,Consumer,USCA,Grocery,11,0.23,1020.25,5,Thursday,12,0
Standard Class,Low,Consumer,Africa,Furniture,9,0.33,1192.45,6,Monday,8,1
Standard Class,Critical,Consumer,LATAM,Furniture,11,0.16,162.91,5,Friday,11,1
Standard Class,Medium,Consumer,LATAM,Electronics,5,0.07,778.63,3,Saturday,8,0
Standard Class,Low,Consumer,Africa,Grocery,13,0.3,11.58,1,Tuesday,6,1
Standard Class,High,Consumer,Africa,Apparel,19,0.11,425.94,1,Tuesday,1,1
Second Class,Medium,Consumer,USCA,Grocery,13,0.31,539.25,5,Saturday,10,0
Standard Class,Low,Consumer,LATAM,Grocery,2,0.1,421.58,4,Wednesday,8,0
Standard Class,Low,Home Office,Africa,Furniture,2,0.22,753.17,1,Monday,6,1
Standard Class,Low,Home Office,USCA,Furniture,8,0.36,28.3,2,Monday,10,1
Second Class,Critical,Consumer,Pacific Asia,Apparel,5,0.08,1090.83,5,Friday,8,0
Same Day,Medium,Consumer,Africa,Apparel,11,0.33,389.05,3,Thursday,2,0
Second Class,High,Corporate,LATAM,Furniture,2,0.11,188.93,1,Friday,3,0
Standard Class,Low,Home Office,Pacific Asia,Grocery,6,0.26,525.5,7,Saturday,11,1
Second Class,High,Home Office,Africa,Furniture,12,0.1,621.64,4,Monday,5,0
Same Day,Low,Consumer,Europe,Office Supplies,6,0.05,71.9,5,Wednesday,7,0
First Class,Critical,Consumer,LATAM,Office Supplies,16,0.27,960.91,1,Thursday,8,1
Standard Class,High,Corporate,LATAM,Furniture,19,0.24,887.56,4,Thursday,3,0
Standard Class,Low,Home Office,USCA,Apparel,18,0.16,619.04,6,Tuesday,12,0
Standard Class,High,Consumer,Europe,Furniture,9,0.01,231.3,4,Tuesday,12,0
Standard Class,High,Corporate,Africa,Grocery,17,0.19,1112.63,7,Saturday,8,1
Second Class,High,Consumer,Europe,Office Supplies,17,0.06,955.07,5,Wednesday,4,0
Standard Class,Low,Consumer,Africa,Electronics,3,0.14,288.12,1,Wednesday,3,1
Standard Class,Medium,Consumer,USCA,Apparel,15,0.23,885.82,7,Wednesday,5,0
Second Class,High,Consumer,Pacific Asia,Electronics,10,0.38,130.62,3,Thursday,1,0
First Class,High,Corporate,Europe,Apparel,19,0.2,150.95,1,Friday,8,0
Standard Class,Low,Corporate,LATAM,Electronics,5,0.08,539.06,6,Friday,3,0
Second Class,High,Home Office,Africa,Electronics,13,0.38,845.05,2,Wednesday,5,1
Standard Class,Low,Consumer,Europe,Furniture,4,0.01,1101.59,3,Sunday,7,0
First Class,High,Consumer,Africa,Apparel,14,0.26,1165.48,5,Saturday,9,0
First Class,Low,Consumer,Europe,Office Supplies,7,0.1,833.37,2,Monday,10,0
Standard Class,Low,Consumer,LATAM,Electronics,6,0.3,942.01,2,Sunday,1,1
Second Class,Medium,Corporate,Africa,Furniture,11,0.13,617.43,1,Friday,3,1
First Class,Medium,Consumer,Africa,Grocery,11,0.17,76.54,4,Monday,11,0
Standard Class,Medium,Corporate,Pacific Asia,Apparel,18,0.31,159.1,2,Saturday,12,1
Standard Class,Medium,Corporate,USCA,Apparel,7,0.36,1165.23,6,Saturday,4,0
First Class,Low,Consumer,Europe,Office Supplies,19,0.07,477.67,5,Thursday,8,0
Standard Class,Low,Corporate,LATAM,Electronics,3,0.12,928.53,5,Tuesday,10,0
Standard Class,High,Consumer,Pacific Asia,Furniture,9,0.0,272.36,6,Wednesday,10,0
First Class,Low,Home Office,Pacific Asia,Electronics,14,0.34,644.17,6,Thursday,2,0
Second Class,Medium,Corporate,USCA,Furniture,17,0.38,191.7,7,Wednesday,1,0
Standard Class,Medium,Consumer,LATAM,Office Supplies,3,0.11,972.39,4,Monday,1,0
Standard Class,High,Consumer,Europe,Electronics,6,0.15,210.0,2,Monday,5,1
Standard Class,Medium,Corporate,Africa,Grocery,11,0.17,850.07,4,Sunday,9,1
Standard Class,Low,Consumer,USCA,Office Supplies,13,0.16,189.58,2,Wednesday,7,1
Standard Class,High,Corporate,Africa,Office Supplies,14,0.16,984.21,1,Wednesday,4,1
Second Class,Critical,Consumer,Pacific Asia,Apparel,3,0.19,608.47,5,Monday,10,0
Standard Class,Medium,Corporate,Africa,Furniture,9,0.06,500.79,6,Wednesday,4,1
Standard Class,Critical,Home Office,Europe,Electronics,6,0.02,410.77,4,Monday,8,1
Standard Class,Medium,Corporate,Europe,Furniture,11,0.29,828.39,2,Sunday,10,1
Same Day,Medium,Consumer,Africa,Office Supplies,8,0.34,114.78,2,Saturday,5,1
Standard Class,Low,Consumer,Africa,Electronics,8,0.32,1028.88,6,Sunday,3,1
Standard Class,Medium,Consumer,USCA,Grocery,15,0.25,915.88,3,Thursday,11,0
Standard Class,Low,Corporate,Europe,Furniture,15,0.39,453.81,3,Sunday,3,1
Second Class,Low,Consumer,Africa,Furniture,8,0.0,1173.38,3,Wednesday,10,0
Second Class,Low,Consumer,LATAM,Grocery,13,0.13,1000.15,3,Saturday,9,0
Standard Class,Low,Home Office,USCA,Office Supplies,15,0.12,332.28,3,Tuesday,2,0
Standard Class,Low,Consumer,USCA,Furniture,16,0.14,1066.41,7,Tuesday,8,0
Standard Class,Medium,Corporate,USCA,Apparel,2,0.32,127.78,3,Monday,7,0
Standard Class,Low,Corporate,USCA,Apparel,3,0.14,830.59,5,Sunday,12,0
Standard Class,Critical,Corporate,Africa,Electronics,16,0.21,166.3,2,Thursday,2,1
Standard Class,Low,Consumer,Pacific Asia,Grocery,10,0.25,1171.35,5,Saturday,6,0
Standard Class,Medium,Consumer,LATAM,Office Supplies,1,0.34,69.14,7,Tuesday,7,0
Standard Class,Low,Home Office,Pacific Asia,Apparel,5,0.25,286.99,2,Sunday,3,1
Standard Class,Low,Consumer,Pacific Asia,Electronics,3,0.15,640.85,3,Thursday,11,0
Second Class,Low,Corporate,Africa,Electronics,7,0.28,704.92,6,Sunday,8,0
Standard Class,Medium,Corporate,USCA,Furniture,18,0.21,620.37,6,Sunday,2,0
Standard Class,High,Consumer,USCA,Office Supplies,14,0.21,890.72,1,Tuesday,5,1
Standard Class,Low,Corporate,Africa,Apparel,14,0.13,11.85,4,Thursday,2,1
Same Day,Low,Corporate,Africa,Grocery,14,0.0,680.94,6,Saturday,12,0
First Class,Low,Corporate,Europe,Furniture,1,0.14,741.8,4,Sunday,6,0
Standard Class,High,Corporate,USCA,Apparel,18,0.12,258.8,5,Tuesday,3,0
Standard Class,High,Home Office,LATAM,Electronics,3,0.04,794.37,3,Saturday,10,0
Standard Class,Low,Consumer,Europe,Grocery,13,0.08,788.24,5,Wednesday,10,0
Standard Class,Low,Home Office,Pacific Asia,Electronics,15,0.39,640.88,4,Tuesday,12,1
Standard Class,Critical,Consumer,USCA,Furniture,18,0.11,318.55,3,Tuesday,2,1
Second Class,Low,Corporate,Africa,Grocery,3,0.21,505.71,4,Saturday,1,0
Standard Class,Medium,Consumer,Africa,Grocery,19,0.22,334.21,6,Saturday,1,1
First Class,Low,Consumer,Africa,Furniture,15,0.22,925.97,2,Wednesday,10,1
Standard Class,Medium,Consumer,USCA,Electronics,18,0.02,746.13,4,Sunday,6,0
First Class,Critical,Consumer,LATAM,Grocery,1,0.31,189.94,2,Tuesday,5,1
First Class,Critical,Consumer,Africa,Office Supplies,18,0.29,685.46,1,Thursday,5,1
Standard Class,High,Corporate,USCA,Office Supplies,5,0.39,1084.88,3,Wednesday,5,0
Standard Class,Medium,Consumer,Pacific Asia,Electronics,12,0.07,1001.03,4,Saturday,7,0
Standard Class,Medium,Corporate,Europe,Grocery,19,0.22,1070.53,7,Saturday,7,1
Standard Class,Low,Consumer,USCA,Electronics,19,0.32,1101.24,4,Saturday,12,1
Standard Class,Critical,Consumer,USCA,Office Supplies,1,0.05,233.97,4,Friday,1,1
Second Class,Medium,Consumer,Africa,Grocery,3,0.32,866.36,6,Friday,6,0
Standard Class,Medium,Consumer,Europe,Grocery,1,0.11,776.79,4,Sunday,5,0
Same Day,Low,Consumer,Europe,Electronics,17,0.11,49.73,3,Saturday,8,0
Standard Class,Medium,Home Office,Africa,Grocery,9,0.38,936.06,4,Friday,1,1
Same Day,Critical,Consumer,LATAM,Electronics,5,0.13,256.56,6,Wednesday,5,0
Standard Class,Medium,Corporate,USCA,Apparel,5,0.23,1101.24,5,Saturday,5,0
First Class,Low,Consumer,Africa,Apparel,11,0.18,1003.98,2,Monday,1,1
Standard Class,Low,Home Office,LATAM,Office Supplies,17,0.03,924.98,2,Monday,3,1
Standard Class,Low,Consumer,Africa,Office Supplies,16,0.38,839.17,7,Monday,11,1
First Class,High,Home Office,Pacific Asia,Furniture,5,0.09,569.4,4,Saturday,1,0
Standard Class,Critical,Consumer,LATAM,Apparel,12,0.11,959.43,1,Thursday,1,1
Second Class,High,Consumer,LATAM,Apparel,14,0.15,984.89,5,Wednesday,5,0
Second Class,Medium,Corporate,Europe,Furniture,10,0.2,127.19,5,Thursday,2,0
Standard Class,Medium,Corporate,USCA,Electronics,13,0.06,403.96,6,Sunday,12,0
Standard Class,Medium,Consumer,Africa,Apparel,15,0.25,386.82,7,Friday,4,1
Second Class,Medium,Consumer,Africa,Apparel,6,0.21,158.29,1,Saturday,6,1
Standard Class,Medium,Corporate,USCA,Office Supplies,5,0.12,1171.19,2,Monday,2,1
Second Class,Medium,Consumer,USCA,Furniture,16,0.28,704.48,6,Tuesday,7,0
First Class,Medium,Consumer,Europe,Furniture,6,0.21,711.86,3,Sunday,11,0
Standard Class,Low,Corporate,USCA,Office Supplies,11,0.34,465.12,6,Wednesday,10,0
Standard Class,Low,Corporate,Pacific Asia,Apparel,9,0.34,924.73,4,Thursday,5,0
Second Class,High,Consumer,Europe,Grocery,5,0.39,576.02,2,Thursday,6,0
Standard Class,High,Corporate,LATAM,Furniture,11,0.03,893.27,3,Wednesday,3,0
Standard Class,Medium,Consumer,USCA,Apparel,6,0.16,1054.84,2,Thursday,1,1
Standard Class,Low,Consumer,LATAM,Electronics,17,0.2,791.74,6,Thursday,8,1
Standard Class,High,Consumer,Europe,Furniture,9,0.09,751.52,6,Thursday,12,0
Standard Class,Medium,Home Office,Pacific Asia,Office Supplies,8,0.37,946.43,1,Thursday,7,1
Standard Class,Medium,Consumer,Pacific Asia,Furniture,7,0.04,608.58,1,Thursday,2,1
First Class,Medium,Consumer,USCA,Office Supplies,5,0.17,975.85,2,Friday,8,0
Standard Class,Medium,Corporate,Pacific Asia,Electronics,17,0.07,120.07,2,Tuesday,4,1
Standard Class,Medium,Consumer,Africa,Apparel,9,0.27,297.89,6,Tuesday,11,1
Same Day,High,Corporate,Europe,Office Supplies,19,0.28,1110.27,3,Monday,8,0
Second Class,Low,Home Office,Pacific Asia,Office Supplies,12,0.35,213.72,4,Monday,3,0
First Class,Low,Home Office,Europe,Electronics,8,0.16,549.15,5,Tuesday,12,0
Standard Class,Low,Consumer,Europe,Grocery,16,0.31,582.06,4,Saturday,3,1
First Class,Low,Corporate,Africa,Furniture,14,0.22,506.85,6,Wednesday,6,0
Standard Class,Low,Home Office,USCA,Grocery,14,0.32,1041.62,3,Wednesday,4,1
Standard Class,Low,Consumer,Europe,Furniture,19,0.03,902.19,3,Thursday,12,0
Standard Class,Low,Consumer,Africa,Electronics,3,0.19,974.15,2,Tuesday,6,1
Standard Class,Low,Consumer,Pacific Asia,Electronics,7,0.06,1189.64,1,Thursday,2,1
First Class,Low,Consumer,LATAM,Grocery,6,0.32,1170.04,7,Tuesday,2,0
Standard Class,Low,Home Office,USCA,Electronics,5,0.06,1071.61,6,Tuesday,10,0
Second Class,Medium,Corporate,LATAM,Apparel,16,0.0,683.1,6,Friday,4,0
Second Class,Medium,Consumer,Africa,Grocery,11,0.37,368.55,5,Monday,6,0
Second Class,Low,Home Office,Europe,Office Supplies,1,0.19,871.21,4,Thursday,12,0
Standard Class,Medium,Consumer,Africa,Office Supplies,10,0.39,1139.64,5,Sunday,2,1
Second Class,Critical,Home Office,USCA,Electronics,17,0.18,1188.37,4,Sunday,12,0
Standard Class,High,Consumer,USCA,Electronics,7,0.24,739.74,6,Saturday,2,0
Standard Class,Low,Consumer,Pacific Asia,Furniture,3,0.3,843.96,7,Thursday,5,0
Same Day,High,Consumer,Africa,Grocery,5,0.11,341.69,4,Saturday,4,0
Standard Class,Low,Corporate,USCA,Grocery,12,0.05,249.87,1,Saturday,2,1
Standard Class,Low,Consumer,Africa,Apparel,10,0.26,770.22,6,Wednesday,10,1
First Class,Low,Consumer,Pacific Asia,Office Supplies,3,0.2,277.92,5,Tuesday,9,0
Standard Class,Low,Home Office,Pacific Asia,Office Supplies,16,0.33,480.46,7,Tuesday,12,1
Second Class,Medium,Home Office,Africa,Apparel,6,0.02,596.16,1,Monday,2,1
Standard Class,Medium,Corporate,USCA,Furniture,16,0.22,1119.91,7,Thursday,5,0
Standard Class,Medium,Home Office,Europe,Apparel,8,0.07,1173.29,3,Thursday,3,0
Standard Class,Low,Home Office,Europe,Furniture,9,0.25,304.05,2,Monday,10,1
Standard Class,Low,Corporate,Pacific Asia,Furniture,13,0.3,167.06,2,Tuesday,4,1
Standard Class,Low,Corporate,USCA,Furniture,2,0.11,277.61,7,Sunday,5,0
Second Class,Low,Home Office,Pacific Asia,Electronics,9,0.19,627.48,2,Thursday,1,0
Standard Class,Critical,Corporate,Pacific Asia,Electronics,13,0.17,941.67,3,Saturday,10,1
Same Day,High,Consumer,Pacific Asia,Furniture,14,0.3,631.17,2,Thursday,1,1
Standard Class,Critical,Consumer,Pacific Asia,Apparel,13,0.24,1120.43,3,Thursday,1,1
Standard Class,Medium,Consumer,Africa,Apparel,19,0.05,768.52,7,Friday,7,1
Second Class,Medium,Home Office,Africa,Apparel,16,0.39,585.55,2,Tuesday,8,1
Same Day,Low,Corporate,USCA,Electronics,18,0.36,926.65,4,Monday,10,0
Standard Class,Medium,Home Office,USCA,Furniture,16,0.23,1144.9,6,Thursday,5,0
Second Class,Medium,Corporate,LATAM,Office Supplies,2,0.31,406.46,6,Sunday,12,0
First Class,High,Consumer,Europe,Apparel,1,0.01,337.25,1,Sunday,3,0
Standard Class,Medium,Corporate,Africa,Electronics,10,0.08,263.89,6,Saturday,4,1
First Class,Low,Consumer,USCA,Grocery,14,0.31,647.42,3,Friday,4,0
Standard Class,High,Consumer,Pacific Asia,Furniture,17,0.04,567.2,6,Sunday,11,0
Second Class,High,Home Office,Africa,Apparel,18,0.02,304.18,7,Thursday,12,0
Same Day,Medium,Corporate,Europe,Electronics,7,0.25,868.78,6,Tuesday,4,0
Second Class,Medium,Home Office,Africa,Grocery,17,0.01,364.08,3,Monday,11,0
Standard Class,Low,Consumer,Europe,Furniture,4,0.07,910.26,7,Monday,5,0
Standard Class,Medium,Corporate,LATAM,Office Supplies,12,0.03,1008.28,1,Wednesday,1,1
Same Day,Low,Consumer,USCA,Furniture,8,0.21,1040.75,4,Saturday,8,0
Standard Class,Low,Corporate,Europe,Furniture,2,0.27,184.29,1,Sunday,6,1
Standard Class,Medium,Consumer,LATAM,Apparel,19,0.07,374.07,7,Saturday,12,0
Second Class,Low,Corporate,Africa,Furniture,14,0.19,633.75,7,Friday,10,0
Standard Class,Medium,Consumer,USCA,Grocery,17,0.01,1016.25,3,Thursday,5,0
Standard Class,High,Consumer,Europe,Grocery,17,0.11,487.26,6,Thursday,3,0
Standard Class,Low,Corporate,Europe,Furniture,8,0.07,795.24,2,Wednesday,11,1
Standard Class,Medium,Corporate,USCA,Furniture,6,0.07,550.92,2,Wednesday,2,1
Second Class,Medium,Corporate,Africa,Grocery,10,0.09,45.24,4,Wednesday,7,0
Second Class,Low,Corporate,Africa,Grocery,7,0.32,386.45,3,Monday,12,0
Standard Class,Medium,Home Office,Pacific Asia,Apparel,2,0.38,910.5,3,Wednesday,8,0
First Class,Medium,Home Office,Africa,Office Supplies,15,0.28,879.05,6,Sunday,1,0
First Class,Medium,Consumer,USCA,Grocery,5,0.03,1061.56,4,Sunday,9,0
Second Class,High,Consumer,LATAM,Office Supplies,3,0.25,715.53,5,Friday,1,0
Standard Class,Medium,Corporate,USCA,Office Supplies,9,0.29,922.06,4,Sunday,4,0
Second Class,Critical,Consumer,Europe,Grocery,5,0.04,504.05,1,Monday,7,1
Standard Class,Medium,Consumer,Pacific Asia,Apparel,6,0.12,426.14,1,Wednesday,3,1
Second Class,Low,Consumer,Pacific Asia,Furniture,4,0.17,414.41,5,Thursday,12,0
Second Class,Medium,Consumer,LATAM,Electronics,4,0.12,199.26,1,Tuesday,7,0
Standard Class,Low,Corporate,Europe,Furniture,17,0.21,530.96,4,Sunday,6,0
Same Day,Medium,Consumer,Africa,Electronics,15,0.05,974.75,1,Sunday,9,1
Standard Class,Medium,Consumer,Africa,Grocery,7,0.18,24.46,4,Friday,11,1
Second Class,Medium,Home Office,Africa,Furniture,19,0.29,694.12,1,Saturday,2,1
Standard Class,Low,Home Office,USCA,Furniture,11,0.18,215.74,1,Wednesday,6,1
Same Day,Medium,Home Office,Africa,Electronics,3,0.08,895.57,2,Thursday,12,1
Standard Class,Low,Consumer,Europe,Apparel,15,0.32,176.86,7,Thursday,10,1
Standard Class,Medium,Consumer,Pacific Asia,Grocery,19,0.16,205.21,2,Saturday,11,1
Standard Class,High,Consumer,USCA,Grocery,17,0.17,60.71,7,Monday,8,0
Standard Class,Critical,Consumer,Africa,Grocery,6,0.14,536.78,4,Monday,2,1
Standard Class,Low,Consumer,Europe,Furniture,5,0.12,780.59,7,Friday,12,0
Second Class,Medium,Home Office,LATAM,Office Supplies,13,0.24,353.66,7,Thursday,5,0
Standard Class,Medium,Home Office,Europe,Electronics,17,0.08,59.24,5,Wednesday,8,0
Standard Class,High,Home Office,Pacific Asia,Furniture,2,0.31,1119.85,7,Tuesday,5,0
Standard Class,Medium,Corporate,Europe,Apparel,18,0.19,1034.02,2,Tuesday,12,1
First Class,Low,Corporate,Europe,Apparel,10,0.35,560.75,7,Sunday,5,0
Second Class,Medium,Corporate,USCA,Furniture,8,0.38,989.7,4,Sunday,11,0
Second Class,Medium,Home Office,Pacific Asia,Electronics,8,0.15,963.39,4,Tuesday,10,0
Second Class,Medium,Corporate,Africa,Grocery,18,0.06,678.33,6,Monday,10,0
Standard Class,High,Consumer,Pacific Asia,Grocery,12,0.2,636.91,2,Saturday,7,1
Standard Class,Low,Consumer,LATAM,Office Supplies,5,0.11,784.72,6,Thursday,6,0
Standard Class,Critical,Corporate,Pacific Asia,Furniture,4,0.17,869.34,5,Sunday,10,1
First Class,Low,Consumer,USCA,Office Supplies,13,0.15,986.76,1,Friday,5,0
Same Day,Critical,Home Office,Africa,Apparel,4,0.18,693.65,5,Friday,1,0
Standard Class,High,Corporate,Pacific Asia,Grocery,1,0.2,898.03,6,Friday,1,0
Standard Class,Medium,Corporate,Africa,Grocery,11,0.25,230.9,2,Sunday,3,1
Standard Class,Medium,Consumer,USCA,Office Supplies,9,0.0,897.89,6,Monday,1,0
Standard Class,Low,Consumer,Europe,Furniture,17,0.1,79.19,4,Sunday,5,0
Second Class,Low,Consumer,LATAM,Office Supplies,11,0.07,793.57,2,Saturday,10,0
Standard Class,Low,Corporate,Pacific Asia,Apparel,10,0.28,857.88,2,Monday,7,1
Same Day,Low,Consumer,Africa,Furniture,17,0.33,1161.38,2,Friday,8,1
Standard Class,Medium,Home Office,Pacific Asia,Apparel,3,0.29,511.92,2,Tuesday,6,1
Same Day,Low,Corporate,USCA,Furniture,19,0.39,145.72,5,Monday,6,0
First Class,High,Corporate,Europe,Office Supplies,3,0.03,408.22,3,Thursday,8,0
First Class,Medium,Home Office,USCA,Electronics,6,0.19,508.84,2,Saturday,3,0
Second Class,Medium,Home Office,Africa,Office Supplies,6,0.36,926.29,5,Friday,11,0
Second Class,Medium,Consumer,Pacific Asia,Furniture,7,0.13,231.62,5,Monday,2,0
Second Class,Low,Home Office,Africa,Apparel,1,0.32,212.07,2,Tuesday,12,1
Second Class,Low,Consumer,USCA,Office Supplies,8,0.22,271.55,5,Thursday,12,0
Second Class,Low,Consumer,Pacific Asia,Furniture,16,0.39,284.81,2,Saturday,2,1
Same Day,High,Consumer,Africa,Apparel,15,0.15,1109.31,4,Wednesday,4,0
Second Class,Medium,Corporate,Pacific Asia,Apparel,19,0.17,200.83,7,Wednesday,3,0
First Class,Low,Consumer,LATAM,Apparel,10,0.07,501.46,1,Wednesday,3,0
First Class,High,Corporate,USCA,Furniture,12,0.06,489.92,5,Friday,10,0
Standard Class,Low,Corporate,USCA,Apparel,5,0.34,161.81,7,Tuesday,8,0
Standard Class,Medium,Corporate,LATAM,Apparel,3,0.16,139.67,3,Monday,9,0
Standard Class,Medium,Consumer,Europe,Office Supplies,13,0.25,1092.65,3,Thursday,5,0
Standard Class,Medium,Home Office,Africa,Apparel,19,0.3,1005.28,4,Wednesday,3,1
First Class,High,Corporate,Europe,Electronics,3,0.18,1120.54,5,Friday,2,0
Standard Class,High,Consumer,Pacific Asia,Furniture,3,0.38,387.38,4,Tuesday,7,1
Second Class,Medium,Home Office,Africa,Apparel,16,0.38,636.54,3,Saturday,4,0
Standard Class,Low,Consumer,Africa,Apparel,12,0.27,314.37,4,Saturday,11,1
Standard Class,High,Corporate,Africa,Grocery,18,0.4,476.37,6,Monday,5,1
Second Class,Medium,Corporate,LATAM,Office Supplies,17,0.0,955.05,2,Saturday,7,0
First Class,Low,Consumer,USCA,Apparel,17,0.0,576.76,1,Friday,8,0
Standard Class,Medium,Consumer,LATAM,Office Supplies,17,0.03,140.42,2,Tuesday,9,1
Second Class,Low,Home Office,LATAM,Office Supplies,7,0.38,13.8,7,Sunday,2,0
Second Class,Low,Consumer,LATAM,Electronics,14,0.24,291.01,6,Thursday,1,0
Standard Class,High,Consumer,Europe,Furniture,11,0.37,228.02,7,Sunday,8,0
Standard Class,Medium,Corporate,LATAM,Electronics,16,0.05,954.96,5,Sunday,10,0
Same Day,Low,Corporate,USCA,Furniture,4,0.01,803.29,7,Monday,7,0
Standard Class,Medium,Corporate,Africa,Grocery,19,0.22,1007.59,6,Monday,1,1
Standard Class,High,Home Office,Europe,Electronics,8,0.07,508.33,3,Wednesday,7,0
Standard Class,Low,Consumer,LATAM,Office Supplies,5,0.34,704.53,5,Wednesday,5,0
Second Class,Medium,Corporate,LATAM,Apparel,3,0.17,506.66,7,Monday,8,0
Second Class,High,Corporate,Africa,Grocery,3,0.31,273.23,4,Monday,7,0
Second Class,Low,Consumer,Africa,Furniture,17,0.21,760.82,6,Friday,10,0
Standard Class,Medium,Home Office,Europe,Electronics,6,0.21,472.43,1,Wednesday,4,1
First Class,Low,Home Office,USCA,Grocery,10,0.27,306.7,2,Wednesday,7,0
Standard Class,Medium,Consumer,Europe,Electronics,9,0.13,1126.78,6,Thursday,3,0
Standard Class,High,Corporate,Africa,Office Supplies,6,0.38,138.3,2,Wednesday,7,1
Standard Class,Low,Corporate,USCA,Electronics,2,0.16,934.39,7,Monday,1,0
Standard Class,High,Consumer,LATAM,Furniture,3,0.16,663.95,6,Sunday,3,0
First Class,High,Home Office,LATAM,Furniture,11,0.28,918.01,1,Friday,8,0
Same Day,Low,Corporate,Pacific Asia,Apparel,15,0.25,116.95,1,Saturday,5,0
Standard Class,Medium,Corporate,Africa,Apparel,14,0.4,474.59,4,Tuesday,10,1
First Class,Low,Consumer,Pacific Asia,Furniture,13,0.34,957.28,2,Tuesday,7,1
First Class,High,Consumer,Europe,Furniture,17,0.11,979.94,3,Monday,12,0
Same Day,Medium,Consumer,Europe,Furniture,11,0.04,948.8,7,Friday,2,0
Standard Class,Medium,Corporate,USCA,Grocery,6,0.04,895.78,1,Saturday,9,1
Second Class,Medium,Corporate,Africa,Electronics,2,0.14,458.15,7,Monday,9,0
Standard Class,Medium,Consumer,USCA,Grocery,1,0.19,862.27,4,Sunday,9,0
First Class,High,Consumer,USCA,Office Supplies,4,0.25,140.23,1,Monday,4,0
Standard Class,Medium,Consumer,Europe,Apparel,9,0.34,203.5,6,Saturday,1,0
Second Class,High,Corporate,Europe,Electronics,11,0.4,652.51,6,Saturday,7,0
Standard Class,Medium,Corporate,Africa,Apparel,6,0.16,664.03,7,Saturday,7,1
Standard Class,Low,Consumer,Europe,Office Supplies,16,0.22,571.42,5,Tuesday,4,0
Second Class,High,Consumer,Africa,Furniture,10,0.24,884.65,1,Monday,12,1
First Class,Medium,Consumer,Pacific Asia,Apparel,3,0.22,680.94,5,Thursday,12,0
Second Class,Medium,Consumer,LATAM,Furniture,10,0.04,88.18,5,Sunday,4,0
First Class,Critical,Corporate,Pacific Asia,Apparel,12,0.05,1065.77,3,Friday,12,0
Standard Class,Low,Consumer,Europe,Office Supplies,1,0.36,757.36,5,Wednesday,7,0
Standard Class,Medium,Consumer,LATAM,Apparel,10,0.27,1075.58,5,Wednesday,7,0
Standard Class,Low,Corporate,LATAM,Office Supplies,10,0.27,521.12,5,Monday,9,0
Standard Class,Medium,Home Office,USCA,Electronics,4,0.33,12.19,1,Thursday,3,1
Second Class,High,Home Office,LATAM,Grocery,9,0.03,917.6,6,Sunday,2,0
Second Class,Critical,Home Office,Africa,Office Supplies,9,0.17,683.56,6,Tuesday,6,1
Second Class,Medium,Corporate,Europe,Apparel,12,0.1,33.39,1,Monday,9,0
Second Class,High,Corporate,Europe,Electronics,11,0.26,691.41,4,Tuesday,1,0
Second Class,High,Corporate,USCA,Office Supplies,6,0.09,1117.99,2,Thursday,3,0
Standard Class,Medium,Home Office,USCA,Apparel,7,0.28,258.4,3,Tuesday,12,0
Standard Class,Low,Home Office,Europe,Office Supplies,9,0.16,345.28,1,Wednesday,1,1
Second Class,Medium,Consumer,USCA,Office Supplies,11,0.18,782.92,4,Sunday,9,0
Standard Class,Critical,Consumer,LATAM,Furniture,17,0.33,986.89,4,Tuesday,2,1
Standard Class,Critical,Consumer,LATAM,Apparel,11,0.14,773.66,3,Tuesday,11,1
Standard Class,Medium,Corporate,Africa,Grocery,18,0.1,809.33,7,Sunday,6,1
Second Class,High,Corporate,USCA,Office Supplies,9,0.34,398.77,4,Sunday,5,0
Standard Class,Low,Home Office,Europe,Electronics,17,0.27,21.94,6,Saturday,8,1
Second Class,Low,Consumer,Pacific Asia,Apparel,16,0.16,1009.44,6,Tuesday,2,0
Second Class,Critical,Consumer,Europe,Grocery,14,0.2,1194.34,6,Monday,12,0
Standard Class,Low,Home Office,Pacific Asia,Apparel,1,0.14,1041.03,1,Sunday,4,1
First Class,Low,Consumer,Pacific Asia,Grocery,2,0.22,483.03,7,Thursday,9,0
Second Class,Medium,Consumer,Africa,Grocery,11,0.06,428.67,7,Wednesday,5,0
Second Class,Medium,Corporate,Pacific Asia,Office Supplies,7,0.36,1152.24,6,Sunday,3,0
Second Class,Medium,Consumer,LATAM,Furniture,10,0.22,1186.19,6,Saturday,4,0
Standard Class,Low,Consumer,LATAM,Apparel,12,0.15,738.56,5,Wednesday,8,0
Second Class,High,Consumer,Africa,Electronics,11,0.23,622.22,1,Sunday,12,1
Standard Class,High,Consumer,Europe,Electronics,2,0.06,624.45,4,Saturday,2,0
Same Day,Low,Corporate,Europe,Furniture,14,0.03,250.15,2,Tuesday,5,0
First Class,Medium,Consumer,Europe,Electronics,9,0.22,876.56,6,Saturday,2,0
Second Class,Medium,Consumer,Europe,Apparel,12,0.03,213.57,2,Saturday,2,0
Standard Class,Medium,Consumer,LATAM,Electronics,10,0.26,259.45,7,Thursday,8,0
Standard Class,Low,Corporate,LATAM,Apparel,2,0.32,812.25,5,Thursday,3,0
Standard Class,Medium,Consumer,Africa,Grocery,12,0.4,1044.44,7,Thursday,5,1
Standard Class,Low,Consumer,Africa,Office Supplies,3,0.31,802.45,6,Wednesday,3,1
Standard Class,Low,Consumer,Africa,Furniture,13,0.39,575.16,4,Friday,8,1
Standard Class,Medium,Consumer,Europe,Furniture,19,0.01,837.34,5,Thursday,3,0
Standard Class,Medium,Consumer,Europe,Electronics,13,0.22,551.43,6,Sunday,9,0
Same Day,Medium,Corporate,LATAM,Apparel,16,0.07,788.51,7,Monday,3,0
Standard Class,High,Home Office,LATAM,Office Supplies,1,0.1,938.63,5,Friday,3,0
Same Day,Low,Home Office,USCA,Electronics,8,0.29,27.48,5,Thursday,7,0
Same Day,High,Corporate,USCA,Office Supplies,13,0.1,270.59,6,Saturday,9,0
Standard Class,Low,Consumer,Europe,Apparel,7,0.07,846.69,2,Tuesday,1,1
Second Class,Medium,Corporate,LATAM,Electronics,2,0.15,487.66,3,Wednesday,11,0
Standard Class,High,Consumer,Europe,Electronics,13,0.03,631.35,7,Wednesday,5,0
Second Class,Medium,Corporate,Pacific Asia,Office Supplies,12,0.06,825.16,7,Saturday,7,0
Standard Class,Medium,Consumer,USCA,Electronics,17,0.06,636.56,4,Tuesday,5,0
Standard Class,Medium,Home Office,Africa,Office Supplies,9,0.09,1005.95,5,Friday,4,1
Second Class,High,Home Office,Europe,Apparel,10,0.35,461.2,6,Friday,8,0
Standard Class,Medium,Consumer,Pacific Asia,Office Supplies,3,0.12,833.21,5,Friday,3,0
Second Class,High,Consumer,Africa,Apparel,11,0.11,516.22,1,Tuesday,8,1
Standard Class,Critical,Corporate,Pacific Asia,Apparel,12,0.05,639.88,1,Sunday,11,1
Standard Class,Medium,Consumer,LATAM,Grocery,7,0.01,145.35,1,Wednesday,4,1
Standard Class,Medium,Home Office,LATAM,Office Supplies,10,0.06,999.46,4,Sunday,2,0
Standard Class,Low,Consumer,LATAM,Furniture,10,0.29,390.73,7,Monday,1,0
Standard Class,Low,Consumer,Africa,Grocery,10,0.39,368.43,3,Friday,12,1
Standard Class,Medium,Corporate,Africa,Grocery,4,0.3,115.63,4,Sunday,1,1
Standard Class,High,Consumer,LATAM,Office Supplies,10,0.34,612.61,6,Wednesday,9,0
First Class,Medium,Consumer,Africa,Grocery,10,0.31,507.31,4,Wednesday,6,0
Standard Class,Critical,Corporate,LATAM,Grocery,4,0.12,127.74,6,Wednesday,2,1
Second Class,Low,Corporate,Europe,Electronics,7,0.29,904.37,2,Friday,5,0
Standard Class,Medium,Corporate,LATAM,Apparel,18,0.3,89.03,7,Friday,5,1
First Class,Medium,Corporate,USCA,Furniture,3,0.1,182.59,4,Wednesday,2,0
Standard Class,Medium,Consumer,Europe,Office Supplies,15,0.37,558.23,1,Thursday,11,1
Standard Class,High,Consumer,LATAM,Electronics,5,0.4,435.73,1,Tuesday,1,1
Standard Class,Low,Consumer,USCA,Furniture,9,0.22,337.86,5,Tuesday,10,0
Standard Class,Low,Home Office,LATAM,Furniture,12,0.13,681.07,6,Tuesday,1,0
Second Class,Medium,Consumer,Europe,Electronics,16,0.14,633.91,6,Friday,6,0
Standard Class,Medium,Consumer,LATAM,Office Supplies,11,0.23,524.57,5,Tuesday,8,0
Same Day,High,Home Office,Africa,Apparel,17,0.0,933.65,1,Thursday,11,1
Standard Class,Critical,Home Office,LATAM,Electronics,3,0.12,602.82,4,Wednesday,4,1
Standard Class,Low,Home Office,Europe,Grocery,15,0.02,1174.77,4,Sunday,12,0
Second Class,Medium,Consumer,Pacific Asia,Furniture,4,0.25,964.16,6,Tuesday,12,0
Standard Class,Medium,Corporate,LATAM,Grocery,9,0.24,136.67,3,Sunday,5,0
First Class,Critical,Consumer,Africa,Office Supplies,8,0.24,336.03,4,Wednesday,8,0
Standard Class,High,Home Office,Europe,Apparel,18,0.06,647.69,2,Thursday,10,1
Second Class,Medium,Consumer,USCA,Apparel,4,0.38,567.98,2,Saturday,9,0
Standard Class,Medium,Consumer,Pacific Asia,Apparel,5,0.21,65.91,4,Thursday,9,0
First Class,Low,Consumer,LATAM,Grocery,9,0.22,638.5,5,Monday,12,0
Second Class,Low,Consumer,Europe,Office Supplies,16,0.22,730.37,5,Tuesday,11,0
Standard Class,Medium,Corporate,Africa,Grocery,4,0.21,561.41,5,Friday,8,1
Standard Class,Medium,Home Office,Africa,Furniture,16,0.38,1040.7,2,Wednesday,12,1
Standard Class,Medium,Corporate,Europe,Apparel,5,0.24,672.34,1,Wednesday,6,1
Same Day,Medium,Consumer,Africa,Office Supplies,7,0.19,945.88,6,Wednesday,3,0
Standard Class,Medium,Home Office,Pacific Asia,Grocery,11,0.31,708.32,3,Tuesday,8,0
Standard Class,Medium,Consumer,USCA,Grocery,7,0.1,1092.08,6,Tuesday,6,0
Standard Class,Low,Consumer,Africa,Grocery,6,0.08,264.88,5,Saturday,10,1
Standard Class,Low,Consumer,Africa,Grocery,19,0.18,999.7,4,Tuesday,3,1
Second Class,Low,Consumer,USCA,Grocery,17,0.01,543.11,1,Friday,4,0
Same Day,High,Consumer,Pacific Asia,Furniture,6,0.12,840.11,3,Tuesday,12,0
Standard Class,Low,Consumer,Pacific Asia,Apparel,19,0.17,683.67,1,Saturday,2,1
First Class,High,Home Office,Pacific Asia,Grocery,17,0.23,139.54,4,Friday,12,0
Standard Class,Low,Home Office,Africa,Furniture,12,0.22,529.54,1,Friday,9,1
Standard Class,Medium,Consumer,Africa,Office Supplies,12,0.15,811.92,3,Friday,6,1
Standard Class,High,Consumer,Pacific Asia,Office Supplies,13,0.14,1079.1,4,Sunday,11,1
Second Class,Medium,Consumer,Africa,Furniture,6,0.0,269.97,7,Tuesday,2,0
Same Day,Low,Consumer,LATAM,Furniture,19,0.35,432.67,2,Tuesday,8,1
First Class,Low,Consumer,Africa,Furniture,1,0.09,439.12,1,Friday,8,1
Standard Class,High,Consumer,Pacific Asia,Office Supplies,13,0.14,633.99,4,Thursday,10,0
Standard Class,Medium,Corporate,Europe,Grocery,5,0.01,1036.98,1,Saturday,3,1
Standard Class,Medium,Corporate,Pacific Asia,Apparel,1,0.38,480.68,4,Friday,5,0
Same Day,Medium,Consumer,Europe,Grocery,3,0.2,184.7,7,Wednesday,10,0
First Class,Low,Corporate,Africa,Electronics,3,0.01,612.8,5,Monday,1,0
First Class,Low,Corporate,Africa,Furniture,15,0.1,54.83,1,Saturday,7,1
Standard Class,Medium,Consumer,Europe,Grocery,15,0.35,419.9,5,Friday,6,1
Standard Class,Medium,Consumer,Pacific Asia,Apparel,4,0.15,621.94,5,Tuesday,9,0
Standard Class,Low,Home Office,USCA,Grocery,8,0.28,626.04,2,Sunday,3,1
Standard Class,High,Corporate,USCA,Electronics,3,0.25,985.23,7,Tuesday,1,0
Standard Class,High,Consumer,Pacific Asia,Electronics,8,0.19,963.33,5,Sunday,7,0
Standard Class,High,Corporate,Africa,Grocery,12,0.33,346.33,1,Tuesday,3,1
Standard Class,Low,Consumer,Europe,Apparel,18,0.02,368.24,1,Saturday,11,1
First Class,Low,Corporate,Europe,Grocery,13,0.36,1178.18,7,Sunday,9,0
First Class,High,Consumer,Pacific Asia,Furniture,8,0.29,475.87,3,Friday,12,0
Standard Class,Low,Consumer,Pacific Asia,Apparel,17,0.35,179.96,5,Friday,12,1
Standard Class,Low,Corporate,LATAM,Office Supplies,9,0.01,791.76,6,Friday,7,0
Standard Class,High,Corporate,Europe,Apparel,7,0.03,299.78,2,Friday,6,1
Second Class,Low,Consumer,LATAM,Grocery,15,0.08,728.03,4,Wednesday,4,0
First Class,Medium,Consumer,Africa,Grocery,16,0.24,987.32,4,Thursday,10,0
First Class,Medium,Consumer,Europe,Office Supplies,8,0.04,216.65,4,Thursday,11,0
Second Class,High,Consumer,Pacific Asia,Electronics,16,0.37,547.44,2,Tuesday,1,1
Standard Class,Low,Consumer,Pacific Asia,Grocery,19,0.3,465.71,2,Friday,7,1
Standard Class,High,Corporate,Africa,Electronics,16,0.32,1199.27,3,Sunday,3,1
Standard Class,Medium,Consumer,USCA,Electronics,14,0.23,856.84,3,Monday,2,0
Standard Class,Medium,Corporate,LATAM,Furniture,16,0.25,108.02,4,Wednesday,10,0
First Class,Low,Corporate,Pacific Asia,Electronics,1,0.09,282.03,5,Sunday,5,0
Standard Class,Low,Consumer,Europe,Apparel,18,0.36,197.14,7,Sunday,5,1
Standard Class,Medium,Corporate,Europe,Electronics,18,0.26,28.12,2,Saturday,8,1
Standard Class,Medium,Home Office,Europe,Furniture,1,0.17,385.86,5,Sunday,3,0
Same Day,High,Consumer,Africa,Grocery,17,0.35,396.1,3,Thursday,2,0
Standard Class,Medium,Home Office,USCA,Grocery,7,0.35,289.64,5,Friday,12,0
Second Class,Medium,Corporate,LATAM,Office Supplies,6,0.0,668.19,7,Tuesday,2,0
Standard Class,Medium,Corporate,Europe,Electronics,13,0.37,269.96,1,Saturday,4,1
Standard Class,High,Consumer,Europe,Apparel,7,0.15,1129.87,2,Wednesday,12,1
Standard Class,Medium,Corporate,Pacific Asia,Office Supplies,8,0.17,881.63,2,Wednesday,7,1
Second Class,Low,Consumer,USCA,Office Supplies,12,0.03,154.47,4,Tuesday,12,0
Standard Class,High,Corporate,Pacific Asia,Furniture,16,0.35,329.94,6,Friday,5,1
First Class,Medium,Home Office,Africa,Grocery,3,0.22,1179.1,4,Sunday,3,0
Standard Class,Medium,Corporate,Africa,Electronics,7,0.36,248.22,7,Monday,11,1
Standard Class,Medium,Consumer,LATAM,Electronics,6,0.31,149.18,4,Monday,8,0
Same Day,Medium,Consumer,Africa,Grocery,13,0.36,286.46,1,Friday,9,1
Standard Class,Low,Consumer,LATAM,Furniture,14,0.38,859.49,4,Thursday,11,1
Second Class,Low,Home Office,Pacific Asia,Furniture,13,0.35,626.27,4,Sunday,10,0
First Class,High,Consumer,Europe,Furniture,8,0.08,90.4,2,Monday,6,0
Standard Class,Low,Consumer,Europe,Apparel,19,0.03,440.52,6,Saturday,5,0
Second Class,Medium,Consumer,USCA,Electronics,14,0.25,113.08,5,Tuesday,11,0
Standard Class,Low,Home Office,Africa,Furniture,5,0.06,355.91,2,Monday,8,1
Standard Class,Low,Consumer,USCA,Furniture,18,0.35,213.45,5,Friday,7,1
Standard Class,Low,Home Office,USCA,Grocery,4,0.38,272.48,7,Saturday,4,0
First Class,Medium,Corporate,Europe,Office Supplies,1,0.05,936.01,2,Wednesday,8,0
Standard Class,Medium,Home Office,Africa,Office Supplies,1,0.09,942.36,1,Friday,9,1
Second Class,Low,Consumer,Europe,Office Supplies,9,0.25,881.58,5,Thursday,2,0
Same Day,Low,Consumer,USCA,Electronics,19,0.29,829.02,1,Monday,7,1
Standard Class,High,Consumer,Africa,Apparel,1,0.2,301.75,2,Monday,9,1
Standard Class,Medium,Consumer,Europe,Electronics,15,0.15,534.47,3,Tuesday,2,0
Standard Class,High,Corporate,LATAM,Grocery,13,0.12,557.45,1,Monday,12,1
Standard Class,High,Consumer,LATAM,Furniture,7,0.27,646.48,4,Monday,8,0
Standard Class,Critical,Consumer,Pacific Asia,Electronics,14,0.3,1029.05,7,Monday,3,1
Second Class,High,Corporate,Pacific Asia,Office Supplies,2,0.12,1067.46,3,Wednesday,5,0
Same Day,Low,Consumer,Africa,Apparel,13,0.13,267.1,2,Wednesday,9,1
Same Day,Critical,Consumer,Pacific Asia,Grocery,8,0.18,524.07,3,Monday,8,0
First Class,High,Consumer,Africa,Furniture,12,0.18,186.15,1,Wednesday,5,1
First Class,High,Corporate,USCA,Apparel,13,0.34,781.33,3,Tuesday,4,0
Standard Class,Low,Corporate,LATAM,Electronics,3,0.17,690.76,7,Tuesday,5,0
Second Class,Critical,Corporate,Africa,Electronics,19,0.39,1022.48,2,Wednesday,12,1
First Class,High,Consumer,USCA,Apparel,12,0.12,627.48,3,Sunday,6,0
Standard Class,High,Consumer,LATAM,Apparel,2,0.28,939.5,1,Tuesday,9,1
Same Day,Low,Home Office,Europe,Furniture,18,0.3,388.53,5,Wednesday,10,0
Standard Class,Low,Corporate,USCA,Office Supplies,16,0.25,836.16,5,Sunday,11,0
Second Class,Critical,Corporate,Europe,Apparel,9,0.15,57.79,6,Friday,8,0
Second Class,Medium,Corporate,Pacific Asia,Furniture,17,0.1,190.32,6,Sunday,5,0
Same Day,Low,Consumer,Africa,Apparel,18,0.24,541.89,1,Monday,4,1
Standard Class,High,Home Office,LATAM,Apparel,19,0.26,1065.4,7,Sunday,10,1
Second Class,Low,Corporate,Pacific Asia,Office Supplies,7,0.1,1063.29,2,Monday,4,0
Standard Class,Medium,Corporate,USCA,Furniture,4,0.13,722.54,3,Friday,9,0
Standard Class,Low,Home Office,Pacific Asia,Electronics,8,0.34,164.57,7,Tuesday,10,0
First Class,Low,Consumer,Europe,Furniture,1,0.32,820.35,4,Wednesday,2,0
Second Class,Low,Corporate,Europe,Furniture,10,0.07,220.49,6,Wednesday,4,0
Second Class,Low,Home Office,Africa,Furniture,4,0.37,427.05,7,Tuesday,11,0
Standard Class,Low,Consumer,Pacific Asia,Office Supplies,17,0.25,383.88,7,Monday,3,0
Standard Class,Medium,Consumer,LATAM,Office Supplies,7,0.2,1062.51,1,Monday,10,1
Second Class,High,Corporate,Europe,Grocery,1,0.08,835.35,3,Sunday,9,0
Standard Class,Medium,Consumer,USCA,Electronics,16,0.29,94.56,7,Friday,1,1
Standard Class,Low,Home Office,Pacific Asia,Office Supplies,10,0.37,1013.63,2,Tuesday,6,1
Same Day,Low,Consumer,LATAM,Office Supplies,11,0.03,522.18,6,Monday,7,0
Standard Class,High,Corporate,LATAM,Furniture,6,0.21,908.17,3,Friday,8,0
Second Class,Critical,Consumer,LATAM,Furniture,1,0.35,934.25,7,Friday,1,0
Standard Class,Low,Consumer,LATAM,Apparel,9,0.38,1198.43,2,Monday,1,1
Standard Class,Low,Home Office,Europe,Apparel,11,0.03,422.86,7,Sunday,12,0
Standard Class,Medium,Corporate,Africa,Apparel,6,0.32,1038.69,1,Monday,1,1
Standard Class,High,Consumer,Pacific Asia,Office Supplies,19,0.11,351.29,7,Friday,9,0
Standard Class,Medium,Consumer,Europe,Apparel,13,0.22,1194.69,3,Sunday,11,0
Standard Class,Medium,Corporate,Africa,Electronics,17,0.31,498.2,7,Sunday,12,1
Standard Class,Medium,Home Office,LATAM,Apparel,14,0.22,795.61,4,Thursday,9,0
Standard Class,Critical,Corporate,USCA,Grocery,4,0.04,1193.47,7,Saturday,12,1
Standard Class,Low,Corporate,LATAM,Grocery,7,0.24,248.5,6,Saturday,1,0
Standard Class,Critical,Consumer,Africa,Furniture,15,0.05,752.56,4,Friday,8,1
Standard Class,Low,Home Office,Africa,Office Supplies,10,0.14,1198.07,3,Thursday,5,1
Same Day,Medium,Corporate,USCA,Grocery,5,0.22,1133.31,1,Sunday,5,0
Second Class,Medium,Corporate,Europe,Electronics,13,0.4,272.68,7,Wednesday,8,0
Second Class,Medium,Corporate,USCA,Furniture,15,0.29,127.48,5,Thursday,4,0
Standard Class,Medium,Corporate,LATAM,Grocery,3,0.12,517.03,2,Friday,7,1
Same Day,Low,Home Office,Pacific Asia,Apparel,19,0.35,918.39,5,Thursday,8,0
Second Class,Low,Corporate,Europe,Grocery,3,0.09,949.76,2,Saturday,5,0
First Class,Medium,Home Office,Pacific Asia,Grocery,19,0.15,732.84,2,Wednesday,12,0
Standard Class,Medium,Corporate,Pacific Asia,Furniture,12,0.26,741.72,2,Friday,10,1
Same Day,Low,Corporate,Europe,Office Supplies,14,0.16,153.58,5,Tuesday,6,0
First Class,High,Home Office,LATAM,Apparel,8,0.29,535.04,4,Tuesday,11,0
First Class,Low,Consumer,Africa,Apparel,18,0.26,695.64,4,Friday,6,0
Standard Class,Medium,Consumer,LATAM,Apparel,4,0.27,823.48,4,Wednesday,6,0
Standard Class,Low,Corporate,Africa,Apparel,11,0.17,119.21,1,Sunday,12,1
Standard Class,Medium,Home Office,Africa,Office Supplies,17,0.02,831.87,5,Sunday,6,1
Standard Class,Low,Consumer,Europe,Apparel,19,0.35,1130.11,2,Wednesday,5,1
First Class,Medium,Consumer,Europe,Office Supplies,4,0.03,945.62,7,Wednesday,7,0
Standard Class,Low,Consumer,USCA,Furniture,6,0.19,752.41,1,Wednesday,10,1
Standard Class,Low,Consumer,Pacific Asia,Electronics,2,0.12,125.59,1,Sunday,10,1
Standard Class,High,Consumer,Pacific Asia,Office Supplies,7,0.12,955.28,5,Saturday,6,0
Standard Class,Medium,Corporate,Pacific Asia,Apparel,19,0.09,798.92,3,Friday,11,1
Standard Class,Low,Home Office,Pacific Asia,Furniture,14,0.11,662.95,6,Monday,11,1
First Class,Low,Corporate,USCA,Furniture,16,0.38,964.55,3,Tuesday,6,0
Second Class,High,Consumer,Africa,Grocery,8,0.39,812.66,4,Thursday,2,0
Standard Class,Low,Home Office,USCA,Grocery,18,0.23,568.94,4,Sunday,12,0
Standard Class,High,Corporate,Europe,Electronics,9,0.21,289.14,7,Friday,9,0
Standard Class,Medium,Consumer,LATAM,Electronics,4,0.02,610.16,4,Monday,5,0
Standard Class,Low,Consumer,Africa,Grocery,14,0.32,193.34,3,Friday,5,1
Second Class,Medium,Corporate,Africa,Grocery,18,0.07,81.63,6,Sunday,11,0
Second Class,High,Corporate,USCA,Furniture,5,0.06,288.41,1,Thursday,10,0
Second Class,Low,Corporate,Europe,Office Supplies,1,0.17,446.85,1,Saturday,6,0
Second Class,Medium,Consumer,Europe,Grocery,6,0.14,779.7,1,Thursday,1,0
Standard Class,Medium,Home Office,Africa,Apparel,4,0.04,604.26,4,Thursday,3,1
Same Day,High,Consumer,USCA,Office Supplies,19,0.06,884.82,6,Friday,5,0
First Class,Medium,Corporate,Pacific Asia,Office Supplies,17,0.4,887.6,3,Sunday,8,0
Same Day,Low,Corporate,Africa,Apparel,6,0.29,850.23,6,Friday,1,0
Standard Class,Low,Consumer,Pacific Asia,Apparel,5,0.24,661.5,6,Thursday,7,0
Same Day,Low,Consumer,LATAM,Apparel,6,0.12,799.01,7,Sunday,2,0
First Class,Low,Consumer,Europe,Furniture,1,0.17,1173.14,4,Monday,5,0
First Class,Low,Consumer,Africa,Grocery,18,0.25,849.88,2,Sunday,7,1
Standard Class,Medium,Consumer,LATAM,Grocery,15,0.31,893.55,4,Saturday,6,1
Second Class,Low,Corporate,Pacific Asia,Furniture,16,0.38,356.52,7,Thursday,1,0
Same Day,Low,Corporate,Africa,Office Supplies,9,0.05,578.8,2,Wednesday,6,0
Second Class,Medium,Corporate,LATAM,Furniture,5,0.08,527.9,6,Sunday,9,0
Second Class,Low,Corporate,Africa,Grocery,11,0.23,430.63,2,Monday,11,0
Same Day,Low,Home Office,LATAM,Electronics,5,0.38,556.88,3,Monday,8,0
Standard Class,Low,Home Office,LATAM,Furniture,6,0.18,721.65,6,Saturday,1,0
Second Class,Low,Consumer,Pacific Asia,Electronics,2,0.25,752.8,1,Wednesday,7,0
Standard Class,High,Corporate,Europe,Electronics,10,0.12,1009.09,5,Wednesday,10,0
Same Day,Medium,Consumer,USCA,Apparel,4,0.32,791.02,4,Wednesday,3,0
Standard Class,Low,Consumer,LATAM,Apparel,14,0.24,1044.56,7,Monday,1,0
Standard Class,Low,Corporate,Europe,Apparel,3,0.15,791.37,3,Saturday,12,0
Second Class,Low,Consumer,USCA,Electronics,13,0.22,426.59,4,Tuesday,1,0
First Class,Medium,Corporate,Pacific Asia,Grocery,15,0.28,760.74,2,Saturday,12,1
Second Class,Medium,Consumer,Africa,Apparel,16,0.09,877.53,1,Friday,9,1
Same Day,Medium,Consumer,Europe,Apparel,5,0.14,825.93,1,Sunday,10,0
Same Day,Low,Home Office,Africa,Office Supplies,10,0.1,1021.4,5,Tuesday,5,0
Standard Class,Low,Consumer,Africa,Electronics,3,0.38,1087.64,2,Monday,8,1
Standard Class,Medium,Consumer,USCA,Electronics,16,0.02,408.9,5,Saturday,8,1
Standard Class,High,Consumer,Europe,Apparel,8,0.02,103.91,4,Monday,8,0
Standard Class,High,Home Office,LATAM,Office Supplies,16,0.14,791.13,1,Monday,3,1
Standard Class,Low,Consumer,USCA,Office Supplies,5,0.22,141.21,1,Monday,1,1
Same Day,Medium,Corporate,Europe,Furniture,11,0.13,1061.94,5,Monday,2,0
First Class,Medium,Corporate,LATAM,Furniture,19,0.34,988.38,6,Friday,2,0
Standard Class,High,Corporate,Africa,Apparel,16,0.07,859.1,6,Monday,12,1
Standard Class,Low,Home Office,Pacific Asia,Electronics,14,0.15,1112.15,7,Sunday,7,1
Second Class,Medium,Consumer,Pacific Asia,Office Supplies,11,0.2,1065.75,6,Friday,7,0
Standard Class,Low,Home Office,USCA,Office Supplies,14,0.08,1108.29,2,Monday,2,1
Standard Class,Medium,Corporate,LATAM,Office Supplies,16,0.12,885.18,1,Thursday,3,1
First Class,Low,Consumer,LATAM,Electronics,18,0.38,448.46,3,Sunday,9,0
Same Day,High,Consumer,Pacific Asia,Furniture,3,0.21,66.82,6,Sunday,9,0
Standard Class,High,Home Office,LATAM,Apparel,3,0.35,83.26,3,Tuesday,8,0
First Class,Low,Corporate,Europe,Furniture,1,0.11,953.84,2,Saturday,2,0
Standard Class,Medium,Corporate,Europe,Office Supplies,12,0.24,237.74,2,Saturday,3,1
Second Class,Low,Corporate,Pacific Asia,Office Supplies,7,0.31,382.58,6,Friday,9,0
Standard Class,Medium,Corporate,Africa,Electronics,11,0.17,707.47,5,Thursday,2,1
Standard Class,Low,Consumer,Africa,Electronics,13,0.25,166.0,2,Monday,6,1
Same Day,Low,Consumer,Africa,Electronics,14,0.35,1182.54,5,Sunday,2,0
Standard Class,High,Corporate,Pacific Asia,Apparel,12,0.06,982.35,2,Thursday,10,1
Second Class,Low,Consumer,USCA,Grocery,6,0.14,705.81,3,Thursday,11,0
Standard Class,Medium,Consumer,LATAM,Grocery,6,0.33,1091.07,1,Friday,6,1
Standard Class,High,Corporate,Europe,Apparel,7,0.09,597.35,2,Tuesday,7,1
Standard Class,High,Consumer,Europe,Apparel,6,0.22,1077.37,2,Sunday,8,1
Standard Class,High,Consumer,USCA,Apparel,9,0.18,992.92,6,Friday,6,0
Second Class,Low,Home Office,LATAM,Furniture,17,0.27,26.76,7,Wednesday,4,0
Standard Class,High,Corporate,Africa,Apparel,17,0.27,958.12,2,Wednesday,10,1
Second Class,Low,Consumer,Europe,Furniture,15,0.23,942.88,3,Friday,1,0
Second Class,High,Home Office,Africa,Electronics,1,0.38,387.68,4,Saturday,4,0
Second Class,Medium,Corporate,Africa,Office Supplies,14,0.07,596.72,2,Tuesday,4,1
Standard Class,High,Consumer,Pacific Asia,Grocery,2,0.33,174.45,3,Wednesday,3,0
Same Day,Low,Consumer,Pacific Asia,Office Supplies,7,0.2,803.23,1,Wednesday,6,0
Standard Class,Medium,Consumer,LATAM,Grocery,13,0.26,812.53,3,Tuesday,6,1
Standard Class,High,Home Office,Europe,Electronics,7,0.11,1177.94,2,Monday,3,1
Standard Class,High,Corporate,Pacific Asia,Grocery,18,0.04,870.08,1,Monday,11,1
Standard Class,Low,Corporate,LATAM,Electronics,6,0.31,542.34,6,Sunday,3,0
Standard Class,High,Home Office,USCA,Office Supplies,19,0.1,224.53,3,Sunday,5,0
Second Class,Low,Consumer,Africa,Furniture,9,0.16,947.38,5,Saturday,5,0
Standard Class,Medium,Consumer,Europe,Grocery,10,0.02,431.02,2,Monday,7,1
Standard Class,Medium,Consumer,Europe,Apparel,4,0.26,1133.03,4,Monday,11,0
First Class,Low,Consumer,LATAM,Furniture,12,0.27,339.74,3,Wednesday,5,0
Standard Class,Low,Corporate,Pacific Asia,Furniture,13,0.36,243.96,7,Friday,7,1
Standard Class,High,Corporate,Africa,Electronics,18,0.36,748.32,4,Monday,4,1
Standard Class,Low,Consumer,Africa,Office Supplies,13,0.28,1099.6,3,Monday,3,1
First Class,Low,Consumer,Europe,Apparel,18,0.13,177.87,1,Saturday,4,0
Standard Class,High,Consumer,Europe,Office Supplies,5,0.15,59.2,4,Wednesday,4,0
Standard Class,High,Home Office,Africa,Office Supplies,16,0.15,1161.19,6,Friday,1,1
Standard Class,Medium,Corporate,USCA,Furniture,10,0.05,172.7,2,Wednesday,1,1
Second Class,Low,Corporate,LATAM,Apparel,14,0.38,732.95,4,Sunday,5,0
Second Class,Low,Consumer,USCA,Grocery,15,0.33,246.93,2,Sunday,7,1
First Class,Medium,Consumer,Pacific Asia,Apparel,11,0.06,209.54,1,Saturday,7,0
Standard Class,Medium,Consumer,USCA,Electronics,8,0.38,195.69,6,Tuesday,12,0
Standard Class,Medium,Home Office,USCA,Furniture,17,0.34,854.86,6,Saturday,1,1
Standard Class,High,Corporate,Pacific Asia,Apparel,3,0.37,913.95,2,Wednesday,11,1
Standard Class,Medium,Corporate,LATAM,Electronics,1,0.11,152.56,3,Tuesday,11,0
Standard Class,Low,Corporate,Africa,Grocery,7,0.13,172.52,2,Friday,12,1
Standard Class,High,Corporate,USCA,Office Supplies,2,0.19,1121.85,4,Tuesday,11,0
Standard Class,Medium,Consumer,LATAM,Office Supplies,10,0.09,710.74,7,Tuesday,10,0
Second Class,Medium,Consumer,Pacific Asia,Electronics,18,0.19,939.74,4,Tuesday,11,0
Standard Class,High,Corporate,LATAM,Furniture,7,0.0,105.86,7,Wednesday,4,0
Second Class,High,Consumer,USCA,Office Supplies,5,0.35,72.37,3,Saturday,7,0
Standard Class,Medium,Consumer,Africa,Furniture,4,0.06,481.48,7,Sunday,1,0
Standard Class,Low,Corporate,Pacific Asia,Furniture,14,0.2,670.75,2,Saturday,5,1
Standard Class,Critical,Home Office,Pacific Asia,Office Supplies,3,0.37,453.27,2,Sunday,2,1
Standard Class,Medium,Home Office,USCA,Grocery,13,0.33,858.98,7,Sunday,11,1
Standard Class,Medium,Consumer,LATAM,Apparel,3,0.31,806.68,2,Sunday,10,1
Standard Class,Medium,Consumer,Africa,Office Supplies,8,0.24,541.76,7,Thursday,6,1
Same Day,Medium,Corporate,Pacific Asia,Apparel,18,0.17,104.51,5,Tuesday,8,0
Second Class,High,Home Office,USCA,Furniture,19,0.18,718.68,6,Tuesday,2,0
Standard Class,Medium,Home Office,USCA,Grocery,4,0.03,297.84,7,Wednesday,9,0
First Class,High,Home Office,Europe,Furniture,10,0.03,469.15,5,Saturday,7,0
Second Class,High,Corporate,Europe,Grocery,3,0.34,27.13,6,Wednesday,5,0
Second Class,High,Consumer,LATAM,Electronics,12,0.16,630.12,4,Wednesday,12,0
First Class,Medium,Consumer,USCA,Grocery,6,0.02,841.8,6,Friday,8,0
Standard Class,High,Consumer,LATAM,Grocery,19,0.27,697.22,4,Sunday,8,1
Standard Class,Low,Corporate,LATAM,Furniture,4,0.27,904.38,1,Tuesday,4,1
Standard Class,Low,Consumer,Africa,Office Supplies,3,0.09,1199.3,2,Wednesday,8,1
Standard Class,High,Corporate,Europe,Office Supplies,18,0.16,762.76,4,Monday,11,0
Standard Class,Medium,Corporate,LATAM,Apparel,8,0.23,273.08,1,Sunday,12,1
Second Class,Low,Consumer,Africa,Electronics,2,0.24,691.03,6,Tuesday,10,0
Same Day,Low,Home Office,Africa,Grocery,7,0.2,301.64,5,Wednesday,8,0
Same Day,Low,Corporate,Europe,Apparel,11,0.15,402.94,4,Monday,4,0
First Class,High,Home Office,Europe,Grocery,6,0.03,428.93,2,Saturday,2,0
First Class,Medium,Home Office,USCA,Grocery,19,0.01,628.78,7,Friday,9,0
Same Day,Low,Consumer,LATAM,Electronics,3,0.18,633.24,6,Thursday,10,0
Standard Class,High,Consumer,Africa,Electronics,13,0.08,804.11,4,Thursday,7,1
Standard Class,Low,Consumer,USCA,Apparel,2,0.38,530.89,5,Thursday,3,0
Standard Class,High,Corporate,LATAM,Office Supplies,5,0.26,233.36,1,Monday,5,1
First Class,Medium,Corporate,LATAM,Grocery,15,0.23,594.27,7,Thursday,3,0
Standard Class,Medium,Home Office,USCA,Furniture,10,0.16,957.8,1,Sunday,1,1
Second Class,Low,Consumer,Africa,Apparel,6,0.13,846.36,7,Thursday,10,0
Standard Class,Low,Corporate,USCA,Grocery,14,0.07,147.18,1,Saturday,9,1
Standard Class,High,Home Office,LATAM,Electronics,1,0.02,1138.52,6,Sunday,8,0
Second Class,Low,Corporate,USCA,Electronics,9,0.25,373.94,2,Tuesday,4,0
Standard Class,Critical,Consumer,USCA,Electronics,10,0.31,707.89,4,Tuesday,12,1
Standard Class,Medium,Corporate,LATAM,Electronics,11,0.34,48.16,4,Thursday,11,0
Standard Class,Medium,Consumer,Europe,Office Supplies,19,0.29,1092.28,1,Thursday,7,1
Standard Class,Medium,Consumer,Africa,Office Supplies,9,0.36,823.45,3,Monday,3,1
Second Class,Low,Consumer,LATAM,Grocery,12,0.39,338.51,5,Tuesday,6,0
Standard Class,Medium,Consumer,Europe,Grocery,6,0.38,823.17,6,Wednesday,7,0
Second Class,Critical,Corporate,USCA,Apparel,16,0.24,358.13,4,Friday,9,0
Standard Class,Low,Consumer,Europe,Electronics,13,0.09,319.07,5,Thursday,3,0
First Class,Medium,Corporate,LATAM,Electronics,6,0.04,541.91,2,Sunday,4,0
Standard Class,Medium,Consumer,LATAM,Furniture,13,0.4,724.08,4,Thursday,1,1
Second Class,Medium,Consumer,USCA,Furniture,15,0.12,259.12,2,Saturday,9,0
Second Class,Low,Consumer,LATAM,Electronics,18,0.01,894.06,2,Friday,7,0
Standard Class,Medium,Consumer,Pacific Asia,Furniture,16,0.16,697.88,4,Wednesday,9,0
First Class,Critical,Consumer,Europe,Furniture,9,0.3,18.88,5,Saturday,11,0
Second Class,Low,Corporate,Pacific Asia,Electronics,18,0.36,663.76,4,Friday,7,0
Standard Class,Medium,Home Office,Pacific Asia,Office Supplies,10,0.19,510.89,1,Thursday,11,1
Standard Class,Medium,Consumer,Europe,Office Supplies,12,0.12,806.54,2,Sunday,7,1
Same Day,Medium,Consumer,LATAM,Grocery,5,0.31,1078.36,2,Wednesday,2,0
First Class,Medium,Consumer,Europe,Office Supplies,2,0.2,322.55,5,Tuesday,2,0
Standard Class,Medium,Home Office,USCA,Electronics,9,0.03,811.68,1,Sunday,8,1
Standard Class,Low,Corporate,Pacific Asia,Furniture,18,0.36,190.49,3,Wednesday,8,1
First Class,High,Corporate,Pacific Asia,Electronics,1,0.26,111.86,5,Friday,1,0
Second Class,High,Consumer,LATAM,Apparel,14,0.01,1118.88,7,Thursday,5,0
First Class,Low,Consumer,Europe,Furniture,3,0.0,1036.12,3,Monday,5,0
Standard Class,Medium,Consumer,Africa,Electronics,11,0.04,606.67,1,Sunday,5,1
Second Class,High,Home Office,LATAM,Grocery,18,0.33,174.6,2,Tuesday,4,1
Standard Class,Critical,Consumer,LATAM,Grocery,2,0.19,323.35,1,Friday,10,1
Standard Class,Critical,Corporate,LATAM,Furniture,17,0.13,685.18,7,Monday,5,1
Second Class,High,Corporate,Europe,Office Supplies,3,0.1,785.7,7,Wednesday,7,0
Same Day,Low,Corporate,LATAM,Grocery,7,0.2,831.82,7,Thursday,7,0
Standard Class,High,Consumer,USCA,Apparel,3,0.03,899.9,6,Friday,5,0
Standard Class,High,Corporate,USCA,Furniture,15,0.25,259.75,1,Tuesday,7,1
Second Class,Low,Consumer,Pacific Asia,Apparel,4,0.15,362.54,5,Wednesday,3,0
Standard Class,Low,Home Office,Pacific Asia,Furniture,15,0.34,25.02,2,Saturday,4,1
First Class,Medium,Consumer,Europe,Office Supplies,3,0.3,98.04,2,Friday,7,0
First Class,Medium,Consumer,Africa,Electronics,11,0.01,378.29,2,Friday,9,0
Standard Class,Low,Consumer,Pacific Asia,Furniture,3,0.07,231.07,6,Saturday,10,0
Same Day,Low,Home Office,Pacific Asia,Electronics,18,0.19,596.12,4,Thursday,10,0
First Class,Low,Consumer,Pacific Asia,Furniture,14,0.26,1019.91,1,Sunday,5,1
First Class,Medium,Consumer,Pacific Asia,Office Supplies,9,0.29,870.36,2,Wednesday,10,0
Second Class,Low,Consumer,LATAM,Apparel,15,0.33,907.95,4,Monday,1,0
First Class,High,Consumer,Pacific Asia,Electronics,8,0.02,724.3,5,Sunday,7,0
Standard Class,Low,Corporate,Europe,Apparel,8,0.01,843.52,6,Saturday,6,0
Standard Class,High,Consumer,LATAM,Furniture,8,0.24,224.2,6,Sunday,8,0
First Class,High,Corporate,LATAM,Furniture,14,0.29,667.43,4,Saturday,5,0
Standard Class,High,Corporate,Europe,Office Supplies,6,0.31,689.01,6,Wednesday,4,0
Standard Class,Medium,Home Office,Africa,Furniture,13,0.06,758.17,5,Monday,1,1
First Class,Low,Consumer,Pacific Asia,Office Supplies,7,0.39,937.34,3,Sunday,4,0
First Class,Medium,Consumer,USCA,Furniture,15,0.09,1133.36,6,Thursday,6,0
Standard Class,Low,Home Office,Africa,Apparel,10,0.1,856.95,1,Tuesday,3,1
First Class,Critical,Corporate,Pacific Asia,Furniture,12,0.06,1107.85,4,Sunday,8,0
Second Class,Low,Consumer,USCA,Electronics,5,0.02,664.4,5,Wednesday,9,0
Standard Class,Medium,Corporate,LATAM,Grocery,3,0.32,354.32,3,Monday,11,0
First Class,High,Home Office,LATAM,Electronics,5,0.0,793.65,7,Thursday,4,0
Standard Class,High,Consumer,LATAM,Electronics,12,0.19,1177.31,2,Thursday,9,1
Standard Class,High,Home Office,Pacific Asia,Office Supplies,3,0.04,854.55,7,Tuesday,1,0
Standard Class,Medium,Consumer,Europe,Furniture,1,0.02,1163.13,3,Saturday,7,0
Standard Class,Medium,Consumer,LATAM,Apparel,17,0.37,36.65,2,Sunday,4,1
Standard Class,Medium,Consumer,LATAM,Furniture,10,0.33,317.45,5,Thursday,9,0
First Class,Low,Consumer,LATAM,Grocery,6,0.16,335.59,1,Sunday,5,0
First Class,High,Consumer,Pacific Asia,Furniture,13,0.18,517.89,3,Tuesday,7,0
Second Class,Medium,Home Office,USCA,Grocery,15,0.35,46.64,7,Monday,9,0
First Class,Low,Corporate,Africa,Grocery,2,0.32,1097.96,7,Sunday,11,0
Standard Class,High,Corporate,LATAM,Electronics,2,0.28,851.42,6,Saturday,5,0
Standard Class,Medium,Corporate,Africa,Grocery,17,0.21,109.9,5,Monday,8,1
First Class,High,Consumer,Europe,Grocery,19,0.24,217.89,5,Wednesday,2,0
Standard Class,High,Consumer,Europe,Apparel,1,0.16,727.7,5,Saturday,4,0
Standard Class,High,Home Office,Europe,Office Supplies,5,0.21,1091.12,2,Monday,3,1
Second Class,Low,Corporate,LATAM,Furniture,16,0.22,114.26,7,Wednesday,12,0
Standard Class,Low,Consumer,Africa,Apparel,5,0.35,525.63,1,Thursday,11,1
First Class,High,Home Office,USCA,Office Supplies,10,0.09,248.02,3,Thursday,7,0
Standard Class,High,Consumer,Pacific Asia,Electronics,10,0.1,224.6,6,Wednesday,7,0
Standard Class,Medium,Home Office,Africa,Apparel,1,0.08,878.8,7,Thursday,1,1
Standard Class,Medium,Home Office,Pacific Asia,Apparel,9,0.23,993.53,6,Saturday,5,0
Second Class,Low,Consumer,Africa,Electronics,18,0.28,1106.16,7,Friday,7,0
Standard Class,Critical,Consumer,LATAM,Grocery,7,0.1,823.94,2,Tuesday,7,1
Standard Class,Low,Home Office,USCA,Electronics,19,0.27,88.12,7,Wednesday,12,1
First Class,Low,Consumer,LATAM,Furniture,16,0.25,434.91,1,Tuesday,7,0
Same Day,Medium,Consumer,Europe,Electronics,6,0.13,535.45,1,Friday,5,0
Standard Class,Low,Consumer,USCA,Apparel,10,0.09,338.31,2,Monday,10,1
Standard Class,High,Corporate,Africa,Electronics,5,0.35,652.44,3,Thursday,3,1
Standard Class,Low,Corporate,LATAM,Furniture,13,0.23,286.83,2,Monday,7,1
Same Day,Low,Home Office,Pacific Asia,Grocery,12,0.28,1080.32,1,Sunday,2,0
Same Day,Medium,Home Office,LATAM,Grocery,17,0.37,180.75,3,Friday,3,0
Standard Class,Medium,Home Office,LATAM,Office Supplies,2,0.08,517.0,6,Saturday,1,0
Second Class,Low,Consumer,Africa,Office Supplies,5,0.14,158.57,5,Friday,1,0
Standard Class,Medium,Corporate,Africa,Furniture,10,0.17,436.32,5,Saturday,8,1
Standard Class,Medium,Consumer,Europe,Office Supplies,1,0.09,586.9,4,Friday,7,0
Standard Class,High,Consumer,USCA,Grocery,12,0.34,669.14,4,Saturday,11,0
Standard Class,Low,Home Office,LATAM,Grocery,14,0.03,404.47,5,Wednesday,2,0
Standard Class,Critical,Consumer,Pacific Asia,Office Supplies,8,0.1,973.46,2,Thursday,11,1
Standard Class,Medium,Home Office,Africa,Electronics,17,0.08,623.34,4,Tuesday,5,1
Second Class,Low,Consumer,Africa,Grocery,11,0.38,1190.98,7,Friday,10,0
Standard Class,Low,Home Office,Europe,Office Supplies,2,0.25,157.0,6,Saturday,4,0
Second Class,Medium,Consumer,USCA,Office Supplies,5,0.29,228.42,4,Saturday,1,0
Standard Class,Low,Consumer,Europe,Furniture,18,0.04,964.14,3,Saturday,6,0
Standard Class,Low,Consumer,Africa,Furniture,9,0.08,669.58,2,Thursday,9,1
Standard Class,Low,Consumer,Pacific Asia,Grocery,9,0.32,438.43,2,Saturday,9,1
Standard Class,Medium,Consumer,Europe,Apparel,10,0.23,498.43,2,Monday,4,1
Standard Class,Medium,Home Office,LATAM,Office Supplies,4,0.02,680.91,3,Monday,12,0
Standard Class,Low,Corporate,Africa,Electronics,17,0.23,112.08,4,Saturday,9,1
Standard Class,Medium,Consumer,Africa,Apparel,12,0.19,920.5,6,Monday,10,1
Standard Class,High,Consumer,Europe,Office Supplies,3,0.06,544.47,7,Saturday,4,0
Second Class,Low,Consumer,Pacific Asia,Apparel,4,0.24,500.89,3,Saturday,9,0
First Class,High,Consumer,Europe,Office Supplies,7,0.07,930.1,5,Sunday,1,0
Standard Class,Medium,Corporate,Pacific Asia,Office Supplies,11,0.32,687.34,7,Thursday,11,0
Standard Class,Critical,Consumer,Africa,Apparel,4,0.25,907.44,1,Saturday,8,1
Standard Class,Low,Corporate,Europe,Furniture,6,0.35,1115.08,5,Thursday,4,0
Second Class,Critical,Consumer,USCA,Office Supplies,1,0.17,1135.55,5,Saturday,1,0
Standard Class,Medium,Corporate,Europe,Grocery,1,0.2,520.83,6,Tuesday,7,0
Standard Class,Medium,Corporate,Europe,Apparel,6,0.3,92.72,4,Wednesday,2,0
Standard Class,Medium,Consumer,USCA,Furniture,1,0.22,24.86,7,Saturday,12,0
Same Day,Low,Home Office,USCA,Electronics,15,0.23,849.23,4,Wednesday,3,0
Standard Class,High,Corporate,LATAM,Office Supplies,1,0.22,107.04,1,Saturday,6,1
Second Class,Medium,Corporate,USCA,Office Supplies,6,0.2,474.33,4,Saturday,3,0
Standard Class,Low,Consumer,Pacific Asia,Grocery,9,0.32,798.09,7,Friday,12,0
Same Day,Low,Home Office,LATAM,Furniture,6,0.19,1198.08,2,Wednesday,6,0
First Class,Low,Corporate,Pacific Asia,Office Supplies,17,0.36,275.45,5,Saturday,7,0
Standard Class,Medium,Consumer,LATAM,Furniture,18,0.32,21.55,1,Tuesday,2,1
First Class,Medium,Consumer,LATAM,Office Supplies,1,0.28,59.09,1,Saturday,1,0
Standard Class,Medium,Consumer,Pacific Asia,Electronics,16,0.36,275.73,4,Saturday,2,1
First Class,Low,Consumer,Africa,Grocery,16,0.21,1191.68,1,Saturday,1,1
First Class,Medium,Home Office,Africa,Electronics,1,0.33,101.77,1,Thursday,5,1
Standard Class,Medium,Consumer,Europe,Electronics,7,0.1,901.63,2,Sunday,5,1
Second Class,Low,Home Office,Africa,Apparel,14,0.03,188.42,5,Tuesday,2,0
Standard Class,Low,Consumer,Europe,Electronics,15,0.27,252.48,1,Tuesday,1,1
Standard Class,Low,Consumer,Africa,Grocery,6,0.12,112.26,1,Wednesday,2,1
Standard Class,High,Home Office,Europe,Grocery,17,0.25,281.45,1,Thursday,2,1
Second Class,Medium,Consumer,Europe,Office Supplies,17,0.03,147.47,6,Sunday,6,0
Standard Class,Critical,Corporate,USCA,Electronics,6,0.38,30.72,3,Sunday,12,1
Standard Class,Low,Home Office,Europe,Furniture,13,0.21,960.39,6,Saturday,6,1
Second Class,High,Home Office,Pacific Asia,Apparel,11,0.0,236.69,2,Monday,8,0
Standard Class,Medium,Home Office,Pacific Asia,Apparel,19,0.19,151.14,6,Thursday,6,0
Standard Class,Medium,Home Office,Europe,Apparel,10,0.32,333.92,5,Tuesday,8,0
Standard Class,Low,Corporate,Pacific Asia,Grocery,2,0.35,906.99,3,Thursday,11,0
Standard Class,Medium,Consumer,Africa,Grocery,8,0.18,277.5,1,Tuesday,5,1
Standard Class,High,Corporate,Pacific Asia,Office Supplies,15,0.05,654.87,4,Wednesday,2,1
Standard Class,Low,Home Office,USCA,Electronics,9,0.36,268.27,1,Saturday,1,1
Same Day,Low,Corporate,Pacific Asia,Grocery,13,0.39,470.64,2,Tuesday,4,1
Second Class,Medium,Consumer,Africa,Apparel,15,0.03,630.39,1,Friday,7,1
Standard Class,Critical,Corporate,Africa,Grocery,15,0.03,911.81,6,Thursday,10,1
Standard Class,Medium,Corporate,Europe,Electronics,1,0.23,345.21,7,Saturday,6,0
Standard Class,Low,Consumer,LATAM,Grocery,5,0.21,541.31,7,Wednesday,7,0
Second Class,Medium,Corporate,Africa,Electronics,15,0.24,775.06,4,Monday,11,0
Standard Class,Low,Corporate,Europe,Office Supplies,14,0.13,337.53,7,Friday,12,0
Standard Class,High,Corporate,Europe,Grocery,6,0.02,271.84,7,Sunday,6,0
First Class,High,Consumer,Pacific Asia,Electronics,6,0.23,687.0,3,Thursday,10,0
Standard Class,Medium,Consumer,Pacific Asia,Electronics,5,0.06,1143.35,2,Wednesday,4,1
Standard Class,Low,Corporate,Europe,Furniture,9,0.14,1092.99,3,Tuesday,3,0
First Class,High,Corporate,USCA,Office Supplies,7,0.23,724.43,4,Tuesday,12,0
Second Class,Medium,Consumer,Europe,Grocery,16,0.08,512.17,5,Monday,7,0
Standard Class,Critical,Consumer,Pacific Asia,Furniture,17,0.22,683.32,3,Saturday,5,1
Second Class,Medium,Consumer,Africa,Grocery,8,0.29,964.37,6,Saturday,5,0
Standard Class,High,Consumer,USCA,Apparel,18,0.03,120.49,7,Wednesday,11,0
Second Class,High,Home Office,LATAM,Apparel,13,0.25,939.61,3,Tuesday,3,0
Standard Class,Low,Corporate,Africa,Electronics,14,0.2,793.04,1,Friday,4,1
First Class,Critical,Home Office,Pacific Asia,Furniture,4,0.04,330.16,2,Sunday,1,1
Same Day,Low,Corporate,Africa,Electronics,10,0.28,1052.49,7,Saturday,6,0
Same Day,High,Corporate,Africa,Electronics,10,0.12,105.12,2,Monday,8,1
Same Day,Critical,Consumer,Pacific Asia,Electronics,6,0.07,1103.23,5,Wednesday,3,0
Standard Class,Low,Corporate,Africa,Apparel,7,0.11,471.63,6,Thursday,9,1
Standard Class,Medium,Consumer,Europe,Electronics,7,0.22,974.28,5,Tuesday,9,0
Standard Class,Medium,Corporate,USCA,Electronics,4,0.23,193.8,7,Wednesday,6,0
Second Class,High,Consumer,Pacific Asia,Electronics,19,0.07,685.36,3,Sunday,3,0
First Class,High,Consumer,USCA,Electronics,9,0.37,49.8,5,Sunday,3,0
Standard Class,Medium,Consumer,Europe,Furniture,19,0.13,341.69,2,Wednesday,2,1
Same Day,High,Home Office,Pacific Asia,Grocery,16,0.11,997.29,2,Monday,8,0
First Class,Low,Consumer,Europe,Furniture,3,0.07,550.68,3,Monday,9,0
Same Day,Low,Consumer,LATAM,Office Supplies,5,0.05,794.81,3,Tuesday,5,0
First Class,Medium,Home Office,LATAM,Furniture,5,0.39,970.59,4,Thursday,4,0
Standard Class,Medium,Corporate,LATAM,Office Supplies,6,0.27,641.09,6,Thursday,6,0
Standard Class,Low,Consumer,USCA,Apparel,9,0.31,707.13,7,Sunday,2,0
Standard Class,Medium,Consumer,LATAM,Grocery,9,0.16,921.95,2,Sunday,1,1
Standard Class,Low,Consumer,LATAM,Electronics,12,0.17,153.33,7,Tuesday,10,0
Second Class,High,Corporate,Europe,Office Supplies,16,0.39,95.15,5,Sunday,12,0
First Class,Low,Corporate,Africa,Apparel,16,0.08,750.09,6,Tuesday,3,0
First Class,Medium,Consumer,Africa,Grocery,5,0.13,1170.33,4,Saturday,12,0
Second Class,Medium,Home Office,LATAM,Office Supplies,1,0.08,777.25,1,Thursday,11,0
Standard Class,High,Consumer,Africa,Apparel,3,0.11,849.07,6,Tuesday,7,1
Standard Class,Medium,Consumer,LATAM,Electronics,6,0.27,793.68,5,Sunday,11,0
Standard Class,High,Home Office,LATAM,Apparel,8,0.12,730.78,1,Saturday,2,1
Standard Class,High,Consumer,USCA,Apparel,16,0.35,245.17,7,Friday,6,1
Standard Class,Medium,Home Office,Pacific Asia,Electronics,6,0.02,1009.93,4,Monday,2,0
Standard Class,Low,Corporate,Africa,Office Supplies,14,0.14,695.93,2,Friday,12,1
Standard Class,High,Consumer,LATAM,Apparel,10,0.34,1174.25,7,Monday,11,0
Standard Class,Medium,Consumer,Africa,Electronics,4,0.25,92.21,2,Thursday,2,1
Second Class,Medium,Corporate,USCA,Office Supplies,12,0.31,365.2,1,Sunday,2,0
Standard Class,Medium,Home Office,USCA,Electronics,7,0.13,128.24,2,Tuesday,2,1
Standard Class,High,Consumer,LATAM,Furniture,7,0.15,1032.4,3,Thursday,10,0
Standard Class,Critical,Consumer,Africa,Office Supplies,16,0.36,983.27,7,Thursday,10,1
Same Day,Critical,Consumer,Africa,Furniture,1,0.3,929.94,6,Wednesday,12,1
Standard Class,Low,Corporate,Africa,Apparel,16,0.15,817.54,4,Saturday,12,1
Standard Class,Medium,Consumer,USCA,Apparel,3,0.09,136.85,5,Wednesday,8,0
Second Class,Low,Consumer,Europe,Apparel,15,0.04,493.08,4,Monday,12,0
Second Class,Low,Home Office,Europe,Office Supplies,6,0.34,848.37,7,Friday,10,0
Same Day,High,Consumer,Africa,Grocery,13,0.28,439.4,6,Tuesday,7,0
Standard Class,Low,Consumer,Africa,Office Supplies,8,0.24,864.23,1,Thursday,5,1
Standard Class,Medium,Corporate,Pacific Asia,Office Supplies,12,0.31,349.62,7,Tuesday,6,0
Standard Class,Medium,Home Office,LATAM,Grocery,14,0.37,656.81,7,Thursday,2,1
Second Class,High,Consumer,USCA,Office Supplies,16,0.3,431.89,1,Monday,11,1
Standard Class,Low,Consumer,Pacific Asia,Furniture,14,0.17,1106.59,2,Friday,6,1
Standard Class,Low,Consumer,Africa,Grocery,16,0.07,536.45,1,Tuesday,3,1
Standard Class,Medium,Consumer,Europe,Grocery,6,0.29,351.14,5,Thursday,9,0
Standard Class,Low,Corporate,Europe,Furniture,4,0.1,77.84,4,Wednesday,3,0
Standard Class,Critical,Corporate,Pacific Asia,Grocery,19,0.31,183.09,5,Saturday,5,1
Second Class,High,Corporate,Europe,Grocery,8,0.14,682.24,4,Sunday,4,0
Second Class,Medium,Corporate,Europe,Furniture,4,0.06,844.36,6,Saturday,1,0
Standard Class,High,Home Office,LATAM,Electronics,3,0.1,1145.7,6,Monday,8,0
Standard Class,Low,Corporate,Africa,Electronics,13,0.11,720.2,2,Thursday,3,1
Second Class,High,Home Office,Pacific Asia,Electronics,4,0.15,820.11,1,Tuesday,1,0
Standard Class,Low,Consumer,USCA,Furniture,11,0.1,747.57,4,Tuesday,7,0
Standard Class,High,Corporate,USCA,Apparel,16,0.09,1083.95,3,Friday,7,1
Standard Class,Medium,Consumer,Africa,Office Supplies,15,0.16,369.9,3,Friday,7,1
Second Class,Low,Consumer,USCA,Grocery,2,0.35,727.83,6,Sunday,7,0
Same Day,Low,Home Office,Europe,Furniture,15,0.03,1152.14,3,Wednesday,3,0
Second Class,Medium,Consumer,LATAM,Office Supplies,6,0.12,18.48,3,Saturday,8,0
Standard Class,Medium,Corporate,Pacific Asia,Furniture,15,0.22,332.47,6,Monday,3,0
Standard Class,Low,Corporate,Pacific Asia,Grocery,13,0.35,912.95,6,Monday,11,1
First Class,Medium,Corporate,Europe,Apparel,3,0.11,569.2,5,Friday,7,0
Standard Class,Medium,Corporate,Africa,Furniture,19,0.14,210.37,1,Monday,7,1
Same Day,Medium,Consumer,LATAM,Office Supplies,12,0.32,690.26,4,Friday,8,0
Same Day,High,Consumer,USCA,Office Supplies,12,0.15,622.93,6,Tuesday,4,0
Standard Class,Low,Home Office,Pacific Asia,Grocery,17,0.34,550.4,3,Wednesday,8,1
Same Day,Medium,Consumer,Pacific Asia,Electronics,8,0.18,416.68,3,Sunday,2,0
Standard Class,High,Corporate,Africa,Grocery,13,0.23,72.52,4,Sunday,4,1
First Class,Medium,Consumer,LATAM,Grocery,12,0.22,728.91,7,Sunday,10,0
Standard Class,Medium,Consumer,USCA,Electronics,16,0.05,625.54,2,Monday,4,1
Standard Class,Medium,Consumer,Pacific Asia,Apparel,11,0.14,706.58,5,Monday,8,0
Second Class,Low,Corporate,Pacific Asia,Furniture,9,0.1,12.9,7,Saturday,4,0
First Class,Medium,Consumer,USCA,Office Supplies,19,0.27,108.39,5,Thursday,5,0
Standard Class,High,Consumer,LATAM,Furniture,8,0.37,209.56,1,Saturday,1,1
Second Class,Low,Consumer,LATAM,Furniture,13,0.08,543.64,3,Tuesday,3,0
Standard Class,High,Consumer,LATAM,Office Supplies,2,0.04,971.4,1,Wednesday,3,1
Standard Class,Low,Consumer,Pacific Asia,Electronics,19,0.2,302.56,1,Wednesday,2,1
Standard Class,Medium,Consumer,Europe,Office Supplies,13,0.16,971.93,1,Sunday,7,1
Standard Class,High,Corporate,Pacific Asia,Electronics,19,0.01,289.95,1,Friday,10,1
Standard Class,High,Consumer,Africa,Electronics,11,0.37,901.36,4,Tuesday,5,1
Standard Class,High,Consumer,Africa,Grocery,2,0.38,1050.34,4,Saturday,7,1
Standard Class,High,Home Office,Pacific Asia,Apparel,8,0.34,981.59,6,Wednesday,4,0
Standard Class,Medium,Consumer,Pacific Asia,Grocery,7,0.11,888.68,4,Tuesday,7,0
Standard Class,Medium,Home Office,USCA,Apparel,1,0.05,55.75,1,Tuesday,4,1
Same Day,Low,Consumer,LATAM,Electronics,14,0.24,402.88,3,Thursday,7,0
Standard Class,Low,Consumer,USCA,Grocery,8,0.11,243.85,5,Thursday,1,0
Same Day,Medium,Consumer,Africa,Furniture,1,0.08,574.76,6,Wednesday,10,0
Second Class,Medium,Corporate,Africa,Office Supplies,17,0.26,431.6,3,Tuesday,10,0
Second Class,Medium,Corporate,Europe,Office Supplies,4,0.3,745.18,1,Tuesday,5,0
Second Class,High,Consumer,LATAM,Office Supplies,6,0.21,683.24,6,Monday,9,0
First Class,Medium,Corporate,LATAM,Apparel,1,0.13,522.72,2,Tuesday,10,0
Standard Class,Low,Consumer,Africa,Office Supplies,3,0.21,923.22,6,Wednesday,8,1
Standard Class,Medium,Consumer,USCA,Apparel,2,0.24,27.62,4,Thursday,3,0
Second Class,Medium,Corporate,Pacific Asia,Apparel,17,0.02,1040.25,6,Monday,6,0
Second Class,Medium,Corporate,LATAM,Apparel,9,0.18,13.51,3,Monday,10,0
First Class,High,Consumer,Pacific Asia,Furniture,8,0.24,547.9,4,Wednesday,4,0
Standard Class,Medium,Consumer,Africa,Electronics,19,0.05,1058.8,3,Saturday,9,1
Second Class,High,Home Office,Europe,Furniture,15,0.18,507.42,2,Friday,2,0
Standard Class,Medium,Home Office,Africa,Electronics,6,0.14,909.25,7,Thursday,5,1
Standard Class,Medium,Consumer,Pacific Asia,Furniture,6,0.35,489.48,7,Monday,7,0
Standard Class,High,Home Office,Africa,Apparel,8,0.2,1022.6,6,Thursday,3,1
Second Class,Low,Consumer,LATAM,Electronics,3,0.17,1199.08,3,Friday,10,0
First Class,Low,Home Office,Pacific Asia,Office Supplies,12,0.1,1078.97,4,Thursday,11,0
Standard Class,Low,Corporate,Pacific Asia,Furniture,8,0.38,76.34,2,Thursday,6,1
First Class,Medium,Home Office,Europe,Electronics,11,0.38,186.42,4,Wednesday,8,0
Standard Class,Low,Corporate,LATAM,Office Supplies,15,0.15,654.81,7,Tuesday,2,0
Standard Class,Critical,Consumer,USCA,Grocery,13,0.37,1154.31,5,Thursday,5,1
Standard Class,Medium,Consumer,Europe,Apparel,13,0.25,493.53,1,Sunday,2,1
Standard Class,Medium,Corporate,LATAM,Furniture,14,0.31,339.68,5,Wednesday,2,1
Standard Class,Low,Consumer,USCA,Furniture,9,0.04,1158.32,7,Saturday,9,0
Standard Class,Low,Consumer,Pacific Asia,Grocery,3,0.01,853.46,1,Sunday,12,1
Second Class,Low,Home Office,Europe,Electronics,12,0.21,926.82,7,Monday,4,0
Second Class,Medium,Consumer,Pacific Asia,Furniture,9,0.03,141.78,1,Wednesday,5,0
Standard Class,Medium,Consumer,Pacific Asia,Furniture,12,0.36,322.45,5,Sunday,9,0
Standard Class,Medium,Consumer,Pacific Asia,Furniture,11,0.33,609.31,2,Sunday,2,1
Standard Class,Medium,Corporate,LATAM,Furniture,19,0.29,886.36,1,Saturday,3,1
Standard Class,High,Consumer,USCA,Grocery,9,0.01,423.27,3,Tuesday,3,0
Standard Class,Low,Consumer,LATAM,Apparel,5,0.18,253.08,5,Sunday,1,0
Standard Class,High,Home Office,Pacific Asia,Furniture,10,0.03,530.21,3,Thursday,12,0
Same Day,Medium,Home Office,Europe,Grocery,9,0.37,514.91,2,Monday,3,0
First Class,Medium,Corporate,Pacific Asia,Office Supplies,1,0.25,1048.83,7,Friday,1,0
Standard Class,Low,Corporate,USCA,Furniture,13,0.06,1121.18,2,Sunday,12,1
Standard Class,Medium,Consumer,LATAM,Electronics,12,0.22,210.89,6,Friday,7,0
Standard Class,Low,Corporate,USCA,Grocery,11,0.05,342.6,6,Wednesday,1,0
First Class,Critical,Consumer,LATAM,Electronics,9,0.06,945.37,6,Thursday,6,0
Standard Class,Medium,Consumer,USCA,Apparel,15,0.03,301.61,5,Sunday,6,0
Standard Class,Critical,Consumer,USCA,Office Supplies,13,0.35,324.93,3,Friday,2,1
Second Class,Medium,Consumer,LATAM,Electronics,12,0.22,815.2,4,Friday,4,0
Standard Class,Low,Consumer,LATAM,Furniture,14,0.13,617.89,1,Sunday,1,1
Standard Class,Medium,Consumer,LATAM,Grocery,9,0.0,847.29,4,Tuesday,1,0
Standard Class,Low,Corporate,Africa,Office Supplies,10,0.19,96.38,4,Thursday,11,1
Standard Class,High,Consumer,USCA,Grocery,6,0.21,610.0,6,Saturday,11,0
Standard Class,High,Corporate,Africa,Office Supplies,19,0.13,810.69,5,Monday,8,1
Standard Class,Medium,Corporate,Africa,Electronics,10,0.19,574.55,4,Tuesday,4,1
Standard Class,Medium,Home Office,Pacific Asia,Apparel,15,0.04,162.1,6,Wednesday,2,0
Standard Class,Medium,Consumer,Africa,Grocery,8,0.37,169.33,6,Monday,11,1
First Class,Critical,Corporate,Africa,Furniture,18,0.1,709.72,7,Tuesday,9,1
Standard Class,Low,Corporate,LATAM,Grocery,2,0.38,181.41,4,Monday,10,0
Standard Class,High,Home Office,LATAM,Apparel,4,0.2,371.48,1,Sunday,7,1
Second Class,Medium,Consumer,Europe,Electronics,9,0.34,535.0,6,Sunday,6,0
First Class,Critical,Consumer,USCA,Furniture,16,0.23,716.05,7,Tuesday,8,0
First Class,High,Consumer,Africa,Furniture,5,0.34,325.72,7,Sunday,9,0
Standard Class,Critical,Consumer,Africa,Electronics,19,0.0,492.24,2,Saturday,3,1
Standard Class,Medium,Corporate,USCA,Grocery,15,0.07,447.71,7,Monday,5,1
Second Class,Low,Home Office,LATAM,Furniture,15,0.14,125.51,7,Tuesday,9,0
Second Class,Medium,Consumer,LATAM,Grocery,12,0.12,966.48,1,Tuesday,3,0
Standard Class,Medium,Consumer,USCA,Grocery,16,0.38,893.44,7,Tuesday,2,1
Same Day,High,Consumer,USCA,Electronics,11,0.16,943.11,1,Wednesday,2,0
Standard Class,Low,Consumer,LATAM,Apparel,7,0.39,185.32,5,Saturday,6,0
Same Day,Medium,Home Office,USCA,Apparel,16,0.26,625.88,6,Saturday,10,0
First Class,Low,Home Office,LATAM,Grocery,10,0.33,403.01,2,Thursday,7,0
Second Class,High,Consumer,USCA,Electronics,18,0.16,424.71,3,Wednesday,2,0
Same Day,Low,Consumer,LATAM,Apparel,16,0.08,88.31,3,Wednesday,8,0
Second Class,Medium,Home Office,Europe,Grocery,1,0.02,1135.55,4,Friday,11,0
Standard Class,Low,Consumer,LATAM,Furniture,5,0.26,1128.24,5,Thursday,1,0
Standard Class,Low,Corporate,LATAM,Furniture,7,0.39,495.9,2,Monday,12,1
Standard Class,High,Home Office,Africa,Office Supplies,18,0.05,1026.77,5,Saturday,10,1
Standard Class,Low,Corporate,LATAM,Office Supplies,6,0.31,402.83,2,Monday,1,1
Second Class,Low,Consumer,USCA,Office Supplies,17,0.15,675.71,2,Saturday,1,0
Standard Class,Low,Consumer,Pacific Asia,Apparel,12,0.4,896.08,1,Tuesday,12,1
Standard Class,Medium,Home Office,USCA,Furniture,12,0.35,632.45,2,Monday,2,1
Second Class,Medium,Consumer,Africa,Furniture,1,0.09,204.93,2,Saturday,12,0
First Class,Low,Consumer,USCA,Apparel,2,0.31,461.05,3,Wednesday,11,0
Standard Class,Medium,Corporate,Europe,Furniture,18,0.29,913.81,7,Friday,7,1
Standard Class,Low,Home Office,Pacific Asia,Furniture,14,0.31,939.23,4,Sunday,5,1
Standard Class,High,Consumer,Pacific Asia,Grocery,10,0.03,412.12,3,Wednesday,7,0
Second Class,High,Consumer,Africa,Furniture,14,0.32,653.17,6,Wednesday,5,0
Standard Class,Critical,Corporate,Pacific Asia,Grocery,3,0.1,256.47,1,Wednesday,3,1
Second Class,High,Consumer,LATAM,Office Supplies,13,0.24,308.79,1,Sunday,1,0
Standard Class,Low,Consumer,Africa,Electronics,19,0.05,182.33,5,Tuesday,11,1
Standard Class,Low,Home Office,Europe,Grocery,5,0.22,531.13,1,Thursday,10,1
Same Day,Medium,Consumer,Pacific Asia,Furniture,19,0.36,866.66,4,Thursday,6,0
Standard Class,Low,Consumer,Pacific Asia,Office Supplies,5,0.07,1056.23,7,Monday,10,0
Standard Class,Low,Consumer,Africa,Electronics,13,0.34,658.19,2,Thursday,4,1
Standard Class,Low,Consumer,Pacific Asia,Electronics,15,0.17,785.92,3,Wednesday,11,0
Standard Class,Medium,Corporate,Pacific Asia,Office Supplies,6,0.13,327.52,5,Friday,12,0
Standard Class,Medium,Corporate,Europe,Office Supplies,12,0.02,250.45,1,Wednesday,10,1
Standard Class,Low,Corporate,Europe,Electronics,16,0.21,480.89,1,Tuesday,8,1
Standard Class,Low,Corporate,Africa,Electronics,18,0.08,675.1,4,Friday,1,1
Standard Class,Medium,Corporate,Pacific Asia,Furniture,15,0.38,49.94,3,Thursday,9,1
Second Class,Low,Consumer,USCA,Grocery,16,0.1,119.6,6,Saturday,1,0
First Class,Critical,Consumer,Africa,Grocery,14,0.23,760.62,5,Saturday,3,1
Standard Class,Low,Corporate,Europe,Electronics,16,0.22,247.18,6,Wednesday,12,0
Second Class,Medium,Consumer,USCA,Electronics,3,0.13,549.5,6,Saturday,7,0
Standard Class,Medium,Consumer,Pacific Asia,Apparel,2,0.34,1124.45,7,Friday,10,0
Standard Class,Low,Consumer,Africa,Electronics,10,0.07,1036.5,3,Sunday,10,1
Standard Class,Medium,Corporate,Africa,Grocery,14,0.33,85.81,6,Saturday,9,1
Standard Class,Medium,Consumer,Europe,Furniture,17,0.08,79.86,6,Sunday,9,0
Standard Class,High,Corporate,LATAM,Apparel,17,0.02,182.85,3,Friday,6,0
Standard Class,Medium,Consumer,LATAM,Grocery,18,0.38,148.52,6,Monday,10,1
Second Class,Low,Home Office,LATAM,Furniture,3,0.25,312.04,6,Friday,3,0
Same Day,Low,Consumer,Africa,Apparel,15,0.25,452.76,6,Saturday,6,0
Standard Class,Low,Corporate,Europe,Apparel,12,0.11,108.7,5,Monday,5,0
Second Class,Low,Consumer,Europe,Apparel,16,0.06,558.02,1,Thursday,10,0
First Class,Medium,Consumer,LATAM,Apparel,6,0.28,640.49,4,Monday,4,0
Second Class,Critical,Home Office,USCA,Apparel,14,0.21,797.3,7,Sunday,9,0
Standard Class,Medium,Consumer,LATAM,Apparel,18,0.13,493.54,4,Monday,6,0
Standard Class,Medium,Consumer,Africa,Office Supplies,3,0.13,362.11,4,Monday,9,1
Standard Class,Medium,Corporate,USCA,Furniture,17,0.36,775.38,5,Sunday,12,1
Standard Class,High,Consumer,Europe,Grocery,6,0.36,1094.32,3,Tuesday,1,0
Second Class,Low,Corporate,Pacific Asia,Electronics,7,0.11,481.82,7,Sunday,10,0
Standard Class,High,Consumer,USCA,Grocery,6,0.32,359.19,4,Sunday,8,0
Standard Class,High,Consumer,Europe,Office Supplies,12,0.09,864.09,4,Tuesday,2,0
Second Class,Low,Corporate,USCA,Office Supplies,17,0.32,1053.96,6,Sunday,11,0
First Class,Low,Corporate,LATAM,Apparel,6,0.05,1152.16,3,Monday,1,0
Standard Class,Critical,Consumer,USCA,Office Supplies,15,0.3,271.97,1,Tuesday,6,1
Second Class,High,Corporate,USCA,Grocery,5,0.22,370.3,1,Sunday,11,0
Standard Class,Low,Corporate,USCA,Office Supplies,15,0.05,1087.97,4,Tuesday,1,0
Standard Class,Medium,Corporate,Africa,Grocery,11,0.25,331.29,3,Wednesday,6,1
Standard Class,Medium,Consumer,Africa,Apparel,9,0.08,421.26,1,Monday,8,1
Second Class,Medium,Consumer,LATAM,Apparel,4,0.08,770.96,6,Thursday,10,0
Same Day,Low,Consumer,Pacific Asia,Office Supplies,3,0.18,686.08,2,Sunday,4,0
Standard Class,Low,Consumer,Africa,Electronics,13,0.39,1054.64,2,Thursday,4,1
Standard Class,Medium,Consumer,Pacific Asia,Apparel,6,0.36,738.1,7,Sunday,6,0
Standard Class,High,Consumer,Africa,Furniture,1,0.33,591.77,5,Wednesday,9,1
Standard Class,High,Home Office,Europe,Furniture,10,0.34,98.0,7,Saturday,6,0
Standard Class,Low,Corporate,Europe,Apparel,5,0.2,1170.28,5,Sunday,10,0
Standard Class,High,Consumer,USCA,Office Supplies,2,0.15,512.56,4,Friday,8,0
First Class,Low,Corporate,Pacific Asia,Apparel,19,0.35,691.37,3,Saturday,5,0
Second Class,Medium,Corporate,USCA,Office Supplies,16,0.03,607.41,5,Sunday,12,0
Standard Class,High,Consumer,USCA,Grocery,9,0.4,888.18,3,Tuesday,10,0
Standard Class,Medium,Consumer,Africa,Electronics,18,0.22,779.28,2,Saturday,8,1
Standard Class,Low,Consumer,Africa,Electronics,17,0.22,417.78,3,Friday,7,1
Standard Class,Low,Corporate,USCA,Grocery,7,0.12,628.85,4,Wednesday,9,0
First Class,Medium,Consumer,Africa,Grocery,17,0.07,992.98,1,Saturday,11,1
Same Day,High,Consumer,Europe,Grocery,1,0.27,763.81,5,Tuesday,12,0
Standard Class,Critical,Consumer,Europe,Electronics,8,0.14,1145.96,3,Tuesday,7,1
Standard Class,High,Corporate,Pacific Asia,Apparel,10,0.12,907.19,4,Friday,4,0
First Class,High,Corporate,Europe,Furniture,6,0.06,587.38,3,Monday,11,0
Standard Class,Medium,Consumer,USCA,Office Supplies,9,0.21,970.34,4,Monday,1,0
Second Class,High,Consumer,LATAM,Furniture,1,0.24,536.21,4,Sunday,4,0
Standard Class,Low,Corporate,Africa,Office Supplies,10,0.18,263.7,5,Tuesday,10,1
Second Class,High,Home Office,USCA,Electronics,12,0.0,759.35,6,Friday,7,0
Standard Class,Low,Corporate,Africa,Apparel,11,0.2,431.13,7,Thursday,8,1
First Class,High,Home Office,Pacific Asia,Furniture,5,0.11,39.59,1,Monday,4,0
First Class,Low,Consumer,USCA,Grocery,19,0.06,264.75,3,Sunday,10,0
Standard Class,Medium,Consumer,USCA,Grocery,10,0.23,208.82,2,Friday,2,1
Second Class,Medium,Corporate,USCA,Grocery,18,0.27,955.89,5,Friday,3,0
First Class,Critical,Consumer,Pacific Asia,Furniture,9,0.21,874.79,5,Wednesday,2,0
Standard Class,High,Consumer,USCA,Apparel,3,0.25,741.28,5,Sunday,11,0
Standard Class,Low,Consumer,Africa,Apparel,4,0.24,1121.85,3,Tuesday,8,1
Standard Class,Medium,Consumer,LATAM,Grocery,6,0.05,221.95,5,Tuesday,9,0
Standard Class,Low,Consumer,USCA,Furniture,2,0.09,204.2,5,Wednesday,1,0
Standard Class,Low,Home Office,Pacific Asia,Grocery,5,0.0,1091.81,5,Monday,11,0
Second Class,Low,Consumer,Pacific Asia,Office Supplies,13,0.39,779.8,5,Thursday,11,0
Standard Class,Low,Consumer,USCA,Office Supplies,1,0.08,673.55,1,Friday,10,1
First Class,Medium,Consumer,Pacific Asia,Furniture,14,0.33,890.47,3,Sunday,10,0
Standard Class,High,Home Office,Europe,Office Supplies,11,0.31,345.19,4,Thursday,8,0
Standard Class,High,Corporate,Pacific Asia,Electronics,2,0.28,717.91,2,Sunday,8,1
Standard Class,Low,Consumer,LATAM,Electronics,15,0.18,518.01,6,Monday,7,1
Standard Class,Low,Consumer,Europe,Electronics,7,0.23,375.3,4,Thursday,11,0
Standard Class,Low,Corporate,Africa,Office Supplies,5,0.07,1052.81,6,Sunday,8,1
Standard Class,Low,Consumer,Europe,Apparel,12,0.04,201.19,5,Saturday,9,0
Standard Class,Low,Home Office,LATAM,Electronics,17,0.14,31.29,3,Monday,6,0
Second Class,Low,Corporate,Europe,Grocery,16,0.33,437.33,2,Friday,1,1
First Class,Medium,Consumer,USCA,Apparel,17,0.23,246.1,4,Tuesday,1,0
Standard Class,Medium,Home Office,Pacific Asia,Furniture,7,0.31,975.12,3,Sunday,3,0
Second Class,Medium,Consumer,USCA,Office Supplies,1,0.36,160.69,5,Saturday,10,0
Second Class,Low,Consumer,USCA,Grocery,2,0.22,1125.61,5,Tuesday,7,0
Standard Class,Medium,Consumer,USCA,Furniture,5,0.15,209.37,7,Saturday,9,0
Same Day,High,Corporate,Europe,Office Supplies,1,0.34,1068.22,5,Monday,12,0
First Class,Low,Consumer,Africa,Office Supplies,13,0.09,210.37,6,Monday,8,0
Standard Class,Low,Consumer,Pacific Asia,Grocery,1,0.01,67.05,7,Tuesday,5,0
Standard Class,Low,Consumer,Europe,Office Supplies,19,0.02,590.54,2,Wednesday,10,1
Standard Class,Low,Home Office,USCA,Office Supplies,1,0.23,434.08,2,Thursday,12,1
Standard Class,Medium,Consumer,LATAM,Office Supplies,3,0.36,721.42,5,Friday,5,0
Second Class,Low,Consumer,LATAM,Apparel,5,0.23,772.46,6,Thursday,3,0
Standard Class,Medium,Corporate,USCA,Electronics,19,0.16,1121.91,2,Friday,3,1
First Class,Low,Corporate,Africa,Grocery,12,0.23,1143.73,4,Wednesday,8,0
Second Class,Medium,Home Office,Pacific Asia,Apparel,8,0.27,599.02,1,Thursday,5,0
Second Class,Low,Consumer,Europe,Grocery,5,0.3,258.31,3,Tuesday,6,0
Second Class,Medium,Home Office,Africa,Apparel,15,0.14,304.25,1,Sunday,10,1
Standard Class,Low,Consumer,LATAM,Office Supplies,11,0.15,128.64,6,Tuesday,1,0
Standard Class,Low,Consumer,USCA,Office Supplies,15,0.01,343.05,1,Friday,11,1
Second Class,High,Home Office,Europe,Apparel,5,0.26,1094.55,3,Monday,11,0
Standard Class,Medium,Corporate,Africa,Office Supplies,6,0.31,443.88,4,Saturday,11,1
Standard Class,Low,Corporate,Africa,Electronics,4,0.2,759.13,2,Saturday,5,1
First Class,Medium,Home Office,Africa,Grocery,5,0.15,1177.68,1,Tuesday,8,0
Second Class,Medium,Corporate,Europe,Office Supplies,13,0.13,137.02,1,Thursday,3,0
Standard Class,Medium,Consumer,Pacific Asia,Furniture,12,0.26,932.7,4,Monday,8,0
Second Class,Medium,Home Office,Europe,Apparel,6,0.13,842.63,4,Saturday,1,0
First Class,High,Consumer,USCA,Apparel,5,0.24,984.66,5,Tuesday,1,0
Standard Class,Low,Corporate,Europe,Office Supplies,10,0.37,173.23,5,Saturday,5,0
Standard Class,Low,Consumer,Africa,Apparel,6,0.13,607.12,4,Saturday,3,1
Same Day,Low,Consumer,Pacific Asia,Furniture,9,0.03,762.08,1,Tuesday,12,0
Standard Class,High,Corporate,Pacific Asia,Apparel,18,0.35,914.5,3,Wednesday,5,1
Standard Class,High,Consumer,USCA,Furniture,4,0.11,858.03,1,Monday,10,1
Standard Class,High,Corporate,USCA,Apparel,13,0.4,689.45,5,Tuesday,3,1
First Class,High,Home Office,LATAM,Apparel,4,0.34,568.31,1,Tuesday,1,0
Standard Class,Critical,Consumer,LATAM,Furniture,13,0.17,1130.64,7,Sunday,11,1
Standard Class,Medium,Corporate,LATAM,Grocery,11,0.25,226.32,2,Sunday,7,1
Standard Class,High,Corporate,Europe,Electronics,11,0.11,253.17,7,Saturday,11,0
Same Day,Critical,Corporate,Pacific Asia,Furniture,19,0.03,142.18,2,Tuesday,11,1
Standard Class,Low,Corporate,USCA,Electronics,1,0.21,144.08,2,Thursday,9,1
Second Class,Medium,Consumer,LATAM,Apparel,14,0.17,1049.45,7,Friday,10,0
Same Day,Medium,Consumer,USCA,Grocery,13,0.39,731.76,4,Friday,9,0
Standard Class,High,Consumer,LATAM,Furniture,7,0.24,1122.76,1,Sunday,10,1
Same Day,High,Consumer,Europe,Grocery,1,0.3,1065.37,3,Sunday,8,0
Same Day,High,Corporate,Europe,Furniture,13,0.05,367.61,5,Monday,1,0
First Class,High,Consumer,Africa,Office Supplies,5,0.29,773.17,4,Tuesday,11,0
Standard Class,Medium,Home Office,USCA,Furniture,8,0.02,461.53,4,Thursday,5,0
Second Class,Low,Corporate,Africa,Electronics,14,0.25,1052.65,2,Wednesday,5,1
First Class,Low,Consumer,Europe,Office Supplies,2,0.34,883.76,2,Wednesday,5,0
Same Day,Medium,Consumer,Europe,Apparel,19,0.19,156.94,2,Sunday,5,0
Standard Class,Medium,Corporate,USCA,Furniture,4,0.09,311.41,5,Thursday,3,0
First Class,Medium,Corporate,Africa,Electronics,2,0.18,792.52,6,Wednesday,9,0
Standard Class,Medium,Home Office,Africa,Apparel,4,0.34,302.9,2,Tuesday,4,1
Standard Class,High,Consumer,Africa,Electronics,6,0.29,645.51,4,Thursday,2,1
Standard Class,Low,Consumer,USCA,Apparel,18,0.24,300.66,2,Monday,4,1
First Class,High,Home Office,USCA,Furniture,1,0.28,822.21,4,Wednesday,4,0
Standard Class,High,Consumer,USCA,Grocery,13,0.33,99.27,6,Monday,9,1
Standard Class,Medium,Corporate,Pacific Asia,Apparel,15,0.06,868.26,1,Thursday,10,1
Same Day,Medium,Consumer,Europe,Grocery,9,0.34,411.04,6,Wednesday,4,0
Standard Class,High,Corporate,Pacific Asia,Apparel,2,0.32,549.69,5,Thursday,6,0
Second Class,Medium,Consumer,Pacific Asia,Grocery,14,0.19,585.46,1,Wednesday,11,0
Standard Class,Low,Corporate,Europe,Furniture,4,0.16,241.31,1,Friday,8,1
Standard Class,Low,Corporate,LATAM,Electronics,19,0.37,1131.17,3,Saturday,10,1
Second Class,Low,Home Office,LATAM,Furniture,5,0.33,10.19,3,Friday,5,0
Same Day,Low,Consumer,LATAM,Apparel,9,0.4,453.57,2,Saturday,6,0
Standard Class,Low,Consumer,USCA,Office Supplies,17,0.26,162.95,2,Wednesday,12,1
First Class,Low,Consumer,USCA,Electronics,16,0.01,438.31,4,Tuesday,3,0
Standard Class,Medium,Home Office,Africa,Grocery,17,0.06,133.7,7,Wednesday,3,1
Standard Class,Critical,Corporate,Africa,Electronics,7,0.33,460.66,4,Sunday,7,1
Standard Class,Medium,Corporate,Pacific Asia,Electronics,1,0.26,240.72,5,Friday,2,0
Standard Class,High,Consumer,Africa,Furniture,12,0.08,669.0,1,Friday,9,1
Standard Class,High,Consumer,USCA,Apparel,17,0.0,24.23,6,Wednesday,12,0
Standard Class,Medium,Consumer,Pacific Asia,Furniture,15,0.11,612.26,1,Monday,12,1
Standard Class,Medium,Consumer,Africa,Apparel,6,0.06,346.49,5,Saturday,4,1
Standard Class,Low,Corporate,Africa,Office Supplies,13,0.35,392.54,6,Thursday,3,1
Standard Class,High,Consumer,LATAM,Furniture,12,0.35,432.07,2,Sunday,5,1
Second Class,High,Corporate,USCA,Office Supplies,3,0.34,786.74,6,Monday,12,0
Same Day,Medium,Home Office,Pacific Asia,Apparel,8,0.04,911.75,2,Wednesday,10,0
Second Class,Low,Home Office,Europe,Electronics,16,0.05,402.35,2,Saturday,8,0
Standard Class,High,Corporate,Africa,Office Supplies,15,0.05,1110.74,7,Tuesday,11,1
Same Day,Low,Consumer,USCA,Office Supplies,7,0.1,898.02,2,Saturday,11,0
First Class,Low,Corporate,Pacific Asia,Apparel,16,0.03,490.57,6,Tuesday,2,0
Standard Class,High,Consumer,USCA,Apparel,11,0.39,126.39,4,Thursday,12,0
Standard Class,Medium,Consumer,USCA,Furniture,4,0.34,676.8,2,Monday,8,1
Second Class,Medium,Corporate,Pacific Asia,Furniture,16,0.03,740.38,2,Sunday,8,0
Second Class,High,Home Office,LATAM,Apparel,4,0.06,172.2,1,Sunday,9,0
First Class,Medium,Consumer,LATAM,Office Supplies,11,0.1,1023.91,3,Thursday,6,0
Second Class,Medium,Consumer,Africa,Grocery,16,0.31,463.9,5,Thursday,10,0
Second Class,Low,Corporate,LATAM,Furniture,16,0.29,191.32,7,Monday,11,0
Same Day,Low,Consumer,Africa,Apparel,7,0.25,629.85,6,Monday,3,0
Standard Class,High,Corporate,Africa,Grocery,6,0.36,512.23,5,Monday,12,1
Standard Class,Medium,Consumer,Pacific Asia,Grocery,10,0.01,774.17,7,Tuesday,10,0
First Class,Low,Consumer,USCA,Grocery,19,0.06,215.36,5,Friday,8,0
Standard Class,Low,Corporate,Europe,Grocery,15,0.08,34.71,3,Tuesday,3,0
First Class,Medium,Home Office,Europe,Electronics,4,0.02,576.99,7,Thursday,5,0
Same Day,Medium,Corporate,LATAM,Furniture,6,0.25,197.07,7,Thursday,9,0
Second Class,Medium,Home Office,Pacific Asia,Grocery,19,0.08,196.17,4,Sunday,9,0
Second Class,Medium,Consumer,Europe,Grocery,12,0.19,816.73,5,Monday,2,0
Standard Class,Low,Home Office,USCA,Apparel,6,0.27,317.94,5,Monday,1,0
Standard Class,Medium,Consumer,Africa,Apparel,13,0.24,1009.59,5,Saturday,2,1
Standard Class,High,Home Office,Africa,Electronics,5,0.12,622.54,5,Sunday,6,1
Second Class,Low,Consumer,Pacific Asia,Grocery,14,0.17,733.62,6,Friday,7,0
First Class,Medium,Consumer,LATAM,Electronics,14,0.14,391.88,4,Saturday,9,0
Second Class,Medium,Consumer,USCA,Apparel,17,0.34,276.34,2,Wednesday,7,1
Standard Class,Medium,Corporate,LATAM,Furniture,4,0.17,199.17,6,Thursday,7,0
Standard Class,Low,Consumer,LATAM,Office Supplies,8,0.02,851.43,4,Friday,7,0
First Class,High,Home Office,Pacific Asia,Office Supplies,1,0.25,830.06,4,Friday,4,0
Standard Class,Medium,Consumer,Africa,Electronics,12,0.08,596.29,1,Thursday,3,1
Standard Class,High,Consumer,LATAM,Apparel,13,0.14,939.76,6,Monday,10,0
First Class,Low,Consumer,LATAM,Office Supplies,5,0.13,965.08,4,Tuesday,4,0
Second Class,Medium,Consumer,USCA,Grocery,7,0.03,536.19,6,Thursday,5,0
Standard Class,High,Corporate,Africa,Furniture,3,0.38,784.87,6,Tuesday,12,1
First Class,Low,Corporate,LATAM,Apparel,19,0.22,1095.4,1,Saturday,10,0
Standard Class,Low,Home Office,Europe,Electronics,7,0.06,106.93,4,Thursday,8,0
Same Day,Medium,Consumer,Europe,Apparel,17,0.22,24.43,6,Sunday,1,0
Standard Class,Low,Home Office,Africa,Furniture,13,0.18,573.3,6,Friday,6,1
Standard Class,Medium,Consumer,Africa,Apparel,19,0.14,404.77,6,Monday,7,1
First Class,Low,Home Office,Pacific Asia,Electronics,13,0.19,113.54,3,Saturday,9,0
Standard Class,Low,Consumer,LATAM,Grocery,8,0.27,188.22,1,Thursday,9,1
Second Class,Medium,Corporate,Europe,Apparel,8,0.08,316.42,3,Thursday,2,0
First Class,Low,Corporate,Europe,Electronics,13,0.22,128.28,4,Saturday,11,0
First Class,Critical,Consumer,Africa,Grocery,2,0.33,389.7,3,Thursday,6,1
Same Day,High,Consumer,Africa,Office Supplies,3,0.09,168.03,4,Friday,3,0
Standard Class,Medium,Corporate,USCA,Apparel,13,0.21,753.39,1,Tuesday,2,1
Second Class,High,Consumer,USCA,Grocery,17,0.39,838.98,7,Tuesday,7,0
Standard Class,High,Corporate,Africa,Office Supplies,6,0.32,932.83,3,Monday,4,1
Standard Class,Low,Corporate,USCA,Apparel,3,0.24,1045.02,4,Monday,5,0
First Class,High,Corporate,Africa,Apparel,1,0.3,13.69,2,Thursday,9,1
Standard Class,Low,Home Office,Africa,Furniture,15,0.21,219.92,2,Wednesday,5,1
Second Class,Medium,Consumer,Pacific Asia,Apparel,8,0.39,979.44,4,Tuesday,11,0
Standard Class,Medium,Consumer,USCA,Apparel,12,0.07,46.28,6,Monday,7,0
Second Class,Medium,Consumer,LATAM,Grocery,7,0.29,801.88,1,Tuesday,3,0
Same Day,Low,Corporate,LATAM,Electronics,16,0.0,225.1,7,Friday,7,0
Standard Class,Low,Home Office,Pacific Asia,Furniture,8,0.05,612.65,5,Thursday,6,0
Second Class,Medium,Home Office,LATAM,Apparel,9,0.29,1155.14,3,Thursday,11,0
First Class,Low,Home Office,LATAM,Grocery,8,0.3,781.95,5,Saturday,2,0
Standard Class,High,Home Office,Pacific Asia,Grocery,6,0.02,448.18,7,Tuesday,1,0
Standard Class,Medium,Home Office,Europe,Electronics,1,0.13,829.91,3,Monday,1,0
Second Class,Low,Consumer,Pacific Asia,Office Supplies,16,0.05,16.62,3,Thursday,1,0
Standard Class,Low,Home Office,Pacific Asia,Apparel,1,0.36,1141.09,2,Sunday,1,1
Standard Class,Medium,Corporate,USCA,Office Supplies,13,0.18,419.89,6,Friday,1,0
First Class,Medium,Consumer,LATAM,Electronics,11,0.18,1176.34,3,Thursday,8,0
Standard Class,Low,Consumer,LATAM,Grocery,11,0.33,814.93,7,Sunday,12,0
Same Day,Low,Consumer,Europe,Office Supplies,19,0.28,351.95,7,Friday,2,0
First Class,Low,Corporate,Pacific Asia,Electronics,19,0.37,742.17,4,Tuesday,5,0
Second Class,Low,Corporate,Africa,Office Supplies,11,0.38,462.5,6,Saturday,7,0
Standard Class,Medium,Consumer,Europe,Grocery,15,0.13,774.93,3,Friday,10,0
Standard Class,High,Corporate,Europe,Apparel,10,0.26,950.89,4,Saturday,2,0
Standard Class,Medium,Consumer,LATAM,Furniture,16,0.22,570.25,4,Saturday,9,0
Same Day,High,Home Office,LATAM,Grocery,3,0.24,274.32,5,Monday,1,0
Standard Class,Low,Corporate,LATAM,Office Supplies,2,0.25,1177.93,7,Wednesday,8,0
Standard Class,Medium,Home Office,LATAM,Apparel,14,0.02,501.05,6,Sunday,10,0
Standard Class,Medium,Consumer,Europe,Furniture,15,0.36,219.9,2,Monday,5,1
Standard Class,Medium,Home Office,Pacific Asia,Electronics,8,0.06,889.66,1,Sunday,11,1
Standard Class,Medium,Consumer,LATAM,Apparel,1,0.17,789.78,1,Saturday,2,1
Second Class,Medium,Consumer,USCA,Grocery,14,0.12,981.75,1,Saturday,10,0
Standard Class,Medium,Consumer,Europe,Office Supplies,14,0.22,11.99,6,Sunday,12,0
Standard Class,Low,Corporate,Africa,Furniture,19,0.38,423.3,4,Thursday,6,1
Standard Class,Medium,Home Office,Africa,Apparel,8,0.16,384.29,3,Thursday,8,1
Second Class,Medium,Corporate,Pacific Asia,Furniture,9,0.24,1109.37,7,Friday,7,0
Second Class,Critical,Home Office,Europe,Furniture,15,0.06,426.11,5,Wednesday,12,0
Standard Class,Medium,Consumer,Europe,Apparel,12,0.19,637.4,4,Wednesday,3,0
Second Class,Medium,Consumer,Europe,Office Supplies,18,0.37,14.2,4,Wednesday,8,0
Standard Class,Medium,Corporate,USCA,Electronics,1,0.37,971.7,1,Sunday,1,1
Same Day,High,Consumer,USCA,Apparel,15,0.22,145.63,4,Wednesday,2,0
Standard Class,Critical,Home Office,LATAM,Electronics,1,0.31,1059.98,6,Tuesday,10,1
Second Class,High,Corporate,Africa,Furniture,1,0.0,884.78,1,Monday,12,1
First Class,Medium,Consumer,USCA,Furniture,2,0.21,672.1,1,Saturday,1,0
First Class,Low,Corporate,Africa,Office Supplies,4,0.29,901.41,6,Sunday,3,0
Standard Class,Medium,Consumer,Europe,Apparel,17,0.13,953.54,7,Thursday,2,0
Standard Class,Medium,Consumer,USCA,Apparel,2,0.36,904.57,7,Wednesday,2,0
Second Class,High,Corporate,Africa,Grocery,7,0.31,796.47,7,Sunday,4,0
Standard Class,Low,Corporate,USCA,Office Supplies,10,0.31,1058.02,1,Monday,7,1
First Class,Medium,Home Office,Europe,Apparel,10,0.01,513.4,6,Thursday,6,0
Second Class,Low,Consumer,Europe,Furniture,13,0.07,683.74,4,Tuesday,12,0
Second Class,High,Corporate,Europe,Office Supplies,5,0.29,1163.56,5,Sunday,7,0
Standard Class,Low,Consumer,LATAM,Grocery,7,0.22,452.97,2,Thursday,3,1
Second Class,Medium,Consumer,Africa,Grocery,14,0.23,903.59,6,Monday,10,0
Second Class,Low,Corporate,LATAM,Furniture,18,0.01,476.25,3,Tuesday,2,0
First Class,Low,Consumer,Pacific Asia,Apparel,19,0.18,569.5,7,Saturday,4,0
Standard Class,Medium,Corporate,Pacific Asia,Furniture,10,0.31,409.4,6,Tuesday,5,0
Standard Class,Low,Corporate,USCA,Grocery,8,0.27,192.16,1,Sunday,6,1
Standard Class,Medium,Consumer,USCA,Office Supplies,2,0.23,1166.92,4,Friday,8,0
Standard Class,High,Consumer,USCA,Apparel,14,0.28,542.29,2,Saturday,8,1
Second Class,Critical,Consumer,LATAM,Furniture,2,0.34,342.42,4,Friday,7,0
Same Day,Low,Home Office,Europe,Apparel,12,0.34,779.08,6,Tuesday,11,0
Standard Class,High,Consumer,USCA,Office Supplies,17,0.18,142.01,7,Saturday,11,0
First Class,Low,Consumer,USCA,Grocery,18,0.12,656.65,4,Sunday,5,0
Standard Class,High,Corporate,Pacific Asia,Furniture,17,0.15,693.2,3,Wednesday,5,0
Standard Class,High,Home Office,Europe,Grocery,15,0.21,243.19,1,Thursday,1,1
Standard Class,Low,Home Office,LATAM,Furniture,3,0.04,1151.94,4,Sunday,1,0
Standard Class,Medium,Consumer,Europe,Apparel,19,0.24,717.67,3,Thursday,12,0
Same Day,Low,Consumer,Pacific Asia,Electronics,11,0.18,274.91,4,Friday,5,0
Standard Class,High,Corporate,LATAM,Furniture,18,0.3,1001.79,2,Wednesday,5,1
Second Class,Medium,Home Office,Africa,Furniture,3,0.11,375.37,5,Saturday,9,0
Standard Class,Medium,Consumer,USCA,Grocery,18,0.03,878.59,5,Friday,6,0
Same Day,Medium,Consumer,LATAM,Electronics,4,0.36,757.77,1,Monday,2,0
Standard Class,Critical,Consumer,Pacific Asia,Electronics,9,0.03,200.02,5,Sunday,3,1
Standard Class,High,Consumer,Europe,Electronics,6,0.37,122.43,3,Friday,7,0
Standard Class,Medium,Corporate,LATAM,Electronics,7,0.2,732.94,3,Monday,12,0
Standard Class,Medium,Consumer,Pacific Asia,Office Supplies,1,0.02,805.28,5,Monday,6,0
Standard Class,High,Consumer,LATAM,Apparel,3,0.05,165.96,7,Wednesday,6,0
First Class,High,Consumer,USCA,Furniture,15,0.21,215.53,3,Thursday,8,0
Second Class,Low,Consumer,Europe,Apparel,2,0.01,69.61,4,Thursday,9,0
Second Class,Low,Consumer,Europe,Apparel,9,0.37,170.05,4,Tuesday,9,0
Standard Class,Low,Consumer,LATAM,Apparel,8,0.32,709.81,3,Friday,12,0
Standard Class,Medium,Home Office,Pacific Asia,Apparel,19,0.2,248.76,6,Saturday,3,0
Standard Class,Low,Consumer,USCA,Office Supplies,14,0.37,353.51,2,Sunday,8,1
Same Day,Medium,Corporate,USCA,Grocery,10,0.1,670.75,1,Wednesday,5,0
First Class,Medium,Home Office,LATAM,Office Supplies,11,0.34,502.83,3,Saturday,9,0
First Class,Medium,Consumer,Africa,Furniture,8,0.32,1015.82,1,Thursday,7,1
First Class,Medium,Consumer,LATAM,Electronics,4,0.23,689.56,5,Sunday,2,0
Standard Class,Low,Consumer,USCA,Grocery,8,0.13,167.16,2,Tuesday,9,1
Standard Class,High,Corporate,Europe,Furniture,10,0.22,467.34,4,Saturday,3,0
Standard Class,High,Corporate,LATAM,Electronics,15,0.38,317.93,7,Monday,12,1
Standard Class,Medium,Consumer,LATAM,Office Supplies,13,0.03,318.19,3,Sunday,2,0
Standard Class,High,Home Office,Europe,Apparel,5,0.08,315.2,6,Monday,10,0
Standard Class,Low,Corporate,LATAM,Furniture,15,0.26,507.87,2,Thursday,5,1
Second Class,High,Consumer,Pacific Asia,Apparel,3,0.27,167.16,1,Thursday,5,0
First Class,Low,Corporate,Europe,Apparel,3,0.07,310.35,3,Wednesday,1,0
Second Class,Medium,Consumer,Europe,Apparel,13,0.32,844.75,4,Sunday,3,0
Same Day,Low,Corporate,Europe,Grocery,9,0.37,994.66,4,Tuesday,10,0
Standard Class,Medium,Consumer,USCA,Electronics,2,0.03,26.37,7,Thursday,5,0
Standard Class,Low,Corporate,LATAM,Apparel,15,0.39,109.31,3,Monday,12,1
Second Class,Medium,Consumer,Africa,Furniture,18,0.11,1027.51,3,Friday,1,0
Standard Class,Low,Corporate,LATAM,Grocery,8,0.12,265.44,2,Thursday,5,1
Standard Class,High,Consumer,LATAM,Electronics,3,0.02,381.49,4,Monday,10,0
Standard Class,Medium,Corporate,USCA,Furniture,1,0.2,411.13,7,Tuesday,2,0
Standard Class,Low,Consumer,Pacific Asia,Grocery,7,0.38,1040.39,1,Thursday,12,1
Standard Class,Low,Consumer,Pacific Asia,Grocery,6,0.06,203.68,4,Saturday,8,0
Standard Class,High,Consumer,USCA,Electronics,1,0.23,976.92,3,Friday,11,0
Standard Class,Low,Consumer,USCA,Apparel,9,0.11,566.55,7,Monday,5,0
Second Class,Medium,Corporate,USCA,Furniture,11,0.01,941.97,1,Sunday,3,0
Standard Class,Medium,Home Office,LATAM,Office Supplies,5,0.39,828.78,3,Tuesday,1,0
Standard Class,Low,Corporate,USCA,Apparel,3,0.29,881.2,4,Friday,3,0
Standard Class,Low,Home Office,Africa,Office Supplies,9,0.29,145.48,2,Wednesday,1,1
Standard Class,Medium,Consumer,Europe,Furniture,7,0.27,377.45,1,Monday,8,1
Second Class,Low,Consumer,Pacific Asia,Office Supplies,13,0.06,280.32,2,Friday,7,0
First Class,Low,Corporate,Africa,Office Supplies,1,0.08,159.85,7,Thursday,2,0
Second Class,Low,Home Office,Pacific Asia,Electronics,3,0.15,770.69,7,Monday,12,0
Standard Class,Low,Corporate,LATAM,Electronics,6,0.4,837.21,6,Thursday,7,0
Second Class,Low,Consumer,LATAM,Electronics,11,0.27,178.36,7,Thursday,1,0
Second Class,Critical,Consumer,USCA,Office Supplies,17,0.18,924.53,5,Wednesday,12,0
Standard Class,Medium,Consumer,Pacific Asia,Office Supplies,15,0.19,351.32,6,Wednesday,7,0
Standard Class,High,Consumer,LATAM,Grocery,4,0.37,458.39,6,Friday,5,0
Standard Class,Low,Corporate,LATAM,Grocery,1,0.08,1191.97,1,Thursday,11,1
Second Class,Low,Consumer,Pacific Asia,Electronics,1,0.13,238.46,4,Friday,9,0
Second Class,High,Home Office,LATAM,Grocery,6,0.15,150.56,6,Saturday,11,0
Standard Class,Medium,Home Office,USCA,Apparel,9,0.36,329.53,2,Wednesday,12,1
Second Class,Low,Home Office,LATAM,Grocery,14,0.31,1118.85,6,Friday,10,0
Standard Class,Medium,Home Office,Africa,Grocery,14,0.24,152.86,7,Thursday,2,1
Standard Class,Medium,Consumer,Africa,Apparel,7,0.13,742.97,7,Saturday,9,1
Same Day,High,Home Office,USCA,Apparel,6,0.08,953.77,2,Wednesday,9,0
Same Day,Low,Consumer,Africa,Furniture,19,0.13,1107.62,4,Saturday,4,0
Standard Class,Medium,Home Office,LATAM,Office Supplies,3,0.37,578.86,3,Tuesday,4,0
Standard Class,Medium,Consumer,Africa,Office Supplies,5,0.36,554.65,5,Thursday,9,1
Standard Class,Critical,Consumer,Africa,Electronics,6,0.17,994.85,4,Sunday,11,1
Standard Class,High,Consumer,LATAM,Furniture,8,0.13,243.05,2,Wednesday,3,1
First Class,Low,Consumer,Pacific Asia,Furniture,13,0.35,559.97,1,Tuesday,6,1
Same Day,Medium,Home Office,USCA,Furniture,13,0.18,768.9,6,Friday,5,0
Second Class,High,Home Office,Pacific Asia,Furniture,1,0.02,843.11,5,Thursday,5,0
Standard Class,Medium,Corporate,Pacific Asia,Grocery,19,0.14,143.1,4,Saturday,6,0
Second Class,High,Corporate,Africa,Furniture,9,0.24,1041.92,2,Saturday,5,1
Standard Class,High,Corporate,Europe,Electronics,4,0.38,983.71,5,Saturday,8,0
Same Day,Low,Consumer,Pacific Asia,Office Supplies,5,0.17,387.29,3,Monday,11,0
First Class,Low,Corporate,LATAM,Furniture,17,0.1,576.89,6,Sunday,5,0
Second Class,High,Consumer,LATAM,Office Supplies,7,0.15,467.01,6,Friday,4,0
Standard Class,Low,Corporate,LATAM,Apparel,18,0.02,1177.51,6,Wednesday,6,1
Standard Class,Low,Home Office,Europe,Electronics,13,0.36,704.95,7,Monday,8,1
Standard Class,Medium,Consumer,Europe,Apparel,1,0.01,331.85,5,Saturday,2,0
First Class,High,Consumer,USCA,Furniture,14,0.0,897.68,6,Tuesday,8,0
Standard Class,Low,Home Office,Europe,Grocery,14,0.25,987.75,4,Wednesday,3,0
Standard Class,Medium,Home Office,USCA,Grocery,13,0.06,874.09,1,Friday,2,1
Standard Class,Low,Home Office,LATAM,Electronics,18,0.12,109.39,2,Sunday,8,1
First Class,Low,Corporate,Europe,Furniture,8,0.2,352.41,4,Monday,3,0
Standard Class,Low,Consumer,Africa,Furniture,1,0.32,441.3,1,Monday,7,1
First Class,Low,Consumer,Africa,Furniture,15,0.16,268.08,2,Friday,11,1
First Class,High,Consumer,Africa,Furniture,17,0.38,582.8,7,Sunday,3,0
Same Day,High,Corporate,Europe,Electronics,17,0.18,390.2,4,Tuesday,7,0
Standard Class,High,Consumer,Europe,Electronics,2,0.37,53.39,3,Wednesday,6,0
Standard Class,Low,Corporate,Europe,Electronics,14,0.18,785.94,1,Sunday,7,1
Standard Class,Medium,Home Office,Africa,Grocery,1,0.21,528.8,1,Wednesday,12,1
Standard Class,Low,Home Office,LATAM,Furniture,2,0.38,43.45,5,Thursday,10,0
Standard Class,Low,Consumer,Pacific Asia,Apparel,7,0.27,1120.15,3,Wednesday,8,0
Second Class,Medium,Consumer,LATAM,Office Supplies,1,0.06,784.73,7,Wednesday,12,0
Standard Class,Medium,Home Office,Europe,Electronics,10,0.24,98.0,2,Tuesday,4,1
First Class,Low,Corporate,Pacific Asia,Electronics,18,0.09,1068.38,7,Saturday,3,0
Standard Class,Low,Home Office,Pacific Asia,Grocery,3,0.12,510.82,5,Thursday,4,0
Second Class,High,Home Office,LATAM,Grocery,18,0.34,295.13,3,Sunday,12,0
First Class,Medium,Consumer,Africa,Office Supplies,19,0.27,64.75,6,Friday,9,0
First Class,High,Consumer,USCA,Grocery,13,0.11,896.34,4,Wednesday,9,0
First Class,Critical,Consumer,Africa,Electronics,2,0.0,1163.49,6,Friday,4,0
Second Class,Medium,Corporate,Africa,Furniture,3,0.21,230.52,1,Wednesday,4,0
Same Day,Low,Consumer,Pacific Asia,Furniture,4,0.1,506.13,5,Thursday,3,0
Standard Class,High,Corporate,Europe,Grocery,17,0.01,292.64,7,Friday,11,0
Standard Class,Low,Home Office,Europe,Office Supplies,8,0.03,691.24,1,Monday,9,1
Standard Class,Low,Consumer,Pacific Asia,Furniture,8,0.27,1046.84,3,Saturday,1,0
Standard Class,High,Home Office,Africa,Electronics,3,0.17,165.53,1,Wednesday,2,1
Standard Class,Medium,Corporate,LATAM,Furniture,15,0.1,364.87,5,Friday,12,0
Standard Class,Low,Home Office,USCA,Office Supplies,11,0.35,205.94,4,Friday,3,0
Standard Class,Medium,Consumer,Africa,Grocery,9,0.33,282.12,5,Wednesday,3,1
Standard Class,Medium,Consumer,Africa,Apparel,11,0.19,164.62,2,Monday,10,1
Standard Class,Low,Consumer,USCA,Furniture,6,0.11,765.21,1,Saturday,3,1
Same Day,Low,Consumer,LATAM,Electronics,10,0.2,61.77,5,Tuesday,4,0
Standard Class,Low,Consumer,USCA,Office Supplies,10,0.3,877.49,5,Tuesday,3,0
Second Class,Low,Home Office,Pacific Asia,Furniture,18,0.0,179.13,4,Tuesday,12,0
Standard Class,High,Consumer,USCA,Apparel,13,0.25,327.35,1,Friday,6,1
Same Day,Medium,Home Office,USCA,Grocery,17,0.28,420.88,1,Monday,4,1
First Class,Medium,Corporate,Africa,Furniture,4,0.33,463.45,7,Wednesday,1,0
Second Class,Low,Consumer,Africa,Office Supplies,18,0.09,215.78,2,Saturday,7,1
Second Class,Low,Corporate,Europe,Furniture,1,0.08,591.69,3,Tuesday,9,0
Standard Class,Low,Home Office,USCA,Grocery,18,0.09,1074.77,3,Sunday,10,0
Same Day,Low,Corporate,Pacific Asia,Office Supplies,7,0.37,555.88,1,Monday,10,0
First Class,Low,Consumer,Europe,Apparel,5,0.06,43.15,7,Wednesday,6,0
First Class,Medium,Home Office,USCA,Electronics,16,0.31,442.45,5,Tuesday,6,0
Second Class,Low,Consumer,Africa,Grocery,5,0.39,489.74,7,Monday,3,0
Standard Class,High,Corporate,Pacific Asia,Furniture,10,0.38,347.18,3,Wednesday,5,0
First Class,High,Corporate,LATAM,Apparel,16,0.16,362.21,3,Wednesday,4,0
Standard Class,Medium,Consumer,Europe,Office Supplies,4,0.34,246.72,5,Monday,3,0
Second Class,Low,Consumer,Africa,Office Supplies,1,0.27,1148.44,2,Wednesday,1,1
Standard Class,High,Home Office,LATAM,Office Supplies,8,0.35,640.04,6,Thursday,7,0
Same Day,Critical,Home Office,USCA,Furniture,1,0.06,648.75,2,Sunday,2,1
Standard Class,Low,Corporate,Pacific Asia,Grocery,3,0.31,516.47,6,Wednesday,8,0
Standard Class,Medium,Consumer,Africa,Apparel,18,0.23,744.13,1,Wednesday,6,1
Second Class,High,Consumer,Africa,Office Supplies,2,0.22,513.69,3,Tuesday,11,0
First Class,Medium,Consumer,Pacific Asia,Electronics,5,0.29,829.87,5,Monday,3,0
Second Class,Low,Corporate,Africa,Grocery,11,0.11,114.97,2,Saturday,11,0
Standard Class,Medium,Consumer,Africa,Apparel,14,0.03,45.32,5,Saturday,6,1
Standard Class,Medium,Consumer,USCA,Apparel,18,0.2,679.29,1,Monday,7,1
First Class,Medium,Consumer,Europe,Office Supplies,10,0.12,883.57,1,Friday,11,0
Same Day,High,Corporate,LATAM,Electronics,7,0.1,806.13,2,Wednesday,9,0
First Class,Medium,Home Office,Pacific Asia,Office Supplies,8,0.4,484.39,3,Tuesday,9,0
Standard Class,Low,Corporate,LATAM,Grocery,17,0.08,13.83,7,Friday,11,0
Same Day,Medium,Corporate,Pacific Asia,Furniture,7,0.09,153.76,7,Saturday,4,0
Standard Class,Medium,Consumer,Pacific Asia,Grocery,16,0.13,476.52,5,Tuesday,11,1
Standard Class,Low,Consumer,Africa,Electronics,17,0.2,800.58,3,Tuesday,9,1
Standard Class,Low,Corporate,USCA,Furniture,4,0.35,381.33,7,Saturday,10,0
Standard Class,High,Corporate,Pacific Asia,Apparel,4,0.07,642.6,2,Sunday,3,1
First Class,Medium,Consumer,LATAM,Office Supplies,1,0.25,218.87,1,Wednesday,4,0
Standard Class,Low,Corporate,Europe,Grocery,3,0.15,211.78,1,Tuesday,4,1
Standard Class,Low,Home Office,LATAM,Office Supplies,12,0.32,893.9,6,Monday,5,0
Standard Class,Medium,Corporate,USCA,Grocery,17,0.24,531.69,7,Friday,1,0
Standard Class,Medium,Corporate,Europe,Office Supplies,16,0.32,1139.35,2,Saturday,11,1
Second Class,Low,Corporate,Africa,Furniture,14,0.34,261.45,6,Sunday,8,0
Standard Class,Medium,Consumer,LATAM,Office Supplies,3,0.36,542.84,1,Friday,4,1
Standard Class,Low,Corporate,LATAM,Electronics,19,0.4,234.06,4,Tuesday,1,1
Second Class,Low,Home Office,Pacific Asia,Electronics,19,0.25,314.59,1,Wednesday,6,0
Second Class,Medium,Consumer,Pacific Asia,Office Supplies,16,0.26,771.67,4,Monday,7,0
First Class,Low,Consumer,Europe,Apparel,4,0.06,1092.46,7,Sunday,5,0
Standard Class,High,Corporate,Africa,Electronics,17,0.04,162.83,4,Wednesday,9,1
First Class,Low,Consumer,Pacific Asia,Grocery,19,0.2,164.21,4,Friday,7,0
Same Day,Medium,Corporate,LATAM,Office Supplies,12,0.28,1143.43,6,Saturday,3,0
First Class,Low,Consumer,Europe,Office Supplies,1,0.1,886.17,7,Saturday,11,0
Second Class,Low,Corporate,Pacific Asia,Electronics,19,0.13,382.26,3,Monday,7,0
Standard Class,High,Corporate,Pacific Asia,Apparel,19,0.28,494.25,2,Tuesday,3,1
Same Day,Medium,Consumer,USCA,Grocery,12,0.08,948.79,2,Thursday,11,0
Standard Class,Medium,Consumer,Europe,Electronics,12,0.21,841.6,2,Friday,11,1
Standard Class,Medium,Consumer,Europe,Electronics,17,0.22,735.32,6,Tuesday,3,0
Standard Class,Medium,Consumer,Africa,Furniture,5,0.37,1039.01,6,Tuesday,1,1
Standard Class,High,Consumer,Pacific Asia,Electronics,4,0.16,381.77,7,Friday,3,0
Same Day,Medium,Consumer,Europe,Grocery,5,0.08,261.39,4,Saturday,1,0
Second Class,Medium,Corporate,Africa,Furniture,6,0.07,497.64,4,Wednesday,10,0
Second Class,High,Corporate,Pacific Asia,Apparel,3,0.12,18.89,4,Monday,3,0
Second Class,High,Consumer,LATAM,Apparel,15,0.11,613.67,1,Saturday,11,0
Standard Class,Low,Consumer,USCA,Electronics,3,0.3,444.63,7,Thursday,1,0
Standard Class,Medium,Consumer,Africa,Grocery,13,0.24,167.0,6,Tuesday,2,1
Second Class,Low,Corporate,USCA,Apparel,5,0.27,1051.83,5,Saturday,12,0
Second Class,Low,Consumer,LATAM,Grocery,9,0.25,241.35,5,Wednesday,6,0
Standard Class,Medium,Consumer,Europe,Grocery,15,0.19,850.1,1,Friday,4,1
First Class,High,Consumer,Pacific Asia,Furniture,2,0.37,849.81,7,Wednesday,12,0
Standard Class,Medium,Home Office,Europe,Electronics,9,0.33,60.68,5,Friday,1,0
Standard Class,Medium,Corporate,USCA,Grocery,15,0.08,518.89,5,Friday,7,0
Standard Class,Low,Home Office,Europe,Grocery,3,0.17,576.89,6,Saturday,8,0
Standard Class,Medium,Consumer,Europe,Grocery,7,0.12,982.85,7,Thursday,9,0
First Class,High,Consumer,Africa,Electronics,8,0.3,753.09,3,Sunday,2,0
First Class,Low,Consumer,Africa,Furniture,13,0.14,85.35,5,Monday,6,0
Standard Class,Low,Home Office,LATAM,Grocery,15,0.26,544.04,1,Sunday,5,1
Second Class,Medium,Consumer,Africa,Office Supplies,6,0.12,368.02,4,Saturday,12,0
Second Class,Medium,Consumer,Africa,Furniture,13,0.07,213.43,3,Wednesday,10,0
Standard Class,Medium,Consumer,Africa,Electronics,7,0.0,338.49,5,Thursday,4,1
Standard Class,Medium,Corporate,Africa,Apparel,17,0.4,1009.86,7,Friday,8,1
Same Day,Medium,Consumer,LATAM,Grocery,15,0.09,747.8,7,Thursday,2,0
Second Class,Low,Corporate,Africa,Office Supplies,5,0.33,528.15,1,Sunday,1,1
Same Day,High,Home Office,Africa,Apparel,10,0.33,867.38,2,Wednesday,1,1
Standard Class,Low,Consumer,USCA,Apparel,12,0.09,1162.18,2,Sunday,5,1
Second Class,Low,Corporate,Africa,Grocery,19,0.17,1113.33,6,Friday,1,0
Standard Class,Medium,Corporate,LATAM,Grocery,18,0.33,125.26,6,Saturday,6,1
Standard Class,High,Home Office,LATAM,Apparel,4,0.28,405.41,3,Thursday,9,0
Standard Class,High,Consumer,Europe,Office Supplies,13,0.15,382.62,6,Saturday,12,0
Standard Class,Medium,Consumer,Africa,Furniture,3,0.38,669.08,6,Tuesday,10,1
Standard Class,Low,Corporate,Pacific Asia,Grocery,6,0.14,117.59,7,Monday,2,0
Standard Class,Low,Consumer,Europe,Grocery,6,0.08,1106.84,2,Sunday,10,1
Standard Class,Low,Home Office,LATAM,Electronics,4,0.06,941.21,1,Wednesday,3,1
Second Class,High,Corporate,Europe,Grocery,4,0.28,156.09,6,Saturday,8,0
Standard Class,High,Corporate,Pacific Asia,Electronics,13,0.01,312.58,2,Tuesday,10,1
Standard Class,Critical,Consumer,USCA,Apparel,10,0.34,180.25,2,Monday,11,1
Standard Class,Low,Corporate,Pacific Asia,Office Supplies,10,0.12,578.41,5,Monday,8,0
Standard Class,Medium,Corporate,Europe,Electronics,11,0.15,1069.25,1,Saturday,3,1
Second Class,Medium,Corporate,Africa,Electronics,13,0.32,777.11,1,Monday,1,1
Standard Class,Medium,Consumer,USCA,Furniture,10,0.33,730.58,1,Wednesday,8,1
First Class,Medium,Home Office,Pacific Asia,Apparel,11,0.16,98.64,7,Friday,11,0
Standard Class,High,Consumer,Africa,Electronics,18,0.22,1088.49,6,Monday,7,1
Standard Class,Low,Consumer,Pacific Asia,Electronics,7,0.27,344.1,6,Friday,3,0
First Class,Low,Home Office,LATAM,Apparel,9,0.28,1081.16,4,Sunday,11,0
Second Class,Low,Corporate,Africa,Grocery,13,0.21,550.29,1,Tuesday,2,1
Standard Class,Low,Consumer,LATAM,Office Supplies,10,0.34,639.25,5,Sunday,4,0
First Class,Low,Home Office,USCA,Apparel,18,0.34,729.95,2,Sunday,2,1
Standard Class,Low,Consumer,USCA,Furniture,15,0.34,353.33,2,Monday,12,1
First Class,Low,Consumer,USCA,Furniture,5,0.11,1004.31,2,Sunday,4,0
Second Class,Medium,Corporate,USCA,Office Supplies,15,0.1,1150.44,1,Sunday,1,0
Second Class,High,Consumer,LATAM,Furniture,11,0.06,347.36,1,Thursday,8,0
Same Day,High,Home Office,LATAM,Apparel,6,0.33,10.17,7,Saturday,6,0
Standard Class,Low,Home Office,Europe,Grocery,1,0.02,635.48,7,Sunday,12,0
Second Class,Low,Consumer,Europe,Furniture,14,0.05,715.49,3,Wednesday,11,0
Standard Class,Low,Home Office,LATAM,Apparel,15,0.37,85.55,7,Sunday,3,1
Standard Class,Critical,Consumer,USCA,Furniture,7,0.05,810.75,6,Tuesday,8,1
Standard Class,Medium,Corporate,Europe,Electronics,15,0.05,357.56,3,Thursday,6,0
Standard Class,Low,Home Office,Africa,Electronics,16,0.36,1150.81,3,Thursday,5,1
Second Class,High,Home Office,LATAM,Grocery,5,0.12,939.88,4,Saturday,10,0
Second Class,Low,Consumer,Africa,Electronics,19,0.35,96.37,3,Saturday,6,0
Second Class,High,Consumer,USCA,Electronics,19,0.15,1145.7,7,Tuesday,3,0
Standard Class,Low,Consumer,LATAM,Furniture,18,0.15,280.4,5,Saturday,5,0
Standard Class,Low,Corporate,Europe,Furniture,6,0.05,960.01,1,Monday,10,1
Same Day,Medium,Corporate,Europe,Office Supplies,9,0.37,775.5,6,Wednesday,4,0
Standard Class,High,Consumer,Africa,Grocery,3,0.3,648.2,4,Sunday,8,1
Second Class,High,Consumer,LATAM,Electronics,17,0.09,1119.87,5,Saturday,10,0
First Class,Medium,Home Office,USCA,Office Supplies,10,0.29,730.99,2,Saturday,8,0
First Class,Low,Consumer,Pacific Asia,Furniture,16,0.04,1031.88,7,Saturday,8,0
Standard Class,Medium,Consumer,Pacific Asia,Office Supplies,1,0.21,994.96,3,Friday,5,0
First Class,Critical,Home Office,USCA,Electronics,4,0.1,809.89,3,Friday,2,0
Standard Class,Medium,Consumer,Europe,Office Supplies,1,0.34,593.54,7,Thursday,12,0
First Class,High,Corporate,Pacific Asia,Apparel,18,0.2,126.81,1,Monday,7,0
Standard Class,Medium,Consumer,USCA,Grocery,4,0.37,193.25,5,Thursday,3,0
Standard Class,Medium,Consumer,Africa,Electronics,11,0.23,644.04,5,Wednesday,11,1
Standard Class,Medium,Consumer,Europe,Apparel,4,0.2,405.33,6,Tuesday,8,0
First Class,Medium,Corporate,USCA,Office Supplies,19,0.28,257.34,6,Monday,5,0
Standard Class,High,Corporate,Africa,Electronics,4,0.31,1160.83,6,Friday,7,1
Standard Class,Medium,Consumer,LATAM,Office Supplies,5,0.01,1031.75,6,Monday,4,0
Standard Class,Medium,Corporate,Pacific Asia,Grocery,13,0.21,522.04,3,Wednesday,8,0
Same Day,Low,Consumer,Pacific Asia,Grocery,4,0.31,1046.6,3,Wednesday,7,0
First Class,Low,Consumer,Pacific Asia,Furniture,10,0.16,80.76,5,Thursday,10,0
Second Class,High,Home Office,USCA,Apparel,18,0.02,128.08,7,Saturday,12,0
Second Class,Low,Home Office,LATAM,Grocery,3,0.01,1138.17,5,Monday,10,0
Standard Class,High,Home Office,USCA,Apparel,19,0.32,829.67,2,Wednesday,6,1
Standard Class,Medium,Corporate,USCA,Office Supplies,5,0.08,919.53,3,Friday,4,0
Same Day,High,Consumer,LATAM,Apparel,11,0.07,1001.14,3,Saturday,4,0
Standard Class,High,Corporate,Africa,Electronics,2,0.12,73.34,7,Tuesday,2,1
Standard Class,Medium,Home Office,Europe,Furniture,18,0.04,864.2,7,Sunday,3,0
Standard Class,High,Consumer,Pacific Asia,Apparel,11,0.02,434.59,5,Monday,12,0
Standard Class,Low,Consumer,LATAM,Apparel,12,0.35,983.42,6,Friday,6,0
Standard Class,Medium,Consumer,Africa,Grocery,16,0.12,471.35,6,Tuesday,12,1
Standard Class,High,Consumer,LATAM,Electronics,2,0.23,923.46,1,Friday,5,1
Standard Class,Low,Consumer,Europe,Grocery,16,0.34,1082.54,5,Friday,4,1
Standard Class,Medium,Home Office,LATAM,Apparel,16,0.39,413.76,3,Tuesday,10,1
Standard Class,High,Corporate,LATAM,Office Supplies,4,0.28,568.54,2,Saturday,11,1
Standard Class,High,Consumer,Africa,Grocery,8,0.38,649.53,3,Wednesday,4,1
Standard Class,Low,Corporate,Pacific Asia,Grocery,4,0.17,828.53,4,Wednesday,5,0
First Class,Medium,Consumer,Pacific Asia,Electronics,11,0.32,1014.49,7,Tuesday,4,0
Standard Class,Low,Corporate,Africa,Grocery,8,0.38,260.36,7,Friday,1,1
Second Class,Medium,Home Office,Africa,Grocery,12,0.02,1135.31,6,Monday,6,0
Second Class,Medium,Corporate,USCA,Furniture,4,0.13,944.84,3,Sunday,5,0
Second Class,Medium,Corporate,USCA,Apparel,7,0.3,176.05,3,Tuesday,1,0
Standard Class,Medium,Consumer,Europe,Electronics,13,0.13,409.65,3,Saturday,1,0
Standard Class,Low,Corporate,USCA,Grocery,11,0.01,309.12,7,Saturday,9,0
Standard Class,Low,Corporate,USCA,Apparel,10,0.32,199.24,5,Monday,6,0
Second Class,Low,Home Office,LATAM,Electronics,9,0.07,777.23,1,Wednesday,3,0
Standard Class,Medium,Corporate,LATAM,Grocery,6,0.13,88.29,7,Sunday,12,0
First Class,High,Home Office,Africa,Office Supplies,17,0.36,722.54,3,Tuesday,10,1
First Class,Low,Home Office,Pacific Asia,Furniture,13,0.08,994.98,3,Tuesday,9,0
Standard Class,Low,Corporate,Europe,Electronics,6,0.36,440.65,3,Tuesday,3,0
Standard Class,Medium,Home Office,USCA,Office Supplies,17,0.17,592.71,3,Tuesday,11,0
Second Class,Medium,Consumer,LATAM,Electronics,13,0.37,181.53,7,Friday,5,0
Standard Class,Low,Consumer,Pacific Asia,Electronics,15,0.35,867.29,3,Wednesday,10,1
Standard Class,Low,Corporate,USCA,Furniture,16,0.17,1091.41,2,Friday,3,1
First Class,Low,Consumer,Pacific Asia,Office Supplies,7,0.37,881.99,6,Wednesday,3,0
Standard Class,Low,Home Office,LATAM,Grocery,13,0.25,156.36,5,Monday,8,0
Same Day,Low,Consumer,Africa,Apparel,6,0.19,421.1,5,Monday,9,0
Second Class,Low,Consumer,USCA,Office Supplies,8,0.21,216.11,3,Friday,12,0
First Class,Medium,Home Office,USCA,Electronics,10,0.03,711.43,6,Sunday,1,0
Standard Class,Medium,Consumer,Europe,Office Supplies,10,0.32,869.78,7,Saturday,11,0
Standard Class,Low,Consumer,USCA,Apparel,1,0.12,1170.62,2,Saturday,10,1
Standard Class,Medium,Consumer,LATAM,Office Supplies,12,0.11,608.47,4,Wednesday,4,0
Standard Class,Medium,Corporate,Pacific Asia,Apparel,8,0.29,768.36,4,Sunday,7,0
Standard Class,High,Corporate,Pacific Asia,Furniture,8,0.15,136.82,2,Saturday,12,1
Standard Class,Low,Home Office,Africa,Electronics,7,0.21,194.75,7,Thursday,12,1
Standard Class,Medium,Consumer,Africa,Grocery,7,0.17,285.72,6,Saturday,8,1
Standard Class,Medium,Home Office,LATAM,Office Supplies,15,0.2,74.65,4,Friday,10,0
First Class,Low,Consumer,Pacific Asia,Furniture,12,0.09,495.73,5,Friday,6,0
Standard Class,High,Consumer,Africa,Office Supplies,16,0.35,1141.92,7,Sunday,6,1
Standard Class,Medium,Consumer,Africa,Furniture,16,0.24,786.97,4,Wednesday,1,1
Second Class,Medium,Consumer,Europe,Apparel,2,0.09,528.88,6,Thursday,11,0
Same Day,Low,Consumer,Europe,Furniture,14,0.04,597.72,3,Thursday,7,0
Standard Class,Low,Consumer,LATAM,Apparel,16,0.21,184.48,6,Wednesday,5,1
Standard Class,Medium,Consumer,LATAM,Furniture,14,0.19,125.12,7,Saturday,10,1
Second Class,Low,Home Office,LATAM,Office Supplies,6,0.37,318.25,1,Wednesday,4,0
Same Day,Medium,Consumer,LATAM,Grocery,18,0.09,374.73,2,Friday,5,0
First Class,Low,Home Office,Pacific Asia,Electronics,10,0.35,156.19,1,Friday,6,0
Second Class,Medium,Home Office,USCA,Grocery,15,0.31,832.77,6,Saturday,2,0
Standard Class,Medium,Consumer,LATAM,Furniture,18,0.19,1108.58,7,Sunday,6,0
Standard Class,Low,Corporate,Europe,Apparel,9,0.35,217.52,2,Sunday,9,1
Standard Class,Medium,Corporate,USCA,Office Supplies,16,0.34,1007.37,2,Tuesday,2,1
Second Class,Medium,Home Office,USCA,Electronics,16,0.29,365.01,2,Wednesday,6,1
Second Class,Low,Home Office,Pacific Asia,Electronics,2,0.04,732.21,7,Thursday,6,0
Same Day,Low,Corporate,Africa,Office Supplies,15,0.06,115.55,6,Friday,5,0
Standard Class,Low,Consumer,USCA,Furniture,19,0.24,294.77,5,Saturday,10,0
Standard Class,Low,Consumer,Pacific Asia,Electronics,11,0.1,198.11,5,Saturday,2,0
Standard Class,High,Home Office,Pacific Asia,Office Supplies,8,0.22,201.92,2,Friday,3,1
Second Class,Medium,Corporate,Pacific Asia,Furniture,10,0.22,1120.82,3,Friday,7,0
First Class,Low,Home Office,LATAM,Office Supplies,6,0.23,442.97,4,Wednesday,1,0
Standard Class,Low,Corporate,Africa,Electronics,19,0.23,243.34,6,Friday,2,1
Standard Class,Low,Consumer,LATAM,Grocery,3,0.15,213.84,3,Wednesday,10,0
Standard Class,Medium,Home Office,Europe,Electronics,18,0.08,810.79,5,Tuesday,2,0
Standard Class,Low,Home Office,Africa,Electronics,8,0.21,865.0,6,Wednesday,5,1
First Class,Medium,Consumer,LATAM,Grocery,9,0.2,1175.91,6,Thursday,7,0
Standard Class,Low,Consumer,Africa,Furniture,5,0.11,755.03,2,Sunday,3,1
First Class,High,Corporate,Europe,Office Supplies,5,0.02,555.98,5,Saturday,11,0
Second Class,Low,Corporate,LATAM,Furniture,15,0.08,276.74,4,Monday,7,0
First Class,Medium,Consumer,Africa,Furniture,2,0.22,56.81,1,Monday,4,0
Standard Class,Medium,Consumer,Europe,Office Supplies,13,0.21,1058.14,1,Monday,5,1
First Class,Medium,Corporate,Pacific Asia,Furniture,12,0.05,948.74,3,Saturday,10,0
Standard Class,High,Consumer,Africa,Apparel,3,0.24,957.44,6,Wednesday,11,1
Standard Class,Medium,Consumer,Europe,Electronics,5,0.17,393.24,7,Wednesday,1,0
Standard Class,Medium,Corporate,Pacific Asia,Apparel,18,0.26,435.53,2,Thursday,3,1
Standard Class,Medium,Home Office,Europe,Office Supplies,11,0.36,942.54,7,Friday,3,0
Standard Class,Critical,Corporate,USCA,Grocery,16,0.12,828.2,7,Tuesday,4,1
Standard Class,Medium,Corporate,Europe,Grocery,9,0.14,783.03,5,Tuesday,1,0
Same Day,High,Corporate,LATAM,Office Supplies,9,0.27,670.09,3,Monday,11,0
Standard Class,Low,Corporate,LATAM,Office Supplies,12,0.38,448.35,3,Wednesday,3,0
First Class,Medium,Consumer,LATAM,Furniture,11,0.19,892.1,3,Wednesday,6,0
Same Day,High,Consumer,LATAM,Electronics,1,0.07,439.48,4,Saturday,5,0
Standard Class,Low,Consumer,USCA,Apparel,6,0.37,884.3,7,Thursday,7,0
Second Class,Critical,Home Office,USCA,Office Supplies,13,0.19,236.61,7,Monday,2,0
Standard Class,Low,Home Office,USCA,Grocery,2,0.18,712.65,6,Wednesday,9,0
Standard Class,High,Corporate,Pacific Asia,Electronics,18,0.22,435.21,7,Thursday,5,0
Standard Class,Medium,Home Office,Africa,Electronics,16,0.1,996.01,3,Wednesday,12,1
Same Day,Low,Home Office,LATAM,Furniture,10,0.31,627.25,2,Saturday,10,0
Standard Class,High,Home Office,Africa,Grocery,17,0.26,752.58,4,Saturday,8,1
Second Class,Low,Consumer,LATAM,Electronics,16,0.38,109.08,1,Saturday,11,1
Standard Class,Low,Corporate,LATAM,Grocery,17,0.08,599.34,1,Sunday,1,1
First Class,Low,Corporate,LATAM,Apparel,15,0.25,939.07,1,Wednesday,12,0
Standard Class,Medium,Corporate,USCA,Grocery,3,0.21,1033.38,6,Sunday,10,0
Second Class,Critical,Consumer,Pacific Asia,Electronics,3,0.36,868.19,7,Monday,6,0
Second Class,Low,Corporate,LATAM,Grocery,9,0.01,508.1,7,Monday,8,0
Second Class,Medium,Consumer,LATAM,Grocery,5,0.3,316.4,2,Sunday,2,0
Same Day,Low,Home Office,LATAM,Grocery,17,0.25,473.09,6,Sunday,7,0
First Class,Medium,Corporate,Europe,Electronics,18,0.24,678.3,2,Saturday,11,0
Standard Class,Low,Consumer,LATAM,Apparel,16,0.35,16.9,4,Thursday,7,1
Standard Class,Low,Consumer,USCA,Grocery,9,0.24,1095.29,1,Saturday,12,1
Standard Class,Low,Corporate,USCA,Apparel,15,0.29,419.02,4,Saturday,2,1
Standard Class,Medium,Corporate,Africa,Electronics,9,0.26,958.2,1,Monday,10,1
Standard Class,High,Corporate,USCA,Office Supplies,13,0.03,646.03,1,Saturday,12,1
Standard Class,Medium,Corporate,Africa,Grocery,1,0.05,798.0,6,Wednesday,10,1
Standard Class,Low,Home Office,Pacific Asia,Apparel,16,0.14,913.8,1,Tuesday,3,1
Same Day,Medium,Consumer,Europe,Grocery,9,0.27,352.61,6,Friday,1,0
Standard Class,High,Corporate,USCA,Furniture,13,0.01,731.24,1,Tuesday,3,1
Same Day,Low,Home Office,LATAM,Furniture,14,0.31,904.46,7,Saturday,1,0
Standard Class,Low,Home Office,Pacific Asia,Electronics,11,0.08,927.4,4,Tuesday,8,0
Second Class,Low,Consumer,LATAM,Apparel,1,0.22,505.04,6,Monday,7,0
First Class,Medium,Consumer,Africa,Apparel,14,0.08,876.93,7,Tuesday,4,0
Standard Class,Medium,Consumer,Africa,Grocery,18,0.07,369.26,2,Friday,10,1
Standard Class,Medium,Home Office,Europe,Furniture,1,0.13,157.88,1,Monday,7,1
Standard Class,Low,Consumer,Pacific Asia,Grocery,1,0.37,144.38,3,Saturday,10,0
Standard Class,Low,Consumer,Africa,Grocery,17,0.1,611.79,5,Thursday,12,1
Same Day,Critical,Consumer,LATAM,Electronics,2,0.02,466.08,2,Friday,12,1
First Class,Low,Consumer,USCA,Office Supplies,16,0.35,286.61,7,Sunday,8,0
Standard Class,High,Corporate,USCA,Electronics,5,0.18,475.5,2,Sunday,2,1
Standard Class,Medium,Corporate,Pacific Asia,Electronics,5,0.25,500.09,4,Tuesday,7,0
Standard Class,Low,Corporate,Pacific Asia,Electronics,7,0.35,668.75,5,Sunday,7,0
Standard Class,Medium,Consumer,Africa,Grocery,4,0.3,78.93,4,Wednesday,3,1
Second Class,High,Consumer,USCA,Grocery,1,0.32,1090.55,2,Saturday,9,0
Standard Class,Medium,Home Office,Europe,Grocery,18,0.19,452.92,1,Saturday,10,1
Standard Class,High,Consumer,Europe,Grocery,10,0.27,742.3,6,Saturday,12,0
Standard Class,Low,Home Office,Europe,Furniture,7,0.39,374.62,6,Tuesday,11,0
Standard Class,Medium,Consumer,Europe,Apparel,11,0.36,916.39,6,Thursday,6,0
Second Class,High,Consumer,Africa,Furniture,1,0.24,555.85,1,Saturday,7,0
Standard Class,High,Consumer,LATAM,Apparel,6,0.03,392.94,4,Tuesday,10,0
Same Day,Medium,Home Office,Europe,Grocery,5,0.39,1156.93,2,Tuesday,7,0
First Class,Medium,Consumer,Africa,Furniture,13,0.09,1039.6,2,Sunday,1,1
Standard Class,Low,Corporate,Europe,Apparel,17,0.14,224.59,7,Tuesday,1,0
Standard Class,Low,Corporate,Europe,Office Supplies,18,0.06,843.76,6,Sunday,2,0
First Class,Low,Consumer,LATAM,Electronics,7,0.07,907.64,7,Saturday,12,0
Same Day,Low,Consumer,Europe,Apparel,6,0.32,51.12,2,Wednesday,12,0
First Class,Low,Home Office,Africa,Furniture,7,0.05,1153.55,3,Tuesday,10,0
Standard Class,Low,Consumer,Africa,Furniture,12,0.08,287.24,6,Saturday,1,1
Same Day,Critical,Corporate,USCA,Office Supplies,6,0.07,1090.97,1,Wednesday,5,1
Standard Class,Medium,Home Office,Pacific Asia,Apparel,16,0.15,788.34,4,Thursday,2,0
Second Class,Medium,Consumer,Europe,Electronics,8,0.28,619.41,6,Tuesday,4,0
Same Day,Critical,Consumer,Europe,Furniture,15,0.26,945.15,4,Saturday,7,1
Standard Class,Low,Consumer,Africa,Grocery,9,0.29,813.28,1,Tuesday,5,1
Same Day,Medium,Consumer,Europe,Grocery,13,0.29,890.9,4,Tuesday,4,0
Standard Class,Medium,Consumer,Africa,Apparel,12,0.0,1030.91,4,Wednesday,11,1
Same Day,Low,Corporate,USCA,Office Supplies,14,0.27,570.71,4,Thursday,4,0
Standard Class,Medium,Corporate,Europe,Electronics,8,0.27,516.62,7,Tuesday,1,0
Same Day,Low,Corporate,USCA,Apparel,15,0.02,1080.74,7,Thursday,1,0
Standard Class,Low,Home Office,USCA,Apparel,4,0.17,959.45,4,Wednesday,8,0
Second Class,Low,Consumer,Pacific Asia,Electronics,9,0.03,32.9,6,Thursday,3,0
Standard Class,High,Consumer,Africa,Furniture,6,0.08,788.04,7,Sunday,6,1
Standard Class,Medium,Consumer,USCA,Grocery,6,0.2,1085.65,4,Sunday,9,0
Standard Class,Medium,Consumer,Africa,Furniture,2,0.0,823.46,2,Monday,1,1
Second Class,Medium,Consumer,Pacific Asia,Office Supplies,7,0.04,668.59,3,Thursday,5,0
Standard Class,Low,Consumer,Africa,Electronics,1,0.03,219.31,7,Wednesday,5,1
Second Class,Medium,Home Office,Pacific Asia,Furniture,9,0.05,1141.19,5,Monday,1,0
Standard Class,Medium,Home Office,Europe,Apparel,5,0.02,755.36,6,Tuesday,4,0
Same Day,Low,Consumer,Pacific Asia,Apparel,9,0.24,130.22,6,Wednesday,3,0
Standard Class,Medium,Home Office,Pacific Asia,Office Supplies,13,0.07,1113.9,2,Monday,4,1
Standard Class,Low,Home Office,Pacific Asia,Office Supplies,1,0.35,624.76,2,Saturday,10,1
Standard Class,Low,Consumer,LATAM,Electronics,15,0.35,197.1,6,Tuesday,6,1
Standard Class,High,Consumer,USCA,Furniture,17,0.28,279.58,2,Wednesday,9,1
Standard Class,Medium,Home Office,Africa,Apparel,8,0.03,1161.7,2,Sunday,9,1
Standard Class,Medium,Corporate,Africa,Electronics,15,0.36,529.59,4,Sunday,2,1
First Class,Medium,Home Office,LATAM,Electronics,19,0.17,509.41,5,Monday,7,0
Second Class,Low,Consumer,Europe,Apparel,11,0.07,588.54,5,Wednesday,5,0
Second Class,Medium,Consumer,USCA,Furniture,8,0.31,843.62,7,Tuesday,4,0
Standard Class,Medium,Consumer,USCA,Grocery,6,0.14,444.37,4,Wednesday,8,0
Second Class,Medium,Home Office,USCA,Office Supplies,6,0.2,511.04,6,Tuesday,1,0
Standard Class,Critical,Consumer,USCA,Furniture,8,0.3,897.88,4,Sunday,3,1
First Class,Critical,Consumer,LATAM,Grocery,19,0.04,558.82,5,Wednesday,12,0
Standard Class,Medium,Corporate,Africa,Grocery,9,0.07,859.15,2,Monday,3,1
Standard Class,High,Consumer,Europe,Apparel,6,0.39,1155.04,7,Saturday,3,0
Standard Class,Medium,Consumer,Europe,Grocery,5,0.29,1155.4,4,Sunday,5,0
First Class,Medium,Corporate,Europe,Office Supplies,16,0.09,541.94,2,Monday,4,0
Standard Class,Low,Consumer,LATAM,Electronics,7,0.23,288.72,2,Sunday,6,1
Second Class,Medium,Consumer,LATAM,Furniture,1,0.08,308.97,6,Saturday,8,0
Standard Class,High,Consumer,Pacific Asia,Office Supplies,10,0.35,984.87,4,Wednesday,9,0
Second Class,High,Corporate,LATAM,Grocery,19,0.18,104.87,4,Monday,8,0
Same Day,High,Consumer,USCA,Electronics,5,0.32,58.09,6,Thursday,8,0
Standard Class,Low,Consumer,Africa,Electronics,19,0.39,820.89,5,Saturday,12,1
Standard Class,Low,Corporate,Europe,Grocery,19,0.39,1093.03,4,Wednesday,4,1
Same Day,Low,Consumer,LATAM,Office Supplies,9,0.06,284.66,1,Wednesday,9,0
Standard Class,Low,Consumer,Africa,Grocery,3,0.38,74.95,6,Monday,6,1
Standard Class,Medium,Corporate,USCA,Furniture,9,0.11,1075.39,2,Sunday,1,1
Second Class,Low,Consumer,LATAM,Electronics,19,0.14,431.45,2,Thursday,9,0
Second Class,Medium,Consumer,LATAM,Apparel,16,0.03,664.17,6,Tuesday,10,0
Standard Class,Medium,Corporate,Africa,Electronics,2,0.26,1005.13,3,Thursday,7,1
First Class,Low,Corporate,USCA,Grocery,8,0.26,307.5,2,Tuesday,8,0
Standard Class,Low,Corporate,LATAM,Grocery,14,0.31,725.45,1,Saturday,5,1
Standard Class,High,Consumer,Africa,Apparel,6,0.38,1189.9,2,Thursday,9,1
First Class,Low,Consumer,USCA,Apparel,12,0.17,892.16,6,Monday,9,0
Standard Class,Low,Corporate,LATAM,Electronics,1,0.16,482.84,7,Sunday,4,0
Standard Class,High,Consumer,LATAM,Grocery,18,0.26,923.94,2,Saturday,3,1
Second Class,Critical,Consumer,Europe,Electronics,7,0.27,35.91,3,Monday,7,0
First Class,Medium,Corporate,Pacific Asia,Office Supplies,12,0.18,266.25,2,Tuesday,9,0
First Class,Low,Consumer,USCA,Grocery,12,0.37,896.17,1,Wednesday,2,0
Same Day,Low,Corporate,Africa,Electronics,6,0.02,322.06,4,Friday,1,0
First Class,Critical,Consumer,Europe,Grocery,2,0.3,160.08,7,Saturday,9,0
Standard Class,High,Consumer,LATAM,Grocery,11,0.08,359.03,4,Tuesday,3,0
Standard Class,Medium,Home Office,Africa,Furniture,16,0.2,213.89,2,Monday,10,1
First Class,Low,Consumer,Europe,Electronics,1,0.34,510.57,6,Sunday,10,0
Standard Class,Low,Corporate,Europe,Grocery,6,0.13,158.2,4,Monday,1,0
Second Class,Low,Consumer,Pacific Asia,Apparel,10,0.36,1006.87,5,Monday,5,0
Second Class,Medium,Consumer,Europe,Apparel,9,0.18,938.17,5,Monday,2,0
Standard Class,Low,Consumer,USCA,Furniture,10,0.28,375.3,1,Saturday,12,1
Same Day,Critical,Consumer,Pacific Asia,Grocery,18,0.29,628.71,2,Thursday,9,1
Standard Class,Low,Home Office,Pacific Asia,Electronics,18,0.1,1027.49,4,Monday,8,0
Standard Class,Medium,Home Office,LATAM,Electronics,9,0.36,1115.54,4,Tuesday,9,0
Same Day,Low,Corporate,LATAM,Apparel,13,0.05,118.39,1,Tuesday,2,0
Standard Class,Medium,Home Office,USCA,Office Supplies,10,0.24,869.2,5,Wednesday,9,0
Standard Class,Low,Corporate,Africa,Grocery,9,0.37,171.2,7,Friday,11,1
Standard Class,High,Consumer,USCA,Furniture,4,0.01,33.84,7,Wednesday,5,0
First Class,Medium,Consumer,Pacific Asia,Furniture,15,0.21,103.94,2,Friday,3,0
First Class,Low,Corporate,LATAM,Grocery,8,0.1,695.3,5,Wednesday,12,0
First Class,High,Consumer,USCA,Grocery,2,0.08,458.77,1,Tuesday,3,0
Second Class,Medium,Consumer,LATAM,Furniture,4,0.09,151.22,2,Wednesday,12,0
Standard Class,High,Home Office,USCA,Furniture,6,0.36,574.45,1,Tuesday,8,1
First Class,High,Consumer,USCA,Electronics,7,0.17,614.8,1,Sunday,12,0
First Class,High,Consumer,Europe,Furniture,13,0.09,947.0,7,Friday,4,0
Standard Class,Low,Consumer,USCA,Apparel,5,0.37,799.76,4,Saturday,10,0
Standard Class,Low,Corporate,LATAM,Furniture,4,0.13,564.5,5,Saturday,9,0
Same Day,Critical,Consumer,USCA,Furniture,6,0.29,395.96,1,Tuesday,5,1
First Class,Medium,Corporate,Africa,Apparel,5,0.21,12.39,6,Tuesday,12,0
First Class,Low,Consumer,Europe,Apparel,5,0.27,1000.13,1,Wednesday,10,0
First Class,High,Corporate,USCA,Grocery,7,0.07,327.71,6,Wednesday,1,0
Standard Class,Low,Consumer,Africa,Furniture,5,0.27,263.73,2,Sunday,8,1
Second Class,Medium,Home Office,LATAM,Apparel,4,0.36,884.17,2,Monday,8,0
Standard Class,High,Consumer,Africa,Electronics,9,0.04,95.26,5,Sunday,10,1
Standard Class,High,Corporate,Europe,Office Supplies,5,0.13,322.52,5,Sunday,10,0
Second Class,Low,Corporate,LATAM,Apparel,2,0.39,527.72,6,Friday,9,0
Standard Class,Medium,Consumer,USCA,Office Supplies,17,0.09,535.48,7,Friday,12,0
Second Class,Medium,Consumer,USCA,Furniture,19,0.02,197.84,5,Friday,12,0
Standard Class,Medium,Corporate,Africa,Electronics,7,0.02,57.74,7,Monday,11,1
Standard Class,Low,Corporate,USCA,Electronics,17,0.11,569.94,6,Tuesday,4,0
Standard Class,Medium,Consumer,LATAM,Grocery,17,0.2,435.38,7,Sunday,12,0
Standard Class,Medium,Consumer,LATAM,Grocery,16,0.11,348.97,6,Monday,12,0
Standard Class,Medium,Consumer,USCA,Furniture,8,0.11,332.05,4,Sunday,2,0
Standard Class,High,Consumer,Africa,Apparel,19,0.33,609.97,4,Wednesday,2,1
Same Day,Medium,Consumer,USCA,Electronics,18,0.31,35.78,1,Saturday,11,1
Standard Class,Low,Home Office,Pacific Asia,Furniture,13,0.12,136.24,2,Tuesday,9,1
Standard Class,Medium,Consumer,USCA,Furniture,14,0.14,396.99,7,Friday,9,1
Second Class,High,Consumer,Europe,Apparel,18,0.39,580.98,4,Saturday,4,0
Second Class,Low,Corporate,USCA,Electronics,13,0.38,835.65,3,Tuesday,7,0
Standard Class,Medium,Home Office,Pacific Asia,Electronics,10,0.39,358.8,5,Wednesday,8,0
First Class,Low,Consumer,Europe,Electronics,14,0.38,803.78,2,Saturday,1,1
First Class,Low,Consumer,Africa,Grocery,10,0.25,470.71,6,Sunday,6,0
Standard Class,High,Consumer,Europe,Electronics,6,0.12,931.92,1,Thursday,8,1
Standard Class,High,Consumer,LATAM,Office Supplies,17,0.39,581.94,2,Sunday,2,1
Same Day,Medium,Consumer,Pacific Asia,Apparel,17,0.3,654.25,2,Saturday,2,1
First Class,Medium,Consumer,LATAM,Electronics,11,0.28,527.73,1,Wednesday,8,0
Second Class,High,Consumer,LATAM,Apparel,19,0.32,168.14,4,Friday,8,0
Standard Class,Critical,Home Office,Europe,Apparel,13,0.24,213.69,3,Wednesday,10,1
Standard Class,Medium,Consumer,Europe,Office Supplies,12,0.23,486.59,6,Sunday,1,0
Second Class,Medium,Consumer,LATAM,Electronics,12,0.14,127.6,4,Sunday,9,0
Standard Class,Medium,Home Office,Africa,Apparel,4,0.06,176.83,6,Monday,2,1
Standard Class,Low,Corporate,USCA,Electronics,16,0.18,752.24,5,Monday,1,0
Second Class,Medium,Consumer,USCA,Office Supplies,1,0.21,763.56,6,Monday,2,0
Standard Class,High,Consumer,Pacific Asia,Grocery,14,0.35,161.65,3,Monday,10,1
First Class,High,Home Office,Europe,Grocery,13,0.16,1026.04,3,Wednesday,6,0
First Class,High,Consumer,USCA,Grocery,7,0.35,1029.5,4,Friday,8,0
Standard Class,Low,Corporate,Africa,Grocery,6,0.13,461.88,4,Sunday,10,1
First Class,Medium,Home Office,Pacific Asia,Furniture,1,0.38,602.57,5,Thursday,7,0
Standard Class,Low,Consumer,Europe,Apparel,19,0.02,963.84,5,Friday,1,0
First Class,Low,Corporate,USCA,Furniture,1,0.21,917.62,6,Monday,2,0
Standard Class,High,Home Office,LATAM,Electronics,15,0.13,441.67,2,Thursday,5,1
Standard Class,Medium,Corporate,Africa,Grocery,12,0.12,387.35,1,Monday,11,1
Second Class,High,Consumer,Africa,Electronics,15,0.03,800.57,4,Friday,9,0
Standard Class,Low,Home Office,Europe,Office Supplies,3,0.27,442.59,6,Sunday,2,0
Same Day,Medium,Corporate,Africa,Apparel,10,0.16,830.45,1,Friday,6,1
Standard Class,Medium,Corporate,Europe,Office Supplies,1,0.38,164.25,4,Friday,7,0
Standard Class,Low,Corporate,Africa,Apparel,1,0.28,809.73,7,Monday,11,1
Standard Class,Low,Consumer,USCA,Office Supplies,16,0.18,944.32,7,Monday,8,1
Standard Class,Low,Consumer,Europe,Office Supplies,5,0.25,1086.48,3,Thursday,2,0
Standard Class,Medium,Consumer,Africa,Apparel,5,0.03,552.86,6,Sunday,7,0
Second Class,Critical,Consumer,USCA,Electronics,11,0.24,676.76,5,Sunday,1,0
First Class,High,Consumer,USCA,Office Supplies,11,0.27,353.8,3,Thursday,1,0
First Class,Critical,Consumer,USCA,Apparel,12,0.04,189.09,4,Tuesday,1,0
Same Day,High,Consumer,Europe,Apparel,18,0.27,216.0,6,Saturday,2,0
Standard Class,High,Home Office,Europe,Office Supplies,14,0.19,1015.04,5,Tuesday,10,0
Second Class,Medium,Corporate,Africa,Electronics,1,0.19,654.35,2,Monday,3,0
Standard Class,Medium,Corporate,LATAM,Grocery,8,0.29,457.81,7,Monday,6,0
Second Class,Medium,Consumer,LATAM,Furniture,3,0.18,1038.1,5,Tuesday,5,0
Standard Class,High,Consumer,Pacific Asia,Grocery,18,0.09,145.42,5,Friday,2,0
Same Day,Low,Consumer,LATAM,Office Supplies,2,0.12,717.14,6,Saturday,1,0
Second Class,Low,Corporate,LATAM,Office Supplies,9,0.3,950.99,4,Tuesday,2,0
Same Day,High,Corporate,Africa,Apparel,19,0.03,158.65,1,Wednesday,5,1
First Class,Low,Consumer,Europe,Electronics,12,0.34,153.45,5,Sunday,11,0
Same Day,Critical,Corporate,LATAM,Electronics,11,0.23,49.71,4,Saturday,12,0
First Class,Medium,Corporate,Pacific Asia,Office Supplies,1,0.29,1130.93,6,Sunday,6,0
Standard Class,Low,Corporate,Africa,Electronics,16,0.14,833.7,5,Sunday,12,1
Standard Class,Medium,Consumer,USCA,Furniture,1,0.09,95.01,4,Saturday,3,0
Standard Class,High,Corporate,USCA,Electronics,9,0.32,808.8,3,Wednesday,8,0
Standard Class,Low,Corporate,Pacific Asia,Electronics,5,0.04,371.3,7,Tuesday,1,0
Standard Class,High,Consumer,Europe,Apparel,5,0.07,140.11,6,Sunday,1,0
Standard Class,High,Consumer,USCA,Office Supplies,8,0.11,1190.74,7,Monday,4,0
Standard Class,Low,Consumer,Europe,Electronics,14,0.14,224.06,4,Wednesday,12,1
Same Day,Low,Consumer,LATAM,Office Supplies,4,0.08,960.26,3,Sunday,4,0
Same Day,Low,Consumer,LATAM,Electronics,12,0.37,1058.87,3,Thursday,11,0
Standard Class,Low,Consumer,LATAM,Electronics,2,0.01,641.09,1,Wednesday,2,1
Standard Class,Low,Consumer,USCA,Electronics,6,0.32,1171.44,7,Monday,6,0
Standard Class,Medium,Consumer,USCA,Apparel,14,0.16,152.64,3,Thursday,12,0
Standard Class,Low,Consumer,Europe,Electronics,13,0.33,1153.43,4,Wednesday,9,1
First Class,High,Corporate,Europe,Grocery,3,0.32,94.08,1,Saturday,1,0
Standard Class,Low,Home Office,Pacific Asia,Furniture,19,0.05,578.03,7,Thursday,2,0
Second Class,Medium,Consumer,LATAM,Electronics,5,0.27,1027.48,1,Saturday,7,0
First Class,Medium,Consumer,Africa,Grocery,18,0.15,668.3,1,Monday,10,1
First Class,High,Home Office,Africa,Office Supplies,12,0.33,704.32,7,Monday,12,0
Standard Class,Medium,Corporate,LATAM,Apparel,11,0.34,201.57,3,Saturday,12,0
Second Class,Low,Consumer,Pacific Asia,Office Supplies,4,0.08,1181.37,4,Monday,7,0
Standard Class,High,Corporate,Europe,Apparel,12,0.19,285.04,5,Saturday,3,0
Standard Class,Low,Consumer,USCA,Office Supplies,19,0.24,1032.13,7,Tuesday,6,0
Standard Class,Low,Corporate,Pacific Asia,Office Supplies,7,0.22,1148.3,5,Friday,3,0
Standard Class,Medium,Home Office,Pacific Asia,Furniture,10,0.1,344.13,1,Saturday,4,1
Standard Class,High,Consumer,LATAM,Furniture,19,0.11,879.31,2,Tuesday,11,1
Standard Class,Low,Home Office,Europe,Furniture,1,0.34,105.65,7,Wednesday,11,0
Second Class,Medium,Consumer,Africa,Office Supplies,16,0.01,892.32,6,Thursday,4,0
First Class,Medium,Corporate,Africa,Apparel,4,0.1,586.36,6,Wednesday,8,0
Standard Class,High,Consumer,Africa,Furniture,12,0.09,150.34,5,Wednesday,4,0
Standard Class,Low,Corporate,Pacific Asia,Apparel,13,0.15,1074.62,4,Tuesday,11,1
First Class,Low,Consumer,USCA,Apparel,3,0.27,817.84,1,Monday,1,0
Standard Class,Medium,Corporate,Europe,Electronics,16,0.21,210.62,2,Friday,3,1
Same Day,Low,Corporate,USCA,Grocery,2,0.22,644.04,7,Monday,9,0
Second Class,Medium,Consumer,Africa,Office Supplies,9,0.29,397.79,4,Tuesday,6,0
Standard Class,Medium,Consumer,USCA,Grocery,6,0.32,855.57,6,Tuesday,11,0
Standard Class,High,Consumer,Pacific Asia,Office Supplies,10,0.06,756.68,2,Saturday,1,1
Standard Class,High,Corporate,LATAM,Apparel,17,0.04,235.56,7,Friday,9,1
Standard Class,High,Home Office,USCA,Grocery,5,0.12,298.11,5,Tuesday,3,0
Standard Class,Medium,Consumer,USCA,Electronics,12,0.33,848.41,2,Wednesday,2,1
Second Class,Critical,Corporate,USCA,Grocery,8,0.22,813.44,3,Sunday,7,0
Standard Class,Low,Consumer,Africa,Grocery,12,0.06,381.57,3,Sunday,4,1
Standard Class,Medium,Consumer,USCA,Electronics,12,0.07,579.11,7,Saturday,3,0
Second Class,Medium,Consumer,Europe,Electronics,10,0.36,565.96,1,Saturday,4,0
Standard Class,High,Corporate,Pacific Asia,Furniture,13,0.15,158.09,7,Tuesday,6,0
Standard Class,Medium,Home Office,Europe,Office Supplies,1,0.1,749.06,6,Sunday,12,0
Standard Class,High,Home Office,Europe,Apparel,2,0.28,324.68,7,Tuesday,8,0
Standard Class,High,Consumer,Africa,Grocery,15,0.34,557.28,3,Friday,6,1
Second Class,Medium,Corporate,USCA,Grocery,10,0.18,95.4,2,Monday,6,0
Standard Class,High,Consumer,Pacific Asia,Apparel,1,0.32,740.71,3,Wednesday,4,0
First Class,Low,Consumer,Pacific Asia,Electronics,18,0.17,1009.12,6,Tuesday,11,0
Standard Class,Low,Consumer,Pacific Asia,Electronics,1,0.28,687.82,1,Sunday,1,1
Standard Class,Critical,Consumer,USCA,Grocery,12,0.23,720.2,5,Tuesday,1,1
Standard Class,Medium,Corporate,Pacific Asia,Grocery,8,0.36,811.24,7,Saturday,11,0
Second Class,Medium,Consumer,Pacific Asia,Apparel,9,0.13,243.64,1,Sunday,10,0
Standard Class,Low,Home Office,LATAM,Apparel,2,0.31,91.86,1,Monday,4,1
Standard Class,Low,Consumer,LATAM,Office Supplies,16,0.27,1026.26,7,Thursday,6,1
Second Class,Low,Consumer,Pacific Asia,Electronics,14,0.34,1017.46,2,Thursday,3,1
Standard Class,Medium,Consumer,Europe,Furniture,1,0.24,658.13,6,Wednesday,1,0
Standard Class,Low,Consumer,USCA,Furniture,14,0.18,244.51,6,Friday,4,0
Second Class,Low,Home Office,Europe,Apparel,17,0.02,982.52,2,Tuesday,1,0
Standard Class,Medium,Consumer,Europe,Office Supplies,6,0.34,272.09,4,Sunday,5,0
Second Class,Medium,Home Office,USCA,Grocery,8,0.36,1034.49,6,Friday,10,0
Standard Class,Low,Consumer,USCA,Apparel,18,0.18,514.28,3,Wednesday,4,0
Second Class,Medium,Consumer,Africa,Apparel,8,0.09,78.41,5,Wednesday,9,0
Second Class,High,Consumer,Africa,Apparel,8,0.26,982.08,4,Monday,8,0
Standard Class,Medium,Home Office,Africa,Furniture,2,0.05,677.15,2,Saturday,10,1
Second Class,High,Consumer,Pacific Asia,Apparel,16,0.02,388.85,5,Friday,5,0
First Class,High,Home Office,Pacific Asia,Office Supplies,13,0.12,548.99,2,Saturday,1,0
Standard Class,Low,Consumer,Pacific Asia,Furniture,14,0.27,1064.58,7,Tuesday,6,1
Standard Class,Low,Consumer,Africa,Office Supplies,7,0.33,251.76,3,Wednesday,6,1
First Class,Medium,Corporate,USCA,Furniture,3,0.06,133.51,1,Friday,3,0
Second Class,Medium,Consumer,Pacific Asia,Office Supplies,8,0.38,943.9,5,Sunday,10,0
Standard Class,Medium,Consumer,USCA,Electronics,1,0.22,749.8,5,Saturday,10,0
First Class,Low,Home Office,Africa,Electronics,17,0.37,1045.26,4,Sunday,4,0
Standard Class,Medium,Consumer,USCA,Furniture,8,0.06,382.96,5,Tuesday,8,0
Second Class,Low,Corporate,Pacific Asia,Electronics,6,0.18,677.89,7,Sunday,3,0
First Class,Critical,Consumer,USCA,Grocery,19,0.17,60.48,5,Monday,5,0
Same Day,Low,Consumer,Africa,Office Supplies,11,0.16,1017.55,2,Wednesday,1,1
Standard Class,High,Consumer,Pacific Asia,Furniture,8,0.37,237.51,3,Sunday,6,0
Second Class,Low,Corporate,Pacific Asia,Electronics,8,0.34,146.4,4,Wednesday,11,0
Standard Class,Low,Corporate,Africa,Furniture,10,0.32,586.62,2,Friday,8,1
Standard Class,Low,Corporate,Europe,Grocery,10,0.11,896.45,4,Saturday,5,0
Standard Class,Critical,Corporate,LATAM,Furniture,13,0.14,259.62,4,Sunday,5,1
Second Class,Low,Consumer,Africa,Furniture,3,0.1,287.83,3,Thursday,4,0
Standard Class,Medium,Consumer,USCA,Apparel,17,0.32,385.56,3,Tuesday,5,1
Standard Class,High,Consumer,Europe,Apparel,15,0.16,975.2,6,Saturday,2,0
Second Class,Medium,Corporate,Africa,Apparel,6,0.39,899.35,7,Tuesday,8,0
Second Class,Low,Corporate,LATAM,Apparel,17,0.15,331.13,1,Thursday,7,0
First Class,Critical,Consumer,Pacific Asia,Office Supplies,1,0.07,313.61,2,Tuesday,4,1
Same Day,High,Consumer,LATAM,Grocery,3,0.37,1088.66,3,Sunday,12,0
Standard Class,Medium,Corporate,LATAM,Furniture,8,0.31,741.63,4,Wednesday,6,0
Same Day,Medium,Home Office,Africa,Grocery,8,0.23,277.73,4,Friday,10,0
First Class,Critical,Corporate,Pacific Asia,Furniture,11,0.34,177.06,4,Tuesday,10,0
Standard Class,Critical,Consumer,Pacific Asia,Apparel,16,0.38,88.72,7,Saturday,5,1
Standard Class,Medium,Corporate,LATAM,Office Supplies,1,0.34,303.16,2,Sunday,11,1
Standard Class,High,Corporate,Africa,Furniture,11,0.36,866.84,6,Tuesday,6,1
Standard Class,Low,Consumer,Pacific Asia,Furniture,17,0.11,452.27,5,Tuesday,11,0
Second Class,Low,Corporate,Pacific Asia,Electronics,13,0.2,1158.38,1,Saturday,9,0
Second Class,Low,Consumer,USCA,Office Supplies,2,0.32,395.87,4,Thursday,9,0
Second Class,Low,Consumer,LATAM,Office Supplies,5,0.21,188.74,1,Sunday,1,0
Standard Class,Medium,Home Office,Europe,Office Supplies,12,0.26,220.15,5,Tuesday,3,0
Standard Class,Medium,Home Office,LATAM,Grocery,15,0.37,591.26,1,Monday,7,1
First Class,Low,Consumer,Africa,Apparel,7,0.12,1125.58,2,Monday,12,1
Standard Class,Medium,Consumer,Pacific Asia,Electronics,6,0.22,1081.33,2,Saturday,2,1
Same Day,Low,Corporate,Pacific Asia,Grocery,5,0.23,228.15,6,Thursday,1,0
Standard Class,Critical,Consumer,USCA,Apparel,15,0.14,907.84,6,Sunday,3,1
Same Day,High,Consumer,Pacific Asia,Furniture,3,0.15,905.33,4,Saturday,10,0
Standard Class,Low,Consumer,Pacific Asia,Electronics,9,0.31,206.71,1,Sunday,8,1
Standard Class,High,Corporate,Europe,Grocery,17,0.37,364.85,3,Wednesday,4,1
Standard Class,Low,Consumer,LATAM,Electronics,14,0.25,100.49,5,Wednesday,12,0
Second Class,Medium,Corporate,Pacific Asia,Apparel,7,0.2,99.08,2,Thursday,5,0
First Class,Critical,Consumer,Africa,Grocery,15,0.3,536.1,2,Tuesday,6,1
Standard Class,Low,Home Office,Europe,Grocery,7,0.4,585.99,5,Tuesday,8,0
Same Day,Medium,Home Office,Europe,Electronics,13,0.03,48.97,3,Sunday,3,0
Second Class,Low,Corporate,USCA,Furniture,14,0.26,1159.81,3,Thursday,3,0
Second Class,Low,Consumer,Africa,Furniture,11,0.22,588.71,4,Saturday,8,0
First Class,Medium,Consumer,Europe,Furniture,18,0.24,947.53,5,Monday,10,0
Standard Class,Critical,Corporate,LATAM,Apparel,13,0.01,765.57,6,Tuesday,11,1
Standard Class,Medium,Home Office,Africa,Electronics,12,0.38,746.98,3,Friday,9,1
Same Day,High,Consumer,LATAM,Apparel,2,0.03,370.73,3,Saturday,7,0
Same Day,High,Consumer,USCA,Apparel,10,0.12,1065.66,2,Wednesday,4,0
Same Day,Low,Consumer,USCA,Furniture,11,0.12,366.69,1,Wednesday,3,0
Same Day,Medium,Consumer,Pacific Asia,Furniture,16,0.29,1142.3,5,Monday,11,0
Standard Class,Medium,Consumer,LATAM,Furniture,17,0.27,56.9,5,Wednesday,11,1
First Class,Medium,Home Office,LATAM,Electronics,14,0.02,146.49,2,Saturday,3,0
Standard Class,Low,Consumer,USCA,Electronics,13,0.06,874.61,7,Wednesday,9,0
Same Day,Critical,Consumer,LATAM,Furniture,17,0.13,734.35,4,Sunday,12,0
Standard Class,High,Home Office,Africa,Apparel,5,0.28,863.31,2,Saturday,11,1
Second Class,Medium,Consumer,Pacific Asia,Electronics,4,0.37,773.52,7,Monday,11,0
Standard Class,Medium,Home Office,Pacific Asia,Grocery,11,0.13,637.37,4,Sunday,10,0
Standard Class,Low,Consumer,Africa,Apparel,17,0.21,47.11,7,Monday,6,1
Standard Class,Medium,Home Office,Europe,Apparel,3,0.15,972.61,1,Monday,11,1
First Class,High,Consumer,LATAM,Office Supplies,2,0.23,617.08,2,Tuesday,9,0
First Class,High,Home Office,Europe,Electronics,1,0.25,135.92,5,Wednesday,1,0
Standard Class,Low,Consumer,Europe,Grocery,18,0.21,239.06,7,Sunday,9,0
First Class,Medium,Consumer,LATAM,Electronics,16,0.16,797.78,3,Tuesday,7,0
Second Class,Medium,Consumer,USCA,Apparel,11,0.35,101.65,1,Thursday,5,0
Standard Class,Low,Consumer,LATAM,Electronics,7,0.32,1044.68,2,Friday,6,1
Standard Class,Low,Consumer,USCA,Apparel,5,0.4,950.98,6,Friday,3,0
First Class,Medium,Home Office,Africa,Grocery,18,0.17,374.52,6,Thursday,9,0
Second Class,Medium,Consumer,USCA,Apparel,4,0.02,1061.38,5,Thursday,10,0
Standard Class,Low,Corporate,Europe,Furniture,8,0.26,1063.36,5,Friday,1,0
Second Class,Low,Consumer,Europe,Apparel,6,0.31,1007.03,7,Wednesday,10,0
Standard Class,Low,Home Office,Europe,Furniture,1,0.37,376.11,6,Sunday,12,0
Standard Class,Low,Corporate,USCA,Grocery,7,0.0,790.48,5,Friday,3,0
Standard Class,Medium,Home Office,Europe,Grocery,6,0.35,547.19,3,Monday,12,0
Standard Class,Low,Consumer,Pacific Asia,Apparel,1,0.21,651.27,5,Saturday,5,0
Second Class,Low,Consumer,LATAM,Furniture,7,0.15,497.53,3,Tuesday,5,0
Same Day,High,Consumer,Europe,Apparel,14,0.09,14.75,2,Saturday,7,0
Standard Class,Low,Corporate,USCA,Grocery,6,0.33,21.87,7,Saturday,5,0
Standard Class,Medium,Corporate,Europe,Furniture,10,0.15,929.69,4,Thursday,9,0
Second Class,Critical,Corporate,USCA,Office Supplies,18,0.24,1136.2,1,Friday,7,1
First Class,Medium,Consumer,LATAM,Office Supplies,16,0.2,283.23,1,Friday,1,0
Second Class,Medium,Corporate,USCA,Grocery,12,0.11,657.74,2,Monday,8,0
First Class,Medium,Home Office,LATAM,Furniture,11,0.32,374.19,2,Wednesday,12,0
Standard Class,Low,Consumer,Europe,Apparel,8,0.12,578.28,5,Monday,7,0
First Class,Medium,Consumer,Pacific Asia,Grocery,15,0.31,150.6,5,Tuesday,8,0
Standard Class,Medium,Corporate,Europe,Grocery,12,0.16,873.23,2,Friday,4,1
Standard Class,Low,Consumer,LATAM,Electronics,7,0.01,624.34,1,Sunday,9,1
Standard Class,Medium,Corporate,Africa,Apparel,16,0.31,377.38,2,Sunday,8,1
Standard Class,High,Corporate,Africa,Apparel,4,0.36,799.65,7,Friday,8,1
Same Day,Low,Home Office,Africa,Office Supplies,1,0.05,618.38,5,Tuesday,5,0
First Class,Medium,Home Office,Europe,Electronics,1,0.23,491.1,2,Sunday,5,0
Standard Class,Medium,Corporate,USCA,Apparel,15,0.03,644.5,5,Monday,10,0
Standard Class,High,Consumer,Pacific Asia,Apparel,14,0.33,1144.88,1,Tuesday,6,1
Standard Class,High,Consumer,Pacific Asia,Office Supplies,15,0.4,92.44,7,Sunday,3,1
Standard Class,High,Home Office,Europe,Electronics,2,0.2,1109.54,6,Friday,12,0
Second Class,Low,Corporate,LATAM,Electronics,16,0.13,160.34,7,Wednesday,4,0
Same Day,Low,Corporate,Europe,Furniture,5,0.34,255.58,7,Friday,5,0
Same Day,Low,Consumer,Africa,Grocery,11,0.21,1175.22,7,Saturday,1,0
Second Class,Medium,Consumer,LATAM,Furniture,11,0.18,973.95,4,Sunday,6,0
First Class,Medium,Consumer,Pacific Asia,Electronics,1,0.09,428.54,7,Sunday,5,0
Standard Class,Critical,Consumer,Europe,Office Supplies,2,0.25,491.62,1,Friday,10,1
Standard Class,Medium,Corporate,USCA,Furniture,1,0.24,365.95,6,Sunday,6,0
Standard Class,Medium,Corporate,USCA,Office Supplies,3,0.11,277.95,3,Friday,5,0
Second Class,Medium,Consumer,Pacific Asia,Electronics,1,0.08,82.44,5,Saturday,12,0
Second Class,Low,Corporate,LATAM,Office Supplies,17,0.18,50.07,2,Friday,7,0
Standard Class,Medium,Home Office,Africa,Furniture,2,0.18,606.9,2,Friday,2,1
Standard Class,Medium,Corporate,USCA,Electronics,14,0.05,640.83,5,Saturday,12,0
Standard Class,Critical,Corporate,USCA,Electronics,2,0.11,916.26,3,Wednesday,8,1
Same Day,Low,Consumer,Europe,Furniture,18,0.06,123.2,5,Friday,9,0
Standard Class,Critical,Home Office,Pacific Asia,Grocery,8,0.36,622.51,2,Thursday,4,1
First Class,Medium,Consumer,USCA,Furniture,8,0.03,1110.11,4,Saturday,4,0
First Class,Low,Home Office,Europe,Furniture,7,0.35,1024.66,3,Saturday,6,0
Standard Class,Low,Corporate,LATAM,Apparel,11,0.21,646.14,2,Thursday,10,1
Second Class,Low,Home Office,USCA,Electronics,7,0.27,169.02,7,Tuesday,12,0
First Class,Medium,Home Office,Pacific Asia,Apparel,7,0.37,195.7,7,Wednesday,12,0
Standard Class,Low,Corporate,Europe,Apparel,17,0.15,578.03,1,Tuesday,11,1
Same Day,Medium,Consumer,LATAM,Apparel,15,0.28,744.65,7,Sunday,11,0
Standard Class,Critical,Consumer,Europe,Office Supplies,7,0.27,1174.55,3,Friday,7,1
Standard Class,Medium,Consumer,Africa,Furniture,17,0.4,999.24,5,Tuesday,11,1
First Class,High,Consumer,Pacific Asia,Apparel,19,0.02,503.1,7,Thursday,5,0
First Class,Low,Consumer,Pacific Asia,Office Supplies,14,0.18,426.7,1,Thursday,4,0
Same Day,Medium,Corporate,USCA,Office Supplies,5,0.4,26.05,6,Friday,9,0
Second Class,Low,Consumer,Europe,Electronics,12,0.13,19.18,6,Sunday,7,0
Same Day,High,Consumer,LATAM,Furniture,12,0.39,574.58,4,Tuesday,5,0
First Class,Low,Home Office,USCA,Grocery,2,0.33,92.45,4,Monday,10,0
First Class,Medium,Corporate,Pacific Asia,Furniture,4,0.14,196.07,5,Monday,1,0
Second Class,Medium,Home Office,Europe,Office Supplies,2,0.01,1176.65,7,Tuesday,2,0
Standard Class,Medium,Consumer,LATAM,Furniture,5,0.11,863.52,6,Tuesday,7,0
Same Day,High,Corporate,Pacific Asia,Electronics,2,0.05,548.18,6,Wednesday,6,0
Standard Class,Low,Consumer,LATAM,Furniture,13,0.17,1030.88,7,Tuesday,10,0
Standard Class,Low,Consumer,Europe,Office Supplies,3,0.38,221.12,7,Monday,1,0
Standard Class,High,Corporate,LATAM,Office Supplies,15,0.21,473.29,5,Wednesday,8,0
Second Class,Medium,Consumer,USCA,Apparel,19,0.18,360.75,1,Saturday,2,0
Standard Class,Medium,Consumer,USCA,Office Supplies,16,0.09,1194.6,2,Saturday,4,1
Standard Class,Low,Corporate,Europe,Electronics,14,0.25,1082.31,7,Tuesday,4,0
First Class,High,Corporate,Pacific Asia,Office Supplies,4,0.18,636.04,3,Tuesday,7,0
Standard Class,Critical,Corporate,Africa,Furniture,17,0.31,514.61,3,Tuesday,9,1
Second Class,Medium,Consumer,Africa,Grocery,12,0.21,1197.75,1,Sunday,1,0
Standard Class,High,Consumer,Africa,Office Supplies,2,0.35,255.53,5,Sunday,12,1
Standard Class,Medium,Consumer,Pacific Asia,Electronics,14,0.31,495.38,5,Saturday,12,1
Standard Class,Low,Home Office,USCA,Electronics,3,0.06,857.0,2,Thursday,4,1
Second Class,Low,Home Office,USCA,Electronics,16,0.05,847.56,4,Sunday,11,0
Standard Class,Medium,Consumer,USCA,Electronics,8,0.01,693.35,7,Monday,10,0
Same Day,Medium,Consumer,Europe,Furniture,12,0.15,1142.75,4,Saturday,8,0
Standard Class,High,Corporate,USCA,Apparel,9,0.02,303.65,1,Saturday,2,1
Standard Class,Medium,Consumer,USCA,Grocery,1,0.18,686.67,7,Saturday,7,0
Standard Class,Critical,Home Office,USCA,Apparel,1,0.1,974.47,1,Friday,8,1
Standard Class,Medium,Corporate,Africa,Apparel,9,0.2,286.63,4,Tuesday,3,1
First Class,Medium,Consumer,LATAM,Apparel,15,0.06,1046.67,7,Thursday,12,0
First Class,Low,Consumer,USCA,Furniture,10,0.22,770.56,6,Friday,3,0
Second Class,Medium,Corporate,LATAM,Grocery,17,0.39,463.47,2,Thursday,6,1
Standard Class,High,Consumer,USCA,Office Supplies,2,0.25,780.75,2,Wednesday,3,1
Standard Class,Low,Corporate,Africa,Office Supplies,3,0.23,1114.39,1,Tuesday,7,1
Standard Class,Critical,Consumer,Africa,Grocery,10,0.32,1185.93,3,Monday,4,1
Same Day,Critical,Consumer,LATAM,Grocery,19,0.0,344.91,3,Wednesday,9,0
Standard Class,Medium,Corporate,Africa,Electronics,9,0.11,1091.8,4,Tuesday,1,1
Second Class,Low,Consumer,Europe,Apparel,18,0.39,55.92,5,Wednesday,4,0
Standard Class,Low,Consumer,Pacific Asia,Electronics,3,0.31,18.66,7,Saturday,7,0
Standard Class,Low,Consumer,Pacific Asia,Furniture,9,0.04,725.92,5,Monday,12,0
Standard Class,Low,Corporate,USCA,Furniture,11,0.13,583.16,3,Thursday,8,0
Standard Class,Medium,Corporate,Africa,Grocery,9,0.18,568.33,2,Friday,9,1
First Class,Low,Consumer,Pacific Asia,Furniture,5,0.37,288.54,4,Monday,4,0
Standard Class,Medium,Corporate,LATAM,Grocery,18,0.23,720.98,7,Tuesday,9,0
Second Class,Low,Consumer,LATAM,Office Supplies,12,0.03,30.16,7,Tuesday,7,0
Standard Class,Low,Consumer,LATAM,Apparel,17,0.2,526.24,7,Monday,1,1
Same Day,Medium,Corporate,USCA,Furniture,17,0.12,446.66,1,Saturday,11,0
Standard Class,Critical,Corporate,Pacific Asia,Electronics,16,0.14,239.73,7,Saturday,10,1
First Class,Medium,Consumer,Pacific Asia,Furniture,14,0.05,617.79,5,Monday,11,0
First Class,Medium,Consumer,Pacific Asia,Apparel,9,0.18,831.41,3,Wednesday,12,0
Same Day,High,Consumer,LATAM,Furniture,13,0.27,977.43,7,Thursday,7,0
Standard Class,Medium,Home Office,LATAM,Grocery,3,0.3,560.08,5,Friday,5,0
Second Class,High,Consumer,USCA,Furniture,5,0.28,295.47,6,Wednesday,4,0
Standard Class,Low,Consumer,Europe,Office Supplies,8,0.26,259.78,2,Sunday,11,1
Standard Class,High,Consumer,Pacific Asia,Office Supplies,3,0.35,699.23,2,Saturday,8,1
Standard Class,Low,Consumer,USCA,Furniture,16,0.13,473.21,5,Tuesday,12,1
Standard Class,High,Corporate,LATAM,Electronics,4,0.09,387.89,2,Wednesday,2,1
Same Day,Low,Consumer,Europe,Furniture,9,0.04,632.34,1,Monday,1,0
Standard Class,High,Corporate,Africa,Grocery,7,0.07,672.14,1,Saturday,3,1
Second Class,Critical,Consumer,Europe,Grocery,18,0.06,288.26,3,Saturday,5,0
Second Class,Low,Consumer,USCA,Grocery,17,0.36,460.18,4,Wednesday,7,0
Standard Class,Critical,Consumer,Europe,Electronics,6,0.07,852.16,2,Thursday,1,1
Second Class,Low,Consumer,LATAM,Office Supplies,10,0.04,471.0,6,Friday,3,0
Standard Class,Low,Consumer,Europe,Grocery,5,0.16,538.48,4,Tuesday,12,0
Second Class,Medium,Corporate,LATAM,Grocery,15,0.07,771.63,7,Thursday,11,0
Standard Class,Critical,Corporate,Europe,Furniture,2,0.05,237.06,5,Thursday,11,1
Same Day,Medium,Consumer,USCA,Office Supplies,15,0.14,1041.49,7,Saturday,12,0
First Class,Medium,Consumer,Africa,Grocery,9,0.37,412.7,3,Sunday,5,0
Same Day,Medium,Consumer,Pacific Asia,Grocery,6,0.01,828.31,2,Thursday,7,0
Standard Class,Critical,Corporate,Europe,Furniture,4,0.08,363.68,6,Tuesday,7,1
Standard Class,High,Home Office,Africa,Furniture,14,0.33,781.29,1,Wednesday,1,1
Standard Class,Low,Home Office,Europe,Apparel,9,0.1,340.04,5,Sunday,9,0
Standard Class,Low,Corporate,Africa,Furniture,1,0.18,900.18,7,Monday,9,1
Standard Class,Low,Consumer,LATAM,Furniture,19,0.04,134.78,7,Sunday,6,1
Second Class,Medium,Corporate,Africa,Apparel,10,0.32,375.91,1,Tuesday,9,1
Standard Class,Low,Consumer,Pacific Asia,Grocery,18,0.29,685.33,5,Monday,8,1
Standard Class,Low,Corporate,Africa,Furniture,19,0.05,763.49,6,Thursday,5,1
First Class,High,Consumer,Pacific Asia,Electronics,6,0.38,174.42,6,Monday,11,0
Second Class,Low,Consumer,Pacific Asia,Apparel,3,0.24,390.25,7,Tuesday,9,0
Standard Class,Medium,Consumer,Africa,Apparel,18,0.32,131.13,1,Tuesday,7,1
Standard Class,Low,Consumer,Pacific Asia,Grocery,10,0.31,1002.87,6,Sunday,3,0
Standard Class,Low,Corporate,Pacific Asia,Furniture,4,0.21,1180.56,1,Sunday,1,1
Standard Class,Low,Corporate,LATAM,Electronics,8,0.3,347.72,3,Sunday,1,0
Second Class,Medium,Home Office,USCA,Grocery,16,0.1,584.91,3,Friday,7,0
Standard Class,High,Home Office,LATAM,Furniture,2,0.01,612.77,2,Saturday,11,1
First Class,Low,Consumer,USCA,Grocery,19,0.14,205.7,1,Monday,9,0
First Class,Low,Consumer,USCA,Apparel,15,0.06,804.46,4,Tuesday,12,0
Second Class,High,Corporate,LATAM,Apparel,8,0.39,624.97,5,Saturday,3,0
Standard Class,High,Home Office,Pacific Asia,Furniture,17,0.37,621.49,6,Monday,8,1
Standard Class,High,Consumer,LATAM,Grocery,13,0.06,79.71,2,Monday,9,1
First Class,Critical,Consumer,Pacific Asia,Furniture,3,0.14,105.1,7,Saturday,5,0
Standard Class,High,Consumer,LATAM,Office Supplies,10,0.2,1157.51,3,Friday,8,0
Standard Class,Medium,Home Office,LATAM,Furniture,13,0.16,1128.26,5,Wednesday,3,0
Standard Class,High,Home Office,Europe,Office Supplies,11,0.28,31.69,5,Saturday,6,0
Standard Class,Medium,Consumer,Africa,Apparel,1,0.2,653.15,6,Tuesday,8,1
First Class,Low,Home Office,LATAM,Electronics,14,0.23,87.17,7,Thursday,1,0
Standard Class,Low,Consumer,Africa,Apparel,2,0.27,953.85,3,Saturday,3,1
Standard Class,Low,Consumer,Pacific Asia,Electronics,12,0.01,68.61,2,Monday,2,1
Standard Class,Low,Corporate,Europe,Grocery,4,0.0,663.68,4,Sunday,4,0
Second Class,Low,Consumer,Europe,Electronics,12,0.07,746.93,4,Thursday,11,0
First Class,Low,Consumer,USCA,Grocery,1,0.29,124.31,3,Wednesday,7,0
First Class,High,Home Office,Africa,Office Supplies,10,0.1,717.3,5,Thursday,4,0
Standard Class,High,Corporate,Europe,Grocery,4,0.37,1130.6,3,Sunday,2,0
Standard Class,Medium,Home Office,Pacific Asia,Furniture,2,0.03,125.84,5,Saturday,4,0
Standard Class,High,Consumer,USCA,Furniture,13,0.23,824.75,1,Saturday,6,1
Second Class,Low,Consumer,Europe,Furniture,8,0.01,332.79,7,Sunday,3,0
Second Class,High,Consumer,Pacific Asia,Apparel,2,0.39,335.6,6,Friday,2,0
Second Class,Medium,Home Office,Africa,Furniture,3,0.09,657.51,5,Tuesday,5,0
Standard Class,Low,Consumer,Pacific Asia,Grocery,15,0.24,1114.13,1,Tuesday,4,1
Second Class,Low,Consumer,Pacific Asia,Grocery,7,0.38,284.56,5,Tuesday,1,0
Standard Class,Low,Consumer,Pacific Asia,Grocery,10,0.01,1192.07,1,Friday,3,1
First Class,Low,Corporate,LATAM,Furniture,11,0.21,118.83,6,Monday,3,0
Standard Class,Low,Consumer,Europe,Office Supplies,14,0.21,1128.81,2,Monday,11,1
Second Class,Low,Consumer,Pacific Asia,Office Supplies,19,0.14,31.23,7,Wednesday,7,0
Standard Class,Low,Consumer,USCA,Apparel,14,0.26,202.99,4,Sunday,9,1
Standard Class,Low,Consumer,LATAM,Grocery,1,0.22,1171.9,1,Thursday,3,1
Second Class,Critical,Consumer,Pacific Asia,Grocery,7,0.1,326.68,5,Thursday,6,0
Standard Class,Low,Consumer,Pacific Asia,Apparel,5,0.28,18.45,1,Wednesday,7,1
First Class,Low,Home Office,Europe,Grocery,7,0.19,1063.23,5,Tuesday,1,0
Second Class,Medium,Consumer,LATAM,Electronics,13,0.19,1097.63,4,Saturday,6,0
Second Class,High,Consumer,Pacific Asia,Apparel,7,0.38,895.85,2,Friday,9,0
Standard Class,Low,Consumer,Pacific Asia,Grocery,19,0.21,1128.07,1,Wednesday,11,1
Standard Class,High,Home Office,Africa,Apparel,13,0.31,326.15,5,Wednesday,8,1
Second Class,Low,Consumer,USCA,Electronics,16,0.35,777.91,7,Wednesday,9,0
Standard Class,Low,Home Office,USCA,Electronics,15,0.23,893.4,4,Monday,11,0
Second Class,Low,Home Office,Europe,Furniture,19,0.31,1168.59,6,Sunday,11,0
Standard Class,Medium,Consumer,LATAM,Grocery,7,0.12,1078.79,3,Thursday,12,0
Standard Class,Low,Consumer,Pacific Asia,Electronics,5,0.07,80.29,6,Sunday,5,0
Standard Class,Medium,Corporate,LATAM,Electronics,14,0.28,413.47,3,Sunday,8,1
Standard Class,Low,Corporate,Europe,Electronics,16,0.37,741.99,1,Wednesday,7,1
Standard Class,Medium,Corporate,Africa,Furniture,11,0.02,1027.91,6,Monday,2,1
Second Class,Low,Home Office,Europe,Grocery,11,0.31,342.8,6,Wednesday,2,0
First Class,Medium,Consumer,USCA,Apparel,12,0.01,19.58,6,Sunday,3,0
Standard Class,Medium,Corporate,Africa,Furniture,13,0.18,232.48,4,Tuesday,9,1
Same Day,Medium,Consumer,Pacific Asia,Grocery,8,0.27,516.15,6,Monday,9,0
Standard Class,Low,Corporate,Europe,Electronics,6,0.16,82.77,1,Wednesday,10,1
Same Day,High,Corporate,LATAM,Furniture,2,0.12,60.37,5,Saturday,6,0
Second Class,Medium,Consumer,LATAM,Office Supplies,10,0.07,487.93,5,Saturday,7,0
Second Class,Low,Consumer,USCA,Office Supplies,2,0.39,780.97,3,Sunday,10,0
Standard Class,Critical,Consumer,USCA,Electronics,11,0.23,855.5,5,Sunday,2,1
Standard Class,Medium,Consumer,USCA,Grocery,5,0.05,644.04,6,Sunday,8,0
Standard Class,Medium,Home Office,USCA,Grocery,6,0.02,528.69,5,Wednesday,8,0
Second Class,Low,Corporate,Pacific Asia,Furniture,16,0.1,32.43,1,Sunday,12,0
Standard Class,Medium,Corporate,Africa,Office Supplies,10,0.22,322.48,3,Monday,10,1
First Class,Low,Consumer,USCA,Grocery,14,0.3,807.15,2,Wednesday,2,1
Standard Class,Medium,Consumer,Europe,Furniture,6,0.39,544.97,7,Monday,1,0
First Class,Medium,Consumer,Pacific Asia,Furniture,5,0.33,324.31,5,Friday,4,0
Standard Class,Medium,Consumer,Africa,Office Supplies,10,0.24,283.01,3,Wednesday,3,1
Standard Class,Low,Corporate,Pacific Asia,Electronics,12,0.27,30.55,7,Friday,9,0
Standard Class,High,Home Office,LATAM,Furniture,17,0.21,991.83,6,Tuesday,4,1
Standard Class,Low,Consumer,Pacific Asia,Electronics,16,0.17,1054.88,2,Friday,7,1
Standard Class,Medium,Corporate,Pacific Asia,Office Supplies,10,0.31,445.15,2,Tuesday,1,1
First Class,High,Consumer,LATAM,Furniture,17,0.07,844.5,6,Thursday,2,0
Standard Class,Medium,Consumer,LATAM,Apparel,2,0.13,87.3,3,Tuesday,4,0
Standard Class,Low,Consumer,LATAM,Office Supplies,2,0.39,1067.59,1,Wednesday,3,1
First Class,Low,Corporate,Pacific Asia,Office Supplies,14,0.23,1089.07,3,Friday,6,0
Standard Class,Low,Consumer,LATAM,Apparel,4,0.2,196.64,2,Friday,5,1
Same Day,Medium,Consumer,USCA,Office Supplies,12,0.34,938.92,2,Tuesday,6,0
Same Day,Low,Corporate,Europe,Apparel,2,0.3,573.16,2,Friday,9,0
Standard Class,Medium,Corporate,Europe,Apparel,14,0.13,820.41,6,Tuesday,10,0
Standard Class,Medium,Consumer,LATAM,Office Supplies,18,0.25,574.88,3,Monday,11,0
Standard Class,Low,Corporate,Africa,Apparel,9,0.07,103.61,7,Thursday,1,1
First Class,Low,Corporate,Pacific Asia,Apparel,8,0.02,1009.65,5,Thursday,4,0
Second Class,Low,Consumer,Europe,Office Supplies,7,0.4,112.03,2,Thursday,5,0
Second Class,Low,Corporate,USCA,Apparel,13,0.29,438.58,3,Monday,5,0
First Class,Medium,Consumer,Africa,Electronics,2,0.37,1183.29,1,Thursday,4,1
Standard Class,Medium,Corporate,Africa,Office Supplies,2,0.33,517.75,5,Wednesday,4,1
First Class,High,Home Office,USCA,Office Supplies,16,0.17,986.15,4,Monday,4,0
Second Class,Low,Consumer,Pacific Asia,Electronics,16,0.34,211.02,1,Monday,12,1
Second Class,High,Consumer,Pacific Asia,Grocery,18,0.31,997.78,5,Thursday,3,0
First Class,Low,Consumer,LATAM,Furniture,2,0.1,558.84,6,Wednesday,2,0
Second Class,Low,Consumer,USCA,Apparel,7,0.25,616.82,1,Thursday,4,0
Standard Class,Medium,Consumer,USCA,Apparel,7,0.12,1162.7,4,Sunday,2,0
Standard Class,High,Corporate,USCA,Furniture,17,0.09,1064.5,2,Friday,11,1
Standard Class,Low,Consumer,LATAM,Apparel,12,0.03,423.85,1,Wednesday,6,1
Standard Class,Medium,Consumer,Europe,Apparel,13,0.22,1139.79,1,Thursday,7,1
Same Day,High,Corporate,Pacific Asia,Electronics,5,0.16,132.71,7,Saturday,12,0
Standard Class,High,Corporate,LATAM,Electronics,15,0.04,41.16,6,Saturday,8,0
Second Class,Low,Consumer,LATAM,Electronics,2,0.29,643.84,6,Saturday,4,0
Standard Class,High,Corporate,LATAM,Electronics,6,0.29,926.18,5,Tuesday,7,0
Standard Class,High,Home Office,USCA,Office Supplies,4,0.09,272.92,6,Sunday,2,0
Same Day,Medium,Consumer,LATAM,Apparel,13,0.38,105.55,3,Monday,10,0
First Class,High,Consumer,Europe,Furniture,2,0.31,1016.15,5,Saturday,6,0
Standard Class,Critical,Corporate,Africa,Apparel,5,0.32,1183.72,3,Monday,5,1
Standard Class,Medium,Corporate,LATAM,Office Supplies,8,0.0,836.24,4,Saturday,7,0
Standard Class,Low,Consumer,Europe,Office Supplies,16,0.39,1170.56,5,Monday,6,1
Standard Class,Medium,Consumer,USCA,Apparel,7,0.4,1000.88,6,Sunday,1,0
Standard Class,Low,Corporate,Africa,Apparel,3,0.2,309.7,1,Thursday,4,1
Standard Class,Low,Home Office,Pacific Asia,Electronics,9,0.39,140.64,4,Wednesday,5,0
Same Day,Medium,Corporate,Pacific Asia,Office Supplies,13,0.24,972.62,5,Wednesday,12,0
Second Class,Low,Home Office,USCA,Apparel,2,0.05,794.92,2,Wednesday,1,0
First Class,Medium,Corporate,USCA,Furniture,19,0.33,977.34,4,Friday,1,0
Second Class,High,Home Office,Pacific Asia,Furniture,11,0.22,864.86,7,Thursday,8,0
Standard Class,Medium,Corporate,USCA,Electronics,10,0.14,611.14,2,Saturday,1,1
First Class,High,Home Office,Pacific Asia,Electronics,11,0.09,1129.58,5,Sunday,8,0
Standard Class,Low,Consumer,USCA,Apparel,17,0.21,906.74,5,Saturday,5,0
First Class,High,Home Office,Pacific Asia,Furniture,17,0.28,20.14,5,Friday,3,0
Standard Class,High,Consumer,Europe,Office Supplies,3,0.35,848.07,3,Tuesday,10,0
Standard Class,Low,Consumer,USCA,Grocery,12,0.24,657.53,4,Sunday,7,0
First Class,Low,Corporate,Pacific Asia,Furniture,3,0.17,174.58,4,Thursday,12,0
Second Class,Low,Consumer,USCA,Office Supplies,5,0.25,527.8,6,Tuesday,11,0
First Class,High,Consumer,Pacific Asia,Furniture,6,0.2,633.76,2,Tuesday,10,0
Same Day,High,Home Office,Pacific Asia,Apparel,10,0.26,567.46,6,Tuesday,12,0
Standard Class,Low,Corporate,Africa,Grocery,11,0.24,526.91,6,Wednesday,11,1
Standard Class,Medium,Home Office,USCA,Grocery,19,0.39,761.11,2,Tuesday,7,1
Standard Class,Low,Home Office,Europe,Apparel,11,0.25,793.73,6,Saturday,1,0
Second Class,Medium,Consumer,LATAM,Apparel,8,0.28,840.06,2,Thursday,9,0
First Class,Critical,Consumer,LATAM,Electronics,9,0.36,916.11,4,Tuesday,12,0
Standard Class,Low,Consumer,USCA,Office Supplies,3,0.37,1001.45,6,Monday,8,0
Second Class,High,Corporate,Pacific Asia,Office Supplies,1,0.06,693.26,2,Wednesday,10,0
Second Class,High,Corporate,Pacific Asia,Electronics,2,0.18,96.79,1,Sunday,6,0
Standard Class,Critical,Consumer,Europe,Office Supplies,2,0.38,444.07,6,Sunday,10,1
First Class,Low,Consumer,USCA,Grocery,3,0.38,14.51,5,Friday,9,0
Second Class,Low,Consumer,LATAM,Furniture,18,0.08,718.3,6,Tuesday,3,0
Same Day,Low,Consumer,Europe,Grocery,17,0.18,1170.32,2,Saturday,6,0
Standard Class,Medium,Consumer,USCA,Electronics,12,0.11,994.23,1,Wednesday,4,1
Standard Class,Medium,Home Office,USCA,Office Supplies,6,0.32,588.62,2,Tuesday,3,1
Standard Class,Low,Consumer,USCA,Office Supplies,7,0.34,852.75,7,Thursday,10,0
Standard Class,High,Consumer,Africa,Furniture,17,0.19,892.83,6,Wednesday,7,1
Same Day,Low,Consumer,Europe,Furniture,9,0.27,717.86,5,Thursday,8,0
Standard Class,Low,Corporate,USCA,Furniture,12,0.35,1063.84,1,Wednesday,8,1
First Class,Medium,Consumer,Europe,Grocery,14,0.28,392.99,5,Sunday,5,0
Standard Class,Low,Consumer,LATAM,Electronics,11,0.06,811.33,6,Tuesday,5,0
Standard Class,Low,Corporate,USCA,Electronics,4,0.28,86.93,7,Sunday,11,0
Standard Class,Low,Home Office,Pacific Asia,Electronics,19,0.06,174.52,3,Saturday,9,0
Second Class,High,Home Office,USCA,Grocery,6,0.26,1126.76,6,Saturday,2,0
Second Class,High,Consumer,USCA,Apparel,19,0.13,656.26,5,Wednesday,4,0
Standard Class,Medium,Corporate,Europe,Office Supplies,16,0.02,907.72,4,Saturday,9,0
Same Day,Medium,Consumer,Europe,Grocery,16,0.09,1044.45,5,Thursday,6,0
Standard Class,Medium,Consumer,Africa,Electronics,4,0.19,1121.62,3,Monday,5,1
Standard Class,Low,Consumer,USCA,Grocery,5,0.4,116.8,2,Tuesday,7,1
Standard Class,Medium,Consumer,LATAM,Grocery,10,0.1,845.17,7,Saturday,7,0
Standard Class,Medium,Corporate,Europe,Apparel,5,0.39,759.51,4,Friday,12,0
Same Day,Medium,Home Office,Africa,Furniture,9,0.15,724.16,6,Monday,4,0
Standard Class,Medium,Consumer,Pacific Asia,Electronics,18,0.38,183.06,3,Friday,5,1
Standard Class,Medium,Consumer,Pacific Asia,Grocery,6,0.38,930.1,5,Tuesday,2,0
Standard Class,Low,Consumer,Africa,Furniture,14,0.06,385.54,3,Friday,5,1
Second Class,High,Corporate,Pacific Asia,Office Supplies,16,0.33,274.42,2,Wednesday,7,1
Standard Class,Low,Home Office,USCA,Office Supplies,3,0.21,851.65,4,Tuesday,11,0
Second Class,High,Home Office,Europe,Office Supplies,1,0.27,266.28,1,Monday,3,0
Standard Class,Low,Corporate,LATAM,Grocery,6,0.31,603.49,3,Monday,3,0
Standard Class,Low,Consumer,Pacific Asia,Grocery,1,0.05,387.85,7,Saturday,12,0
First Class,Medium,Corporate,USCA,Apparel,6,0.32,989.94,7,Wednesday,2,0
Standard Class,Low,Consumer,Europe,Electronics,5,0.12,1145.71,6,Monday,4,0
First Class,High,Home Office,USCA,Furniture,12,0.29,991.3,6,Friday,2,0
Standard Class,Medium,Consumer,USCA,Office Supplies,6,0.23,482.29,3,Monday,6,0
First Class,Medium,Corporate,Europe,Furniture,8,0.27,203.72,7,Thursday,7,0
Standard Class,Low,Consumer,Pacific Asia,Apparel,19,0.25,841.06,7,Sunday,3,0
Second Class,Low,Consumer,Pacific Asia,Office Supplies,5,0.32,1085.4,5,Tuesday,4,0
Standard Class,Low,Corporate,USCA,Furniture,15,0.36,487.75,4,Sunday,12,1
Standard Class,Medium,Corporate,Africa,Electronics,14,0.18,58.52,1,Tuesday,12,1
Standard Class,Medium,Corporate,Pacific Asia,Electronics,16,0.16,157.98,3,Saturday,4,0
Standard Class,Medium,Corporate,USCA,Apparel,6,0.1,465.37,1,Sunday,10,1
Standard Class,Critical,Consumer,LATAM,Furniture,17,0.33,604.14,1,Friday,2,1
Standard Class,Medium,Home Office,LATAM,Apparel,17,0.39,355.77,2,Saturday,9,1
Second Class,High,Home Office,Africa,Apparel,16,0.08,590.12,5,Sunday,11,0
First Class,Low,Consumer,USCA,Apparel,1,0.18,1150.97,7,Tuesday,1,0
Second Class,Low,Home Office,LATAM,Grocery,18,0.31,101.68,1,Saturday,10,1
Second Class,Low,Home Office,Pacific Asia,Electronics,4,0.25,966.18,5,Thursday,8,0
Standard Class,Low,Corporate,USCA,Grocery,3,0.33,551.84,2,Sunday,4,1
Standard Class,Medium,Consumer,Africa,Grocery,3,0.01,787.89,1,Saturday,5,1
Standard Class,Medium,Corporate,Africa,Electronics,13,0.36,1163.55,5,Monday,10,1
First Class,Medium,Consumer,Pacific Asia,Apparel,4,0.02,556.87,7,Sunday,7,0
Standard Class,Medium,Corporate,LATAM,Furniture,11,0.18,124.28,4,Friday,10,0
Standard Class,Critical,Corporate,LATAM,Apparel,5,0.11,995.22,5,Thursday,10,1
Second Class,High,Home Office,Africa,Apparel,2,0.37,325.01,4,Friday,11,0
Standard Class,Low,Corporate,Europe,Grocery,6,0.11,1087.2,2,Tuesday,10,1
First Class,Low,Consumer,Africa,Furniture,5,0.15,107.51,2,Sunday,11,1
First Class,Low,Corporate,Africa,Electronics,1,0.36,281.3,6,Monday,10,0
Standard Class,Low,Consumer,USCA,Office Supplies,11,0.21,1162.0,4,Saturday,6,0
Standard Class,Medium,Consumer,Pacific Asia,Electronics,6,0.36,1057.51,3,Thursday,6,0
Standard Class,Medium,Consumer,USCA,Furniture,17,0.26,270.4,1,Thursday,7,1
Second Class,Low,Consumer,Africa,Electronics,11,0.03,933.99,1,Thursday,6,1
Standard Class,Medium,Home Office,USCA,Grocery,7,0.17,112.69,4,Wednesday,7,0
Second Class,Medium,Corporate,LATAM,Furniture,16,0.07,197.85,1,Monday,3,0
Second Class,Low,Corporate,Africa,Office Supplies,5,0.03,226.91,2,Friday,6,1
Standard Class,Low,Consumer,LATAM,Office Supplies,7,0.15,61.39,6,Saturday,7,0
Standard Class,High,Corporate,LATAM,Furniture,3,0.36,586.65,6,Friday,7,0
First Class,Medium,Corporate,Pacific Asia,Electronics,2,0.05,474.87,3,Sunday,7,0
Standard Class,Low,Consumer,LATAM,Office Supplies,1,0.0,711.61,4,Wednesday,3,0
First Class,Low,Home Office,USCA,Furniture,8,0.37,829.58,2,Tuesday,4,0
Standard Class,Low,Consumer,USCA,Furniture,7,0.21,718.46,2,Tuesday,4,1
Second Class,Low,Corporate,Europe,Furniture,10,0.22,341.38,7,Saturday,6,0
First Class,High,Consumer,Pacific Asia,Apparel,14,0.37,108.34,7,Saturday,10,0
First Class,Low,Consumer,Europe,Electronics,9,0.28,881.1,4,Sunday,3,0
Standard Class,Low,Home Office,LATAM,Furniture,11,0.33,377.85,4,Tuesday,9,0
Standard Class,Low,Corporate,Africa,Furniture,1,0.31,304.0,7,Wednesday,7,1
First Class,High,Corporate,USCA,Apparel,19,0.24,831.7,5,Wednesday,3,0
Standard Class,Low,Home Office,Africa,Grocery,14,0.28,535.83,2,Tuesday,9,1
Standard Class,Low,Consumer,Europe,Apparel,18,0.22,253.38,1,Friday,2,1
Same Day,Medium,Corporate,Europe,Furniture,12,0.14,922.19,6,Monday,10,0
Standard Class,Medium,Consumer,USCA,Electronics,10,0.11,969.59,3,Friday,1,0
Standard Class,Low,Corporate,Europe,Apparel,18,0.07,1182.49,5,Wednesday,6,0
Standard Class,Low,Consumer,Africa,Furniture,3,0.14,566.9,2,Friday,11,1
Second Class,High,Consumer,Europe,Electronics,4,0.23,53.64,7,Friday,4,0
Second Class,Critical,Home Office,Africa,Apparel,9,0.24,625.54,4,Saturday,2,0
Standard Class,Low,Consumer,LATAM,Office Supplies,12,0.27,37.67,6,Wednesday,7,0
Standard Class,Low,Consumer,Pacific Asia,Electronics,9,0.35,1137.63,3,Monday,6,0
Standard Class,Low,Consumer,USCA,Furniture,9,0.26,218.03,3,Friday,7,0
Second Class,High,Consumer,Europe,Electronics,16,0.07,1111.22,2,Saturday,2,0
Standard Class,Medium,Consumer,USCA,Electronics,5,0.01,1140.52,1,Sunday,3,1
Same Day,High,Consumer,Europe,Furniture,5,0.08,932.79,3,Tuesday,3,0
Standard Class,Medium,Corporate,LATAM,Office Supplies,14,0.36,113.9,2,Monday,5,1
Same Day,High,Corporate,Africa,Electronics,14,0.23,674.45,7,Thursday,1,0
Standard Class,High,Corporate,USCA,Furniture,15,0.34,431.57,3,Thursday,8,1
First Class,High,Home Office,LATAM,Electronics,16,0.09,986.05,1,Friday,3,0
Standard Class,Medium,Corporate,LATAM,Grocery,7,0.28,369.64,5,Monday,7,0
Standard Class,Low,Consumer,Pacific Asia,Office Supplies,11,0.29,546.99,7,Friday,12,0
First Class,Medium,Consumer,LATAM,Grocery,4,0.32,692.69,2,Tuesday,1,0
First Class,Medium,Corporate,Pacific Asia,Electronics,5,0.21,52.03,2,Thursday,11,0
Standard Class,Medium,Corporate,LATAM,Office Supplies,14,0.32,734.57,5,Saturday,6,1
Second Class,Low,Consumer,Africa,Furniture,9,0.37,419.67,7,Saturday,10,0
Second Class,Medium,Consumer,LATAM,Grocery,9,0.38,639.72,6,Friday,8,0
First Class,Medium,Corporate,Africa,Office Supplies,11,0.05,158.55,6,Saturday,8,0
Standard Class,Medium,Corporate,Europe,Office Supplies,19,0.25,409.63,4,Tuesday,11,0
Standard Class,Low,Corporate,LATAM,Electronics,19,0.05,702.34,2,Thursday,12,1
Standard Class,Medium,Consumer,LATAM,Grocery,12,0.37,690.18,6,Saturday,11,0
Standard Class,Low,Corporate,Europe,Furniture,15,0.38,197.97,4,Saturday,4,1
First Class,High,Corporate,Pacific Asia,Apparel,2,0.2,503.49,2,Saturday,8,0
Standard Class,Medium,Home Office,Africa,Electronics,12,0.38,628.21,7,Friday,11,1
Standard Class,Low,Corporate,Europe,Office Supplies,3,0.31,106.66,7,Friday,1,0
Second Class,Low,Corporate,Europe,Grocery,15,0.28,723.25,7,Sunday,6,0
Second Class,Medium,Corporate,USCA,Apparel,14,0.23,285.75,6,Sunday,12,0
Standard Class,Low,Consumer,Europe,Office Supplies,19,0.16,1105.05,3,Tuesday,8,1
Standard Class,Critical,Consumer,Pacific Asia,Grocery,3,0.39,329.57,1,Saturday,5,1
Same Day,Medium,Home Office,Pacific Asia,Grocery,15,0.08,946.96,3,Monday,12,0
Standard Class,Low,Corporate,Pacific Asia,Apparel,11,0.32,702.77,2,Tuesday,5,1
Second Class,Medium,Corporate,Africa,Office Supplies,9,0.15,825.56,7,Monday,6,0
Second Class,Low,Home Office,Africa,Apparel,7,0.3,1083.1,4,Monday,10,0
Standard Class,High,Home Office,LATAM,Furniture,7,0.07,1018.9,4,Saturday,12,0
Same Day,Low,Corporate,Europe,Electronics,7,0.15,162.02,5,Sunday,1,0
Second Class,Critical,Consumer,Pacific Asia,Electronics,17,0.38,1121.16,5,Saturday,10,1
Standard Class,Medium,Consumer,Europe,Furniture,4,0.22,175.02,6,Thursday,4,0
Second Class,High,Home Office,LATAM,Office Supplies,4,0.2,386.5,7,Thursday,3,0
Second Class,Low,Consumer,LATAM,Apparel,7,0.3,632.53,5,Tuesday,3,0
Second Class,Low,Home Office,Pacific Asia,Electronics,2,0.17,1120.69,6,Sunday,1,0
First Class,Medium,Consumer,Europe,Furniture,5,0.2,756.35,1,Friday,8,0
Standard Class,Medium,Corporate,LATAM,Grocery,10,0.22,1051.19,6,Wednesday,9,0
Standard Class,Low,Corporate,USCA,Electronics,18,0.4,1130.65,5,Monday,3,1
Standard Class,Low,Consumer,Africa,Electronics,14,0.32,900.7,4,Saturday,9,1
Standard Class,Low,Home Office,Europe,Furniture,3,0.02,583.47,6,Tuesday,5,0
Standard Class,Medium,Corporate,Pacific Asia,Apparel,3,0.31,471.74,7,Tuesday,4,0
First Class,Low,Consumer,LATAM,Electronics,19,0.2,337.45,3,Saturday,9,0
Second Class,Low,Consumer,LATAM,Apparel,13,0.09,612.85,2,Wednesday,12,0
Second Class,Low,Corporate,LATAM,Furniture,7,0.34,67.16,5,Friday,7,0
Second Class,Medium,Consumer,Africa,Grocery,6,0.11,281.5,1,Tuesday,11,1
First Class,Low,Home Office,Europe,Electronics,13,0.13,436.41,3,Sunday,1,0
Standard Class,Critical,Consumer,LATAM,Apparel,5,0.03,1025.52,7,Friday,9,1
First Class,Low,Consumer,Africa,Apparel,6,0.39,457.57,6,Tuesday,5,0
Standard Class,High,Consumer,USCA,Office Supplies,12,0.32,295.03,4,Thursday,7,0
Same Day,Medium,Consumer,Europe,Apparel,8,0.06,941.4,1,Monday,12,0
Second Class,Low,Consumer,Pacific Asia,Apparel,18,0.2,1132.36,2,Monday,8,0
Standard Class,Low,Home Office,Europe,Furniture,15,0.13,931.99,7,Tuesday,11,0
Second Class,Medium,Consumer,LATAM,Apparel,8,0.01,159.67,6,Monday,3,0
Standard Class,Medium,Consumer,Pacific Asia,Office Supplies,13,0.37,391.19,6,Sunday,4,1
Standard Class,Medium,Consumer,Europe,Grocery,7,0.34,727.44,6,Friday,1,0
Second Class,Low,Corporate,Pacific Asia,Office Supplies,16,0.39,243.26,5,Monday,8,0
Standard Class,High,Corporate,Europe,Grocery,5,0.1,767.53,2,Saturday,7,1
Standard Class,Critical,Corporate,USCA,Electronics,15,0.28,290.87,2,Tuesday,3,1
Same Day,Medium,Consumer,USCA,Grocery,15,0.05,655.83,4,Friday,3,0
Second Class,Medium,Corporate,USCA,Grocery,1,0.17,851.05,3,Monday,4,0
First Class,Medium,Corporate,Europe,Office Supplies,4,0.34,946.31,5,Monday,1,0
Second Class,Low,Corporate,Pacific Asia,Furniture,4,0.0,962.66,4,Friday,8,0
Standard Class,Low,Consumer,USCA,Furniture,15,0.19,931.96,3,Friday,3,0
Standard Class,Medium,Corporate,Africa,Grocery,3,0.17,173.15,3,Thursday,2,1
Second Class,High,Consumer,Africa,Office Supplies,6,0.28,1187.29,1,Monday,8,1
Same Day,Low,Consumer,USCA,Furniture,14,0.1,928.86,7,Sunday,4,0
Standard Class,Medium,Consumer,USCA,Furniture,2,0.07,133.92,7,Thursday,3,0
First Class,High,Consumer,LATAM,Office Supplies,16,0.26,840.1,7,Sunday,2,0
Same Day,Low,Consumer,Africa,Grocery,3,0.26,569.3,4,Thursday,9,0
Second Class,Low,Corporate,Africa,Electronics,6,0.3,519.28,4,Saturday,12,0
Same Day,High,Home Office,USCA,Office Supplies,3,0.1,815.17,3,Saturday,11,0
Standard Class,Low,Corporate,LATAM,Office Supplies,15,0.01,209.8,5,Monday,5,0
Same Day,Low,Consumer,Pacific Asia,Office Supplies,5,0.35,1199.32,1,Saturday,12,0
Second Class,Low,Corporate,LATAM,Grocery,1,0.08,657.94,6,Wednesday,3,0
Standard Class,Low,Corporate,LATAM,Grocery,17,0.17,717.62,7,Saturday,8,0
Same Day,High,Consumer,Africa,Office Supplies,12,0.19,515.98,6,Wednesday,3,0
Standard Class,Medium,Corporate,USCA,Furniture,10,0.07,731.05,6,Saturday,8,0
Standard Class,Medium,Corporate,USCA,Electronics,2,0.21,800.17,7,Tuesday,1,0
Second Class,Medium,Consumer,USCA,Apparel,8,0.37,421.14,5,Friday,10,0
Standard Class,Critical,Consumer,LATAM,Office Supplies,19,0.11,559.88,2,Thursday,1,1
Standard Class,Low,Consumer,LATAM,Office Supplies,16,0.21,314.16,3,Friday,12,0
First Class,Low,Home Office,Europe,Grocery,19,0.12,928.62,6,Wednesday,11,0
Standard Class,Critical,Consumer,Pacific Asia,Grocery,9,0.39,887.48,6,Thursday,4,1
Standard Class,Critical,Consumer,Europe,Apparel,8,0.09,975.01,2,Wednesday,12,1
Standard Class,Low,Consumer,Pacific Asia,Grocery,17,0.04,846.37,5,Thursday,7,0
Standard Class,Low,Home Office,Europe,Grocery,15,0.06,33.92,6,Sunday,1,0
Second Class,Medium,Consumer,Europe,Furniture,2,0.15,237.47,7,Friday,7,0
First Class,Low,Corporate,Europe,Electronics,4,0.22,472.45,1,Friday,1,0
Same Day,Medium,Corporate,Europe,Furniture,6,0.27,288.68,3,Saturday,12,0
Second Class,Low,Corporate,LATAM,Office Supplies,15,0.22,642.72,7,Tuesday,1,0
Standard Class,Low,Home Office,Pacific Asia,Furniture,13,0.36,1078.76,3,Thursday,4,1
Same Day,Medium,Consumer,Europe,Apparel,3,0.14,888.28,6,Friday,1,0
First Class,Critical,Home Office,Europe,Furniture,16,0.28,327.19,1,Saturday,3,1
Second Class,Medium,Home Office,USCA,Grocery,14,0.11,483.11,6,Tuesday,5,0
Second Class,Low,Home Office,LATAM,Apparel,4,0.27,71.82,7,Wednesday,12,0
Same Day,Critical,Corporate,Africa,Apparel,10,0.37,17.42,6,Tuesday,12,1
Second Class,Medium,Home Office,USCA,Office Supplies,4,0.39,515.91,4,Saturday,9,0
Standard Class,Low,Consumer,Africa,Office Supplies,12,0.29,876.24,6,Wednesday,10,1
Second Class,Low,Consumer,Europe,Grocery,5,0.38,1034.36,5,Sunday,10,0
Standard Class,Low,Consumer,Pacific Asia,Electronics,4,0.27,523.46,3,Sunday,10,0
Standard Class,Medium,Consumer,Africa,Apparel,9,0.39,224.5,7,Saturday,2,1
Standard Class,Medium,Corporate,Africa,Grocery,1,0.36,321.04,3,Thursday,7,1
Standard Class,Low,Consumer,Africa,Office Supplies,16,0.04,540.12,2,Sunday,4,1
Standard Class,Low,Consumer,Pacific Asia,Office Supplies,8,0.19,783.01,2,Thursday,3,1
Standard Class,Low,Corporate,USCA,Electronics,13,0.14,655.97,1,Monday,8,1
Second Class,Medium,Home Office,LATAM,Apparel,18,0.01,1010.33,1,Thursday,1,0
First Class,Low,Corporate,Pacific Asia,Apparel,1,0.19,32.04,7,Saturday,12,0
Same Day,Low,Home Office,USCA,Grocery,7,0.06,1190.63,6,Sunday,3,0
Standard Class,High,Corporate,Europe,Electronics,14,0.01,1115.76,4,Friday,12,0
Second Class,Medium,Home Office,USCA,Furniture,8,0.18,188.07,6,Tuesday,10,0
Same Day,Low,Consumer,Africa,Grocery,16,0.09,67.32,3,Saturday,10,0
Standard Class,Medium,Home Office,USCA,Apparel,14,0.37,745.01,5,Saturday,4,1
Second Class,Low,Consumer,USCA,Grocery,10,0.33,868.47,4,Saturday,7,0
First Class,Medium,Home Office,Europe,Grocery,9,0.38,575.58,5,Monday,3,0
Standard Class,Medium,Corporate,Europe,Grocery,7,0.35,341.14,5,Friday,7,0
First Class,Medium,Corporate,USCA,Grocery,5,0.29,770.59,6,Thursday,3,0
First Class,Medium,Corporate,Pacific Asia,Apparel,14,0.24,766.65,6,Thursday,3,0
Standard Class,Low,Home Office,Europe,Electronics,18,0.03,186.52,3,Monday,1,0
Standard Class,Medium,Home Office,Africa,Electronics,19,0.11,961.39,1,Tuesday,1,1
Standard Class,Low,Consumer,Pacific Asia,Office Supplies,8,0.28,901.92,1,Monday,7,1
Standard Class,Low,Consumer,USCA,Office Supplies,10,0.16,110.94,1,Sunday,8,1
Standard Class,High,Consumer,Africa,Furniture,11,0.13,560.33,5,Monday,7,1
Standard Class,Medium,Consumer,Africa,Electronics,5,0.04,478.16,7,Thursday,8,1
Standard Class,Critical,Consumer,Pacific Asia,Grocery,15,0.03,560.34,7,Tuesday,11,1
Same Day,Low,Corporate,USCA,Office Supplies,3,0.08,558.94,7,Monday,12,0
Standard Class,Medium,Consumer,Africa,Grocery,7,0.33,633.62,6,Sunday,4,1
Standard Class,Low,Corporate,Europe,Furniture,7,0.27,339.87,4,Thursday,5,0
Standard Class,Medium,Consumer,Europe,Electronics,6,0.14,568.87,1,Monday,9,1
Standard Class,Low,Corporate,Pacific Asia,Apparel,6,0.02,128.4,6,Monday,6,0
Standard Class,Low,Consumer,Europe,Furniture,10,0.08,220.26,3,Tuesday,8,0
Standard Class,Low,Corporate,LATAM,Apparel,12,0.18,114.76,7,Monday,6,0
Standard Class,Medium,Corporate,USCA,Electronics,4,0.06,231.55,6,Thursday,5,0
First Class,Low,Consumer,Africa,Apparel,5,0.31,15.15,2,Sunday,3,1
Same Day,High,Consumer,Africa,Electronics,16,0.32,55.02,6,Saturday,4,0
Standard Class,Low,Consumer,Pacific Asia,Grocery,13,0.05,958.0,2,Sunday,6,1
Standard Class,Low,Home Office,Pacific Asia,Furniture,1,0.29,246.96,7,Thursday,6,0
Second Class,Low,Corporate,Africa,Grocery,1,0.2,628.79,4,Monday,2,0
Second Class,Critical,Corporate,Europe,Electronics,16,0.38,450.74,2,Friday,11,1
Standard Class,Low,Consumer,Pacific Asia,Electronics,5,0.32,401.54,2,Sunday,8,1
Same Day,Low,Consumer,LATAM,Grocery,17,0.23,1029.95,2,Tuesday,1,0
Second Class,High,Consumer,Pacific Asia,Grocery,7,0.24,588.61,2,Wednesday,3,0
Standard Class,Low,Consumer,Europe,Grocery,4,0.07,625.0,6,Monday,9,0
Second Class,Medium,Consumer,USCA,Furniture,2,0.36,556.34,7,Thursday,5,0
Same Day,Low,Consumer,LATAM,Furniture,2,0.22,330.04,2,Tuesday,6,0
First Class,Medium,Corporate,Pacific Asia,Electronics,4,0.23,823.07,7,Monday,8,0
Standard Class,Low,Consumer,USCA,Office Supplies,2,0.23,66.14,7,Sunday,11,0
Standard Class,Medium,Consumer,USCA,Grocery,1,0.11,344.95,1,Saturday,4,1
Standard Class,High,Corporate,Africa,Apparel,17,0.32,797.2,5,Tuesday,12,1
Standard Class,High,Corporate,Europe,Apparel,8,0.34,49.77,3,Sunday,9,0
Second Class,Medium,Corporate,Africa,Apparel,18,0.12,40.59,3,Saturday,11,0
First Class,High,Consumer,Europe,Grocery,9,0.18,453.59,3,Wednesday,11,0
Second Class,Low,Home Office,USCA,Office Supplies,2,0.07,308.9,2,Sunday,8,0
Same Day,Low,Home Office,Pacific Asia,Office Supplies,4,0.1,844.14,4,Sunday,1,0
Standard Class,Medium,Consumer,Europe,Furniture,7,0.13,909.57,7,Thursday,11,0
First Class,Medium,Consumer,Europe,Office Supplies,11,0.36,53.13,5,Saturday,5,0
First Class,Low,Home Office,USCA,Apparel,8,0.25,529.31,3,Wednesday,5,0
Standard Class,Medium,Home Office,LATAM,Apparel,3,0.24,1132.43,3,Saturday,7,0
Second Class,Low,Consumer,USCA,Grocery,17,0.38,382.43,1,Friday,10,1
Standard Class,Medium,Consumer,USCA,Furniture,4,0.32,244.38,6,Saturday,12,0
First Class,High,Home Office,Europe,Electronics,16,0.01,630.34,3,Friday,5,0
Standard Class,Medium,Consumer,USCA,Furniture,3,0.05,546.59,5,Sunday,5,0
Standard Class,Low,Home Office,Africa,Electronics,16,0.1,271.22,6,Tuesday,10,1
Second Class,Medium,Consumer,USCA,Furniture,1,0.12,279.86,6,Tuesday,7,0
Second Class,Medium,Home Office,Pacific Asia,Office Supplies,13,0.33,827.18,4,Saturday,3,0
Standard Class,Low,Consumer,USCA,Furniture,17,0.31,394.27,1,Thursday,12,1
Standard Class,Medium,Consumer,USCA,Grocery,12,0.06,1183.37,5,Tuesday,4,0
Standard Class,Critical,Home Office,Pacific Asia,Electronics,16,0.21,354.86,3,Friday,3,1
Second Class,Low,Consumer,LATAM,Office Supplies,2,0.04,661.99,1,Monday,2,0
First Class,Low,Consumer,LATAM,Office Supplies,10,0.07,97.02,4,Thursday,1,0
Same Day,Low,Home Office,LATAM,Furniture,3,0.1,651.2,5,Wednesday,7,0
Standard Class,Medium,Consumer,Africa,Office Supplies,12,0.36,558.13,4,Wednesday,3,1
First Class,High,Consumer,Pacific Asia,Apparel,6,0.15,425.72,4,Thursday,2,0
Standard Class,Medium,Consumer,Africa,Apparel,5,0.37,521.25,2,Tuesday,9,1
Second Class,Low,Corporate,Africa,Apparel,1,0.3,222.38,5,Saturday,4,0
Standard Class,Medium,Corporate,Africa,Furniture,16,0.3,986.07,6,Sunday,6,1
Standard Class,Medium,Home Office,Pacific Asia,Electronics,8,0.32,1106.93,3,Saturday,8,0
Second Class,Medium,Corporate,Europe,Furniture,13,0.04,1006.62,1,Saturday,4,0
Standard Class,Low,Consumer,Europe,Grocery,14,0.33,967.8,5,Thursday,12,1
Second Class,Medium,Consumer,LATAM,Office Supplies,11,0.1,662.58,7,Saturday,11,0
First Class,Medium,Home Office,Africa,Apparel,12,0.39,407.04,5,Sunday,5,0
Standard Class,Low,Corporate,LATAM,Furniture,13,0.34,214.6,1,Thursday,8,1
Standard Class,Medium,Home Office,Africa,Furniture,8,0.4,985.5,5,Monday,11,1
First Class,Critical,Home Office,LATAM,Office Supplies,10,0.37,61.72,5,Saturday,7,0
First Class,Low,Consumer,USCA,Furniture,3,0.14,225.41,1,Thursday,9,0
Standard Class,Critical,Corporate,Pacific Asia,Apparel,6,0.38,488.06,5,Friday,12,1
Standard Class,Low,Corporate,Africa,Office Supplies,19,0.13,241.6,6,Friday,4,1
Second Class,Medium,Consumer,Africa,Electronics,18,0.26,703.76,1,Thursday,4,1
Second Class,Low,Consumer,Africa,Apparel,18,0.33,871.76,1,Thursday,9,1
Standard Class,Low,Home Office,Pacific Asia,Grocery,18,0.15,1091.82,3,Saturday,6,0
Standard Class,Medium,Corporate,USCA,Grocery,16,0.08,260.43,5,Sunday,4,0
First Class,Medium,Corporate,Europe,Office Supplies,13,0.36,342.74,3,Sunday,9,0
Second Class,High,Corporate,Pacific Asia,Apparel,11,0.04,862.91,3,Sunday,1,0
Same Day,Medium,Corporate,USCA,Apparel,18,0.15,268.28,7,Thursday,4,0
First Class,Medium,Consumer,LATAM,Apparel,16,0.22,466.75,3,Tuesday,8,0
Same Day,High,Corporate,Africa,Grocery,14,0.32,906.62,2,Monday,1,1
Standard Class,Medium,Consumer,Africa,Office Supplies,7,0.35,457.25,4,Monday,3,1
First Class,Low,Home Office,Europe,Grocery,6,0.2,184.11,6,Tuesday,4,0
Standard Class,Low,Corporate,LATAM,Furniture,17,0.23,330.66,5,Saturday,4,0
Second Class,Low,Home Office,USCA,Electronics,15,0.34,106.22,3,Monday,9,0
Standard Class,Medium,Consumer,LATAM,Grocery,10,0.19,812.26,6,Sunday,4,0
Standard Class,Low,Home Office,LATAM,Office Supplies,17,0.22,64.54,2,Saturday,12,1
First Class,Low,Home Office,Europe,Grocery,2,0.01,693.13,2,Sunday,3,0
First Class,Low,Corporate,USCA,Furniture,17,0.38,1140.56,5,Tuesday,9,0
Standard Class,Medium,Consumer,Europe,Furniture,13,0.23,1033.25,5,Tuesday,4,0
Second Class,Low,Consumer,USCA,Furniture,18,0.29,96.8,4,Sunday,2,0
Standard Class,Low,Corporate,Pacific Asia,Furniture,19,0.1,860.23,4,Friday,7,0
Standard Class,Medium,Corporate,Pacific Asia,Electronics,2,0.26,831.21,2,Monday,1,1
First Class,High,Consumer,Africa,Apparel,2,0.18,365.08,1,Friday,4,0
Standard Class,Low,Corporate,Europe,Furniture,18,0.04,140.09,3,Thursday,4,0
Same Day,Medium,Corporate,Pacific Asia,Electronics,7,0.33,1026.35,5,Friday,3,0
Standard Class,Low,Consumer,LATAM,Grocery,10,0.34,669.62,7,Wednesday,3,0
Second Class,High,Consumer,LATAM,Furniture,4,0.03,841.11,5,Saturday,7,0
Second Class,Low,Consumer,Pacific Asia,Grocery,4,0.16,554.79,4,Monday,5,0
Standard Class,Critical,Consumer,Europe,Grocery,1,0.11,274.61,3,Friday,4,1
Standard Class,Critical,Consumer,Africa,Office Supplies,2,0.21,319.81,5,Thursday,8,1
First Class,High,Home Office,LATAM,Electronics,10,0.2,646.44,4,Sunday,2,0
First Class,Low,Consumer,Africa,Electronics,15,0.26,289.11,1,Sunday,10,1
Standard Class,Medium,Consumer,LATAM,Furniture,12,0.1,484.42,3,Tuesday,4,0
Standard Class,Low,Consumer,USCA,Furniture,3,0.09,98.54,3,Tuesday,8,0
Standard Class,High,Home Office,Pacific Asia,Furniture,4,0.29,1194.65,4,Monday,12,0
Standard Class,High,Consumer,Europe,Electronics,9,0.39,743.85,7,Monday,9,0
Standard Class,Critical,Home Office,LATAM,Grocery,14,0.38,183.81,4,Tuesday,10,1
Standard Class,Medium,Consumer,Pacific Asia,Grocery,10,0.32,164.83,2,Tuesday,7,1
First Class,Medium,Consumer,Africa,Furniture,10,0.03,585.11,5,Tuesday,1,0
Second Class,Medium,Corporate,Europe,Grocery,5,0.1,39.47,1,Sunday,2,0
Same Day,Low,Corporate,Europe,Furniture,11,0.28,500.32,4,Sunday,8,0
Second Class,Medium,Corporate,Pacific Asia,Apparel,14,0.12,1134.45,2,Monday,10,0
Same Day,Medium,Home Office,Pacific Asia,Grocery,6,0.16,989.8,5,Monday,3,0
Second Class,High,Consumer,Pacific Asia,Electronics,11,0.38,1116.65,3,Saturday,12,0
Second Class,Medium,Corporate,USCA,Office Supplies,11,0.03,142.22,3,Thursday,8,0
Same Day,High,Corporate,USCA,Electronics,3,0.34,451.26,2,Tuesday,5,0
Second Class,High,Home Office,Europe,Electronics,13,0.02,670.45,1,Wednesday,7,0
Standard Class,Medium,Consumer,Pacific Asia,Office Supplies,18,0.14,867.12,5,Wednesday,10,0
Second Class,Low,Consumer,USCA,Furniture,18,0.22,477.02,2,Monday,11,0
Same Day,Medium,Corporate,Europe,Grocery,6,0.14,389.55,3,Monday,11,0
First Class,Medium,Home Office,LATAM,Electronics,13,0.38,373.03,4,Tuesday,11,0
Second Class,Low,Consumer,Pacific Asia,Grocery,6,0.2,949.45,3,Thursday,10,0
Second Class,Low,Consumer,USCA,Office Supplies,12,0.29,464.37,1,Monday,2,0
Same Day,Critical,Consumer,Europe,Office Supplies,7,0.28,29.41,3,Sunday,6,0
Standard Class,Low,Corporate,Pacific Asia,Grocery,14,0.33,926.56,1,Wednesday,8,1
Second Class,Medium,Consumer,Europe,Grocery,9,0.35,201.99,3,Tuesday,3,0
Standard Class,High,Consumer,LATAM,Office Supplies,3,0.19,757.57,3,Tuesday,1,0
Second Class,Medium,Corporate,Europe,Furniture,15,0.35,45.06,1,Wednesday,3,1
Second Class,Medium,Consumer,Europe,Grocery,7,0.26,470.51,1,Tuesday,9,0
Standard Class,Medium,Consumer,LATAM,Apparel,7,0.27,552.56,7,Saturday,10,0
Standard Class,Medium,Consumer,Africa,Apparel,19,0.07,1167.97,1,Wednesday,9,1
Second Class,Low,Consumer,Pacific Asia,Grocery,2,0.1,114.92,3,Monday,6,0
Standard Class,Critical,Consumer,LATAM,Electronics,14,0.28,904.3,1,Friday,9,1
Standard Class,Medium,Consumer,LATAM,Office Supplies,5,0.11,1158.05,6,Friday,3,0
First Class,Medium,Consumer,Pacific Asia,Furniture,1,0.2,339.52,5,Tuesday,12,0
Standard Class,Medium,Corporate,Europe,Apparel,12,0.2,278.53,7,Thursday,12,0
Standard Class,Low,Consumer,USCA,Apparel,12,0.09,1142.96,4,Thursday,8,0
Same Day,Critical,Corporate,Pacific Asia,Electronics,19,0.23,592.57,7,Wednesday,3,0
Standard Class,High,Consumer,LATAM,Grocery,2,0.23,988.88,7,Monday,10,0
Standard Class,Low,Consumer,Europe,Electronics,13,0.05,955.61,2,Sunday,5,1
Second Class,Critical,Home Office,Africa,Furniture,12,0.15,397.94,3,Thursday,8,1
First Class,Medium,Consumer,Europe,Grocery,7,0.15,233.09,1,Wednesday,8,0
Same Day,Medium,Consumer,USCA,Apparel,2,0.22,846.44,1,Thursday,4,0
Same Day,Medium,Home Office,Europe,Apparel,8,0.3,606.55,7,Wednesday,12,0
First Class,Low,Corporate,USCA,Office Supplies,19,0.01,593.69,5,Wednesday,9,0
Standard Class,Medium,Corporate,Africa,Furniture,19,0.05,659.99,3,Tuesday,5,1
Standard Class,Low,Corporate,Africa,Apparel,18,0.12,40.53,2,Tuesday,6,1
Standard Class,Medium,Consumer,Europe,Electronics,2,0.32,16.03,3,Monday,3,0
Standard Class,Medium,Home Office,Pacific Asia,Apparel,2,0.19,383.8,6,Sunday,1,0
Second Class,High,Home Office,Pacific Asia,Electronics,13,0.2,395.19,4,Thursday,3,0
Second Class,Medium,Consumer,Pacific Asia,Electronics,6,0.16,865.29,3,Sunday,3,0
Standard Class,Low,Home Office,Africa,Grocery,8,0.17,397.54,2,Wednesday,1,1
First Class,High,Consumer,USCA,Grocery,19,0.39,437.87,4,Tuesday,12,0
Standard Class,Medium,Corporate,LATAM,Apparel,6,0.36,663.96,6,Saturday,1,0
Standard Class,Medium,Consumer,Europe,Apparel,19,0.29,714.01,4,Saturday,6,1
Second Class,Low,Corporate,USCA,Electronics,9,0.13,406.62,2,Friday,5,0
Standard Class,High,Consumer,LATAM,Grocery,15,0.21,674.15,5,Sunday,3,0
Standard Class,High,Corporate,Africa,Apparel,17,0.28,745.2,1,Wednesday,8,1
Standard Class,High,Consumer,LATAM,Grocery,8,0.16,320.88,5,Monday,2,0
Standard Class,High,Consumer,Africa,Furniture,9,0.21,290.54,4,Sunday,8,1
First Class,Low,Corporate,Africa,Electronics,5,0.06,1069.62,2,Sunday,8,0
Same Day,High,Home Office,USCA,Grocery,6,0.04,780.47,5,Friday,11,0
Standard Class,Medium,Consumer,Pacific Asia,Apparel,11,0.07,380.18,5,Monday,2,0
Standard Class,Low,Home Office,Pacific Asia,Electronics,7,0.3,665.41,1,Monday,10,1
Second Class,Medium,Consumer,USCA,Office Supplies,15,0.08,851.81,5,Sunday,4,0
Same Day,Medium,Home Office,Europe,Electronics,13,0.37,36.93,3,Monday,5,0
Standard Class,Low,Corporate,Africa,Furniture,15,0.15,1104.6,6,Friday,4,1
Standard Class,Low,Home Office,Europe,Electronics,14,0.07,863.5,7,Thursday,10,0
First Class,Low,Corporate,Africa,Grocery,6,0.33,476.78,2,Saturday,7,1
Second Class,Low,Corporate,Africa,Grocery,4,0.18,1119.39,7,Saturday,2,0
Standard Class,Low,Consumer,Pacific Asia,Apparel,18,0.16,76.46,5,Saturday,8,0
Second Class,Low,Home Office,Pacific Asia,Apparel,18,0.13,907.48,1,Tuesday,10,0
Standard Class,Low,Home Office,Africa,Electronics,4,0.13,636.28,4,Thursday,2,1
Standard Class,Critical,Consumer,Pacific Asia,Electronics,1,0.27,801.1,3,Wednesday,3,1
Standard Class,High,Consumer,Pacific Asia,Electronics,3,0.22,570.95,3,Wednesday,11,0
First Class,Low,Corporate,LATAM,Grocery,5,0.19,185.2,1,Friday,10,0
Standard Class,Critical,Home Office,LATAM,Grocery,6,0.18,320.34,4,Friday,3,1
Standard Class,Medium,Consumer,Africa,Office Supplies,4,0.06,561.02,5,Sunday,5,1
Standard Class,Medium,Home Office,Pacific Asia,Office Supplies,5,0.33,1103.42,3,Monday,5,0
First Class,Medium,Consumer,LATAM,Office Supplies,12,0.37,91.3,2,Friday,11,0
Standard Class,Medium,Home Office,Europe,Apparel,7,0.32,134.6,3,Friday,6,0
Standard Class,Low,Corporate,Africa,Grocery,13,0.18,191.72,3,Monday,11,1
Standard Class,Low,Consumer,Africa,Electronics,8,0.39,762.22,3,Sunday,12,1
First Class,Medium,Consumer,Europe,Electronics,13,0.25,445.9,3,Sunday,1,0
Standard Class,Medium,Corporate,Africa,Office Supplies,12,0.31,187.6,7,Sunday,8,1
Standard Class,High,Corporate,Pacific Asia,Apparel,10,0.3,155.14,4,Friday,11,0
Standard Class,Low,Home Office,LATAM,Apparel,10,0.28,812.25,1,Tuesday,5,1
First Class,Medium,Corporate,USCA,Office Supplies,8,0.26,560.48,3,Friday,5,0
Second Class,Medium,Corporate,LATAM,Electronics,14,0.08,1048.58,5,Sunday,1,0
Second Class,Critical,Home Office,Europe,Apparel,4,0.12,490.79,1,Friday,9,1
First Class,Low,Corporate,USCA,Furniture,2,0.35,790.33,3,Saturday,9,0
Same Day,High,Home Office,Pacific Asia,Office Supplies,9,0.07,957.05,3,Wednesday,5,0
Standard Class,High,Home Office,Pacific Asia,Electronics,6,0.06,1144.88,7,Sunday,10,0
Same Day,Medium,Home Office,LATAM,Furniture,19,0.11,1044.46,6,Wednesday,4,0
Standard Class,Medium,Consumer,Africa,Grocery,3,0.14,932.61,2,Thursday,9,1
Standard Class,Low,Corporate,Africa,Electronics,13,0.22,501.34,4,Saturday,1,1
First Class,Critical,Consumer,Europe,Furniture,11,0.24,1179.54,1,Sunday,6,1
Standard Class,Low,Consumer,Africa,Grocery,14,0.32,325.02,3,Saturday,2,1
Standard Class,Medium,Consumer,Pacific Asia,Apparel,17,0.03,796.94,1,Wednesday,3,1
Standard Class,Low,Home Office,USCA,Electronics,18,0.08,165.43,7,Saturday,2,0
Second Class,Medium,Consumer,LATAM,Electronics,5,0.2,731.05,7,Thursday,7,0
Standard Class,Medium,Consumer,LATAM,Apparel,3,0.1,830.97,4,Thursday,12,0
Second Class,High,Consumer,LATAM,Electronics,7,0.35,117.45,7,Tuesday,1,0
First Class,Medium,Consumer,Africa,Office Supplies,6,0.26,360.99,1,Thursday,2,1
Second Class,Critical,Corporate,USCA,Furniture,3,0.2,773.41,2,Tuesday,6,1
Standard Class,Medium,Consumer,Africa,Grocery,13,0.0,726.54,1,Monday,4,1
Same Day,Low,Consumer,Africa,Grocery,11,0.34,805.17,1,Tuesday,10,1
Standard Class,Low,Corporate,Pacific Asia,Furniture,2,0.18,158.09,2,Wednesday,5,1
Standard Class,Medium,Consumer,Pacific Asia,Office Supplies,8,0.21,623.22,4,Sunday,12,0
Standard Class,Low,Consumer,Africa,Electronics,12,0.28,1113.85,7,Wednesday,8,1
Second Class,Medium,Home Office,Europe,Apparel,12,0.37,1144.99,5,Wednesday,8,0
Standard Class,Low,Home Office,Europe,Apparel,15,0.06,160.81,4,Saturday,3,0
Standard Class,Medium,Consumer,Europe,Electronics,8,0.03,1074.33,3,Sunday,12,0
Standard Class,Medium,Consumer,Africa,Grocery,12,0.05,696.01,3,Tuesday,3,0
Standard Class,Medium,Home Office,USCA,Furniture,10,0.3,905.97,2,Monday,2,1
Second Class,Low,Consumer,Europe,Furniture,3,0.05,189.27,1,Monday,1,0
First Class,Low,Corporate,Pacific Asia,Grocery,6,0.2,888.06,2,Tuesday,4,0
First Class,Low,Corporate,LATAM,Furniture,15,0.28,94.58,1,Monday,3,1
Standard Class,Low,Corporate,LATAM,Grocery,14,0.29,763.29,6,Thursday,5,1
Standard Class,Medium,Home Office,Africa,Office Supplies,3,0.16,805.0,3,Friday,11,1
Same Day,Medium,Consumer,LATAM,Electronics,18,0.28,801.03,6,Sunday,8,0
Standard Class,Low,Consumer,Africa,Grocery,17,0.38,79.8,3,Tuesday,2,1
First Class,Medium,Corporate,LATAM,Office Supplies,14,0.01,467.19,1,Thursday,11,0
Standard Class,Medium,Home Office,USCA,Grocery,14,0.27,895.83,5,Saturday,7,1
Same Day,Low,Home Office,USCA,Office Supplies,16,0.21,958.21,6,Thursday,5,0
Standard Class,Medium,Corporate,USCA,Office Supplies,19,0.09,504.45,6,Saturday,5,0
Standard Class,Low,Home Office,USCA,Office Supplies,11,0.12,202.8,7,Sunday,10,0
Second Class,Medium,Consumer,Europe,Electronics,5,0.33,604.34,5,Saturday,6,0
Second Class,High,Consumer,Pacific Asia,Grocery,1,0.23,783.81,3,Saturday,7,0
Standard Class,Low,Consumer,USCA,Grocery,18,0.01,1105.28,4,Tuesday,1,0
Second Class,Medium,Consumer,Europe,Grocery,14,0.39,820.8,2,Monday,9,1
Second Class,Medium,Corporate,Africa,Office Supplies,5,0.27,988.97,2,Monday,11,1
Standard Class,Low,Home Office,LATAM,Furniture,5,0.18,325.05,4,Friday,11,0
Standard Class,Medium,Corporate,LATAM,Furniture,5,0.28,1001.55,2,Sunday,10,1
Standard Class,Medium,Corporate,Europe,Grocery,10,0.08,738.25,6,Monday,9,0
Standard Class,Medium,Consumer,LATAM,Furniture,10,0.1,663.3,1,Tuesday,1,1
Second Class,Medium,Corporate,USCA,Furniture,9,0.06,327.57,7,Friday,11,0
Standard Class,High,Consumer,LATAM,Furniture,14,0.16,252.64,1,Saturday,4,1
Standard Class,Critical,Corporate,USCA,Office Supplies,1,0.36,657.21,5,Wednesday,2,1
Standard Class,Medium,Consumer,USCA,Grocery,6,0.16,1070.81,1,Friday,12,1
Standard Class,High,Corporate,LATAM,Grocery,7,0.12,290.1,4,Wednesday,3,0
Standard Class,Low,Consumer,Europe,Apparel,12,0.28,341.64,6,Monday,11,0
Standard Class,Medium,Corporate,Africa,Apparel,15,0.35,1138.03,2,Tuesday,12,1
Standard Class,Low,Consumer,Europe,Furniture,16,0.1,41.66,7,Tuesday,2,0
Same Day,Low,Consumer,Pacific Asia,Grocery,3,0.32,587.61,1,Thursday,10,0
Standard Class,Medium,Consumer,Pacific Asia,Furniture,16,0.12,639.23,2,Friday,3,1
Second Class,Medium,Corporate,USCA,Office Supplies,8,0.1,814.11,1,Friday,6,0
Standard Class,Medium,Corporate,USCA,Grocery,14,0.19,240.84,5,Saturday,6,0
Standard Class,Medium,Home Office,Europe,Office Supplies,3,0.03,689.98,5,Sunday,5,0
Standard Class,Medium,Corporate,Europe,Office Supplies,12,0.34,140.26,6,Wednesday,12,0
Standard Class,Medium,Consumer,USCA,Grocery,14,0.35,327.74,1,Monday,6,1
Same Day,Low,Corporate,Africa,Furniture,19,0.27,27.98,7,Friday,7,0
Same Day,Low,Consumer,Africa,Apparel,4,0.12,549.56,2,Wednesday,10,0
First Class,Low,Consumer,Pacific Asia,Furniture,12,0.07,218.38,3,Wednesday,2,0
Second Class,Medium,Corporate,Africa,Apparel,3,0.28,125.14,2,Saturday,3,1
Standard Class,Low,Consumer,LATAM,Electronics,16,0.04,419.73,5,Saturday,8,0
Standard Class,Low,Consumer,USCA,Apparel,3,0.16,104.27,5,Saturday,4,0
Same Day,Medium,Corporate,Europe,Grocery,3,0.04,800.65,5,Friday,5,0
Second Class,Medium,Corporate,USCA,Apparel,7,0.17,249.03,2,Monday,7,0
Second Class,Medium,Corporate,LATAM,Electronics,10,0.05,855.22,7,Friday,9,0
Standard Class,Low,Consumer,Africa,Apparel,16,0.01,1009.43,3,Friday,10,1
Standard Class,Medium,Home Office,USCA,Furniture,13,0.18,892.15,5,Friday,12,0
Same Day,High,Corporate,LATAM,Apparel,19,0.23,917.79,3,Thursday,7,0
Standard Class,High,Home Office,Africa,Grocery,6,0.18,776.08,7,Wednesday,7,1
Standard Class,Medium,Corporate,Pacific Asia,Grocery,9,0.07,457.8,7,Tuesday,11,0
Standard Class,Low,Corporate,Pacific Asia,Office Supplies,14,0.03,424.77,1,Sunday,11,1
First Class,Medium,Consumer,Pacific Asia,Furniture,17,0.05,687.04,2,Sunday,2,0
Standard Class,Low,Corporate,LATAM,Furniture,7,0.29,305.18,5,Thursday,6,0
First Class,Low,Corporate,LATAM,Apparel,8,0.01,420.13,1,Friday,8,0
Standard Class,Low,Consumer,Europe,Apparel,5,0.35,194.81,4,Thursday,5,0
First Class,High,Corporate,Europe,Grocery,12,0.34,938.36,3,Monday,8,0
Second Class,Medium,Corporate,Pacific Asia,Office Supplies,2,0.35,885.39,5,Tuesday,4,0
Standard Class,Medium,Corporate,USCA,Electronics,16,0.35,608.87,3,Wednesday,11,1
Second Class,Medium,Consumer,Africa,Apparel,3,0.27,449.79,1,Tuesday,12,1
Standard Class,Low,Consumer,Europe,Furniture,15,0.34,839.04,5,Tuesday,4,1
Standard Class,Medium,Consumer,Africa,Apparel,17,0.29,110.77,2,Thursday,8,1
First Class,Medium,Corporate,USCA,Office Supplies,16,0.12,66.82,7,Saturday,6,0
Standard Class,Medium,Consumer,Pacific Asia,Furniture,3,0.3,842.72,1,Monday,10,1
Standard Class,High,Consumer,Africa,Office Supplies,15,0.25,664.57,4,Monday,9,1
Standard Class,Low,Home Office,Pacific Asia,Furniture,1,0.01,882.55,5,Friday,6,0
Standard Class,High,Consumer,Africa,Apparel,12,0.31,342.69,6,Friday,5,1
First Class,Medium,Corporate,USCA,Office Supplies,10,0.35,138.87,7,Sunday,9,0
Standard Class,Medium,Home Office,Europe,Grocery,6,0.21,521.65,5,Thursday,8,0
Same Day,Medium,Corporate,LATAM,Furniture,8,0.19,517.76,7,Tuesday,12,0
Same Day,High,Corporate,Pacific Asia,Office Supplies,6,0.17,913.27,1,Thursday,12,0
Standard Class,Low,Home Office,Europe,Office Supplies,19,0.29,155.34,3,Saturday,2,1
Standard Class,Medium,Home Office,Africa,Electronics,4,0.09,1135.83,7,Saturday,10,1
First Class,Medium,Corporate,Europe,Electronics,16,0.31,76.64,4,Sunday,8,0
Standard Class,Low,Consumer,LATAM,Apparel,5,0.12,382.39,4,Monday,10,0
Standard Class,Low,Consumer,Pacific Asia,Grocery,16,0.1,846.58,5,Tuesday,12,0
Standard Class,High,Home Office,Pacific Asia,Grocery,18,0.32,863.78,2,Saturday,6,1
Second Class,Low,Home Office,Europe,Office Supplies,13,0.07,684.8,5,Friday,3,0
First Class,Low,Home Office,USCA,Office Supplies,13,0.35,94.43,2,Saturday,3,1
Standard Class,Critical,Corporate,Africa,Office Supplies,18,0.39,1029.07,2,Friday,9,1
Standard Class,Medium,Consumer,Europe,Furniture,8,0.13,765.33,5,Tuesday,12,0
Same Day,Low,Consumer,USCA,Apparel,7,0.37,913.0,1,Sunday,6,0
First Class,Medium,Consumer,Pacific Asia,Apparel,15,0.23,469.61,2,Friday,12,0
Second Class,Medium,Corporate,Africa,Electronics,2,0.1,299.61,1,Friday,2,0
First Class,High,Consumer,Pacific Asia,Office Supplies,4,0.18,866.91,1,Thursday,4,0
Standard Class,Medium,Consumer,LATAM,Office Supplies,16,0.32,980.46,6,Sunday,7,1
First Class,High,Home Office,USCA,Furniture,12,0.27,976.9,1,Thursday,3,0
Standard Class,Low,Consumer,LATAM,Office Supplies,16,0.2,863.44,4,Tuesday,9,0
Standard Class,Medium,Home Office,LATAM,Office Supplies,17,0.1,175.35,5,Saturday,10,0
Second Class,Low,Consumer,LATAM,Apparel,10,0.29,273.93,7,Sunday,3,0
Standard Class,Low,Home Office,USCA,Office Supplies,15,0.13,605.52,6,Monday,11,0
Same Day,Medium,Consumer,Africa,Furniture,19,0.13,613.75,3,Saturday,5,0
Standard Class,Low,Consumer,Pacific Asia,Furniture,14,0.3,591.36,7,Tuesday,4,1
Same Day,Medium,Corporate,Africa,Grocery,1,0.22,992.99,1,Saturday,6,1
Same Day,High,Home Office,Africa,Grocery,4,0.07,159.2,4,Friday,3,0
Standard Class,Low,Consumer,Africa,Electronics,2,0.27,952.79,2,Wednesday,1,1
First Class,Low,Corporate,Pacific Asia,Furniture,8,0.1,36.58,6,Saturday,7,0
Standard Class,Medium,Home Office,Pacific Asia,Furniture,2,0.3,394.46,5,Sunday,12,0
Same Day,High,Consumer,USCA,Apparel,11,0.19,243.84,7,Thursday,11,0
Standard Class,Medium,Home Office,Europe,Grocery,10,0.24,636.71,6,Thursday,8,0
Second Class,Medium,Consumer,Pacific Asia,Electronics,11,0.24,633.43,3,Monday,5,0
Standard Class,Low,Consumer,Pacific Asia,Apparel,9,0.06,612.79,1,Friday,2,1
Standard Class,Low,Consumer,Europe,Apparel,4,0.26,353.69,4,Wednesday,8,0
Standard Class,Medium,Consumer,Pacific Asia,Grocery,4,0.35,630.94,5,Saturday,5,0
Standard Class,Low,Consumer,Africa,Apparel,1,0.36,849.88,3,Friday,6,1
First Class,High,Consumer,Pacific Asia,Grocery,4,0.28,478.59,7,Thursday,10,0
Second Class,Medium,Consumer,USCA,Furniture,1,0.39,1115.08,6,Tuesday,5,0
Second Class,Medium,Corporate,Pacific Asia,Furniture,4,0.24,91.48,6,Friday,3,0
Standard Class,High,Corporate,Europe,Grocery,4,0.1,1184.65,5,Friday,7,0
Standard Class,High,Corporate,Africa,Office Supplies,1,0.26,916.05,3,Sunday,6,1
Standard Class,Medium,Consumer,Europe,Office Supplies,14,0.36,715.88,3,Tuesday,11,1
First Class,High,Home Office,Pacific Asia,Electronics,16,0.14,251.98,5,Thursday,5,0
Same Day,Critical,Consumer,Pacific Asia,Office Supplies,9,0.11,756.5,7,Saturday,9,0
Standard Class,High,Consumer,USCA,Electronics,7,0.39,964.48,7,Tuesday,5,0
Standard Class,High,Corporate,Africa,Grocery,14,0.31,311.84,7,Sunday,9,1
Standard Class,Medium,Corporate,Pacific Asia,Grocery,5,0.02,57.48,5,Wednesday,5,0
Second Class,Medium,Consumer,USCA,Grocery,14,0.22,536.88,3,Saturday,5,0
Second Class,Low,Consumer,USCA,Electronics,13,0.09,372.28,6,Saturday,2,0
First Class,Low,Home Office,Europe,Apparel,2,0.11,350.52,2,Tuesday,3,0
Standard Class,Low,Corporate,Africa,Electronics,12,0.04,872.52,1,Wednesday,2,1
First Class,Low,Consumer,LATAM,Apparel,7,0.09,186.16,1,Saturday,6,0
Second Class,Medium,Home Office,USCA,Furniture,2,0.2,784.61,4,Monday,2,0
Standard Class,Low,Consumer,LATAM,Furniture,18,0.03,82.91,6,Friday,8,0
Standard Class,High,Corporate,Europe,Apparel,10,0.36,1104.67,7,Sunday,12,0
Standard Class,High,Consumer,USCA,Apparel,6,0.31,707.44,7,Sunday,9,0
Standard Class,Low,Consumer,Africa,Office Supplies,7,0.15,1117.87,5,Sunday,8,1
First Class,Low,Consumer,LATAM,Apparel,12,0.05,1042.77,3,Sunday,12,0
Standard Class,High,Corporate,Africa,Apparel,16,0.4,1045.1,6,Monday,2,1
First Class,High,Consumer,LATAM,Grocery,19,0.23,152.5,3,Friday,11,0
Second Class,High,Corporate,Europe,Electronics,18,0.17,838.1,3,Sunday,1,0
Standard Class,Critical,Home Office,USCA,Apparel,14,0.08,486.47,6,Sunday,4,1
Second Class,Critical,Corporate,USCA,Grocery,15,0.08,556.34,1,Friday,6,1
Standard Class,Medium,Consumer,Europe,Apparel,8,0.32,342.13,4,Thursday,12,0
Standard Class,Low,Consumer,Pacific Asia,Office Supplies,15,0.21,176.41,4,Tuesday,2,0
Standard Class,High,Consumer,LATAM,Apparel,12,0.39,374.52,3,Wednesday,9,0
Standard Class,Low,Consumer,LATAM,Apparel,18,0.38,663.94,3,Friday,10,1
Standard Class,High,Home Office,Pacific Asia,Grocery,10,0.08,497.94,3,Friday,4,0
Standard Class,Medium,Home Office,Europe,Apparel,14,0.4,847.63,3,Tuesday,4,1
Standard Class,High,Consumer,Africa,Grocery,19,0.39,1008.45,4,Thursday,7,1
Standard Class,Low,Consumer,Africa,Electronics,16,0.32,260.75,7,Sunday,2,1
Same Day,Medium,Home Office,Europe,Grocery,6,0.16,76.98,5,Monday,12,0
Standard Class,Medium,Corporate,Africa,Electronics,13,0.09,1189.1,4,Thursday,9,1
First Class,High,Corporate,Europe,Apparel,11,0.04,1060.35,3,Thursday,8,0
Standard Class,Low,Consumer,LATAM,Electronics,1,0.02,325.49,2,Saturday,10,1
Second Class,High,Consumer,LATAM,Furniture,9,0.33,203.51,5,Wednesday,9,0
Standard Class,High,Home Office,Pacific Asia,Furniture,19,0.38,1141.73,2,Wednesday,4,1
Same Day,Medium,Consumer,Europe,Grocery,5,0.31,286.6,7,Wednesday,2,0
Standard Class,High,Home Office,Africa,Office Supplies,7,0.3,274.05,1,Wednesday,3,1
First Class,Medium,Consumer,Europe,Apparel,2,0.17,140.71,3,Wednesday,3,0
Standard Class,Low,Home Office,USCA,Furniture,15,0.26,352.6,6,Saturday,2,1
Standard Class,Low,Corporate,Pacific Asia,Office Supplies,6,0.27,1010.8,2,Wednesday,10,1
Second Class,High,Consumer,USCA,Grocery,1,0.1,688.1,3,Wednesday,2,0
Standard Class,Medium,Consumer,Pacific Asia,Electronics,5,0.3,119.46,3,Monday,1,0
Standard Class,Low,Corporate,Pacific Asia,Apparel,2,0.06,1161.22,1,Monday,12,1
Standard Class,Medium,Consumer,Pacific Asia,Electronics,14,0.12,652.0,5,Saturday,8,1
Second Class,Medium,Corporate,USCA,Apparel,17,0.24,505.87,3,Monday,7,0
Same Day,Low,Consumer,Pacific Asia,Furniture,12,0.22,943.25,5,Wednesday,2,0
Standard Class,Medium,Consumer,Europe,Office Supplies,6,0.28,676.82,4,Thursday,2,0
First Class,Low,Corporate,Europe,Grocery,7,0.23,1075.96,1,Thursday,6,0
Standard Class,Low,Corporate,USCA,Apparel,16,0.02,845.8,4,Wednesday,5,0
Standard Class,Medium,Consumer,LATAM,Furniture,13,0.39,805.2,1,Thursday,12,1
Same Day,Medium,Consumer,LATAM,Grocery,2,0.31,411.92,2,Wednesday,6,0
First Class,Low,Corporate,USCA,Apparel,17,0.35,1187.88,2,Thursday,1,1
First Class,Medium,Corporate,Pacific Asia,Furniture,5,0.32,785.79,3,Thursday,10,0
Standard Class,Low,Consumer,Pacific Asia,Grocery,2,0.08,535.84,5,Wednesday,11,0
Standard Class,Low,Consumer,Pacific Asia,Electronics,1,0.37,185.53,7,Monday,4,0
Standard Class,Low,Consumer,USCA,Office Supplies,1,0.39,671.21,6,Wednesday,5,0
Standard Class,Low,Corporate,Pacific Asia,Office Supplies,8,0.03,802.84,5,Friday,8,0
Standard Class,Low,Corporate,Europe,Electronics,11,0.06,452.05,5,Sunday,12,0
First Class,High,Consumer,Pacific Asia,Office Supplies,12,0.4,86.86,6,Saturday,11,0
First Class,Medium,Corporate,USCA,Office Supplies,4,0.12,960.11,5,Sunday,8,0
Standard Class,Low,Consumer,Pacific Asia,Apparel,7,0.33,788.23,1,Monday,8,1
Standard Class,Low,Corporate,Europe,Furniture,13,0.03,824.63,7,Tuesday,12,0
First Class,Low,Consumer,USCA,Electronics,7,0.29,301.61,7,Monday,4,0
Standard Class,High,Corporate,LATAM,Furniture,4,0.28,165.53,6,Sunday,7,0
Second Class,Low,Corporate,USCA,Office Supplies,12,0.38,547.97,3,Thursday,4,0
Standard Class,Low,Home Office,Africa,Furniture,18,0.29,297.13,7,Monday,3,1
Standard Class,Medium,Home Office,LATAM,Grocery,13,0.02,939.36,5,Thursday,9,0
Same Day,Medium,Corporate,LATAM,Electronics,19,0.18,643.03,3,Wednesday,10,0
Standard Class,Low,Home Office,USCA,Electronics,3,0.14,167.13,3,Monday,4,0
Standard Class,Medium,Consumer,Africa,Electronics,14,0.23,243.55,5,Sunday,6,1
Standard Class,Low,Consumer,LATAM,Apparel,16,0.17,1065.35,7,Saturday,12,1
Same Day,Low,Home Office,Pacific Asia,Furniture,2,0.11,761.62,3,Thursday,11,0
First Class,Medium,Home Office,Africa,Furniture,1,0.26,486.66,6,Thursday,6,0
Standard Class,Medium,Corporate,Africa,Apparel,14,0.12,867.72,1,Sunday,1,1
Standard Class,Medium,Consumer,USCA,Electronics,4,0.34,972.56,7,Saturday,12,0
Second Class,Low,Home Office,USCA,Apparel,5,0.13,146.16,7,Friday,1,0
Standard Class,Medium,Consumer,USCA,Apparel,7,0.21,1011.96,3,Tuesday,12,0
Second Class,Low,Consumer,Africa,Office Supplies,11,0.33,1136.39,7,Wednesday,7,0
Standard Class,Medium,Corporate,Europe,Electronics,12,0.33,117.11,5,Monday,6,0
Standard Class,Medium,Consumer,USCA,Grocery,8,0.23,395.65,7,Tuesday,6,0
Second Class,Low,Consumer,Europe,Office Supplies,7,0.15,209.84,6,Thursday,4,0
Standard Class,Medium,Home Office,LATAM,Electronics,3,0.22,521.64,6,Saturday,6,0
First Class,Medium,Consumer,Pacific Asia,Electronics,2,0.34,271.94,3,Saturday,6,0
Standard Class,Low,Home Office,Pacific Asia,Electronics,18,0.09,441.25,3,Wednesday,9,1
Standard Class,High,Home Office,Europe,Furniture,10,0.05,297.94,5,Friday,2,0
Same Day,High,Home Office,Africa,Electronics,19,0.23,14.28,1,Monday,4,1
Standard Class,Low,Home Office,Pacific Asia,Electronics,15,0.23,32.67,5,Friday,8,0
Second Class,High,Corporate,Europe,Grocery,17,0.12,622.74,2,Wednesday,7,0
Standard Class,Medium,Corporate,USCA,Electronics,19,0.17,621.16,2,Saturday,12,1
Second Class,Medium,Home Office,Europe,Apparel,3,0.04,52.93,3,Sunday,2,0
Second Class,High,Consumer,LATAM,Electronics,13,0.05,842.36,4,Saturday,1,0
Standard Class,Medium,Consumer,Europe,Electronics,2,0.33,41.99,7,Wednesday,8,0
First Class,Low,Corporate,USCA,Electronics,15,0.19,589.02,2,Monday,2,0
Second Class,High,Corporate,Europe,Furniture,17,0.04,480.3,2,Sunday,9,0
Standard Class,Low,Corporate,USCA,Office Supplies,1,0.38,1060.77,7,Friday,11,0
Second Class,Low,Corporate,USCA,Furniture,14,0.08,695.99,2,Sunday,9,0
Second Class,Low,Corporate,LATAM,Grocery,1,0.13,988.68,4,Saturday,11,0
Standard Class,High,Corporate,LATAM,Grocery,11,0.39,1198.02,4,Monday,4,0
Standard Class,High,Consumer,Pacific Asia,Apparel,3,0.07,221.11,7,Wednesday,7,0
Standard Class,Low,Consumer,USCA,Apparel,13,0.39,84.67,1,Monday,11,1
Standard Class,High,Corporate,USCA,Grocery,9,0.29,931.63,4,Tuesday,12,0
First Class,Low,Consumer,USCA,Office Supplies,15,0.17,761.6,7,Monday,2,0
Standard Class,Critical,Home Office,Pacific Asia,Office Supplies,9,0.24,764.63,1,Thursday,4,1
Same Day,Medium,Home Office,Africa,Grocery,7,0.2,386.35,5,Wednesday,11,0
Standard Class,Low,Corporate,LATAM,Electronics,7,0.32,131.91,6,Wednesday,8,0
Standard Class,Low,Home Office,LATAM,Furniture,2,0.03,868.24,6,Sunday,11,0
First Class,Low,Corporate,USCA,Furniture,2,0.33,656.57,1,Monday,8,0
Standard Class,Low,Consumer,Pacific Asia,Electronics,1,0.39,606.78,1,Thursday,9,1
Standard Class,High,Corporate,USCA,Office Supplies,18,0.17,885.81,2,Monday,5,1
Standard Class,Low,Consumer,LATAM,Furniture,16,0.08,1186.45,3,Friday,5,0
Standard Class,Critical,Consumer,Pacific Asia,Furniture,10,0.04,890.87,2,Tuesday,1,1
Standard Class,Medium,Consumer,Europe,Apparel,16,0.14,1122.16,2,Sunday,1,1
Same Day,Medium,Corporate,LATAM,Office Supplies,13,0.05,484.26,5,Tuesday,11,0
Standard Class,Low,Corporate,Europe,Grocery,2,0.09,1078.71,6,Wednesday,11,0
First Class,High,Consumer,Africa,Grocery,2,0.26,875.54,1,Sunday,1,1
Second Class,Medium,Consumer,Europe,Electronics,10,0.17,452.3,1,Friday,5,0
Standard Class,High,Corporate,Pacific Asia,Furniture,12,0.36,615.62,7,Wednesday,5,0
Standard Class,Critical,Consumer,Europe,Grocery,5,0.19,250.85,2,Saturday,3,1
First Class,Low,Consumer,Africa,Electronics,8,0.06,106.79,6,Monday,8,0
First Class,Low,Corporate,LATAM,Apparel,17,0.06,566.25,4,Monday,5,0
Standard Class,High,Consumer,Africa,Office Supplies,9,0.28,1191.93,3,Wednesday,12,1
Standard Class,High,Consumer,Pacific Asia,Furniture,15,0.25,1045.83,2,Friday,4,1
Standard Class,Medium,Consumer,Europe,Furniture,13,0.28,29.77,3,Thursday,1,1
Standard Class,Low,Corporate,Europe,Electronics,14,0.14,1164.11,2,Saturday,10,1
Second Class,Medium,Home Office,Pacific Asia,Furniture,8,0.37,568.04,2,Wednesday,1,0
First Class,Low,Home Office,USCA,Office Supplies,17,0.05,222.91,5,Friday,8,0
Standard Class,Low,Corporate,Pacific Asia,Grocery,11,0.01,1098.71,7,Sunday,3,0
Second Class,Medium,Consumer,Pacific Asia,Electronics,8,0.3,1110.58,2,Sunday,12,0
Second Class,Low,Consumer,Africa,Office Supplies,14,0.27,1017.83,4,Monday,12,0
Standard Class,Medium,Consumer,Africa,Furniture,1,0.2,749.33,4,Saturday,9,1
Standard Class,Critical,Corporate,Pacific Asia,Grocery,12,0.02,291.54,6,Sunday,2,1
Second Class,High,Corporate,LATAM,Office Supplies,10,0.05,296.75,7,Wednesday,2,0
First Class,High,Corporate,Europe,Grocery,12,0.08,1159.04,1,Tuesday,5,0
Second Class,High,Consumer,Pacific Asia,Grocery,19,0.26,341.78,6,Monday,3,0
Standard Class,Low,Consumer,USCA,Electronics,15,0.27,512.77,2,Friday,9,1
Standard Class,High,Consumer,Europe,Furniture,3,0.27,905.86,6,Friday,10,0
Standard Class,High,Corporate,LATAM,Apparel,9,0.32,989.96,1,Friday,2,1
Second Class,High,Consumer,Pacific Asia,Apparel,8,0.01,499.55,1,Monday,1,0
First Class,Medium,Corporate,LATAM,Apparel,10,0.26,480.8,3,Saturday,2,0
Standard Class,Low,Consumer,Europe,Office Supplies,8,0.1,434.82,6,Sunday,4,0
First Class,Low,Corporate,USCA,Apparel,16,0.23,472.17,5,Sunday,5,0
Second Class,Low,Consumer,Europe,Furniture,11,0.3,912.38,6,Thursday,11,0
Second Class,Critical,Consumer,Europe,Apparel,8,0.29,83.71,3,Sunday,5,0
Same Day,Medium,Consumer,Pacific Asia,Grocery,18,0.12,962.19,7,Monday,3,0
Standard Class,High,Consumer,Europe,Grocery,7,0.14,265.64,4,Friday,7,0
Same Day,Medium,Consumer,Pacific Asia,Grocery,3,0.37,202.15,7,Thursday,4,0
Standard Class,Medium,Home Office,Pacific Asia,Apparel,8,0.34,153.72,3,Saturday,2,0
Standard Class,Low,Consumer,LATAM,Furniture,5,0.1,290.33,5,Saturday,6,0
First Class,Low,Consumer,USCA,Furniture,5,0.23,1002.3,4,Sunday,2,0
Same Day,Medium,Corporate,Pacific Asia,Apparel,19,0.04,650.19,7,Friday,6,0
Standard Class,Medium,Corporate,Africa,Furniture,17,0.26,330.07,3,Wednesday,9,1
Second Class,Low,Consumer,LATAM,Apparel,14,0.25,231.28,5,Monday,3,0
Second Class,High,Corporate,Pacific Asia,Furniture,18,0.11,925.75,2,Tuesday,12,0
First Class,Low,Corporate,Pacific Asia,Electronics,2,0.17,611.54,2,Wednesday,10,0
Standard Class,High,Consumer,LATAM,Electronics,18,0.31,153.13,1,Saturday,7,1
First Class,Low,Corporate,Europe,Furniture,7,0.1,456.49,3,Thursday,5,0
Standard Class,Medium,Consumer,Pacific Asia,Grocery,17,0.31,539.51,4,Wednesday,10,1
Standard Class,Low,Consumer,USCA,Electronics,18,0.13,431.2,7,Tuesday,7,0
Standard Class,High,Home Office,Pacific Asia,Office Supplies,16,0.34,325.57,1,Saturday,9,1
Standard Class,Medium,Consumer,LATAM,Apparel,7,0.01,401.56,6,Thursday,9,0
Same Day,Medium,Consumer,Africa,Office Supplies,18,0.1,889.37,3,Sunday,1,0
Standard Class,High,Home Office,LATAM,Furniture,12,0.07,1144.13,6,Monday,5,0
Same Day,Low,Corporate,LATAM,Furniture,16,0.36,40.76,4,Friday,8,0
Standard Class,Low,Corporate,USCA,Grocery,14,0.17,755.91,2,Sunday,4,1
Second Class,High,Corporate,Europe,Electronics,7,0.22,96.62,1,Tuesday,12,0
First Class,Medium,Corporate,USCA,Electronics,8,0.1,250.58,4,Wednesday,3,0
Second Class,Low,Corporate,USCA,Office Supplies,14,0.05,657.84,3,Thursday,5,0
Second Class,Medium,Consumer,Pacific Asia,Electronics,14,0.24,954.77,1,Monday,8,0
Second Class,Low,Consumer,Africa,Furniture,3,0.11,528.34,4,Friday,3,0
First Class,Low,Consumer,LATAM,Grocery,8,0.37,1056.57,3,Sunday,5,0
First Class,Medium,Consumer,USCA,Apparel,19,0.19,861.76,6,Wednesday,12,0
Standard Class,High,Consumer,USCA,Office Supplies,12,0.06,240.55,4,Monday,1,0
First Class,Medium,Corporate,Europe,Office Supplies,11,0.01,826.59,1,Thursday,7,0
Standard Class,Medium,Consumer,Europe,Apparel,11,0.09,388.88,3,Saturday,11,0
Standard Class,High,Consumer,Africa,Furniture,3,0.13,922.38,5,Sunday,3,1
First Class,Low,Corporate,LATAM,Office Supplies,9,0.08,284.42,1,Sunday,10,0
Standard Class,Medium,Corporate,USCA,Electronics,11,0.15,181.95,4,Thursday,6,0
First Class,High,Home Office,Pacific Asia,Electronics,19,0.35,768.92,5,Monday,6,0
Standard Class,Low,Corporate,Europe,Electronics,10,0.02,743.78,3,Wednesday,8,0
Standard Class,Low,Home Office,USCA,Grocery,16,0.32,692.48,2,Friday,5,1
Standard Class,Critical,Corporate,Pacific Asia,Apparel,4,0.17,299.4,4,Sunday,6,1
Standard Class,Critical,Corporate,USCA,Furniture,1,0.36,255.12,7,Tuesday,9,1
First Class,Low,Home Office,Africa,Electronics,4,0.27,1095.8,6,Sunday,9,0
Standard Class,Low,Home Office,Africa,Electronics,8,0.07,643.87,4,Saturday,11,1
Standard Class,Low,Corporate,Pacific Asia,Grocery,16,0.38,493.78,1,Saturday,6,1
Standard Class,Low,Corporate,Europe,Electronics,6,0.06,985.16,2,Tuesday,9,1
Standard Class,Medium,Consumer,Africa,Grocery,1,0.13,70.43,1,Tuesday,5,1
First Class,Medium,Home Office,Europe,Apparel,16,0.39,814.43,7,Friday,1,0
Standard Class,High,Corporate,Pacific Asia,Office Supplies,1,0.08,185.43,5,Monday,1,0
Second Class,Low,Home Office,Pacific Asia,Electronics,16,0.25,279.1,2,Thursday,3,0
Same Day,High,Consumer,USCA,Electronics,4,0.39,770.96,2,Wednesday,3,0
Second Class,Low,Consumer,Pacific Asia,Apparel,2,0.28,342.83,1,Thursday,3,0
First Class,Low,Consumer,USCA,Office Supplies,14,0.27,935.86,2,Tuesday,5,1
Standard Class,Medium,Home Office,Europe,Grocery,6,0.25,627.11,4,Friday,1,0
Standard Class,Low,Home Office,USCA,Office Supplies,12,0.22,394.35,3,Monday,10,0
First Class,Low,Consumer,Europe,Electronics,5,0.38,1038.91,6,Thursday,11,0
Second Class,High,Corporate,Africa,Apparel,14,0.22,758.31,1,Saturday,9,1
Second Class,Low,Consumer,Europe,Furniture,5,0.27,511.3,5,Saturday,2,0
Second Class,Medium,Consumer,LATAM,Apparel,18,0.3,549.57,6,Saturday,12,0
Standard Class,Low,Consumer,USCA,Grocery,16,0.21,329.6,1,Tuesday,5,1
Standard Class,Low,Corporate,Africa,Grocery,16,0.36,139.09,1,Saturday,8,1
First Class,Medium,Home Office,Europe,Electronics,10,0.01,370.07,5,Friday,9,0
Second Class,High,Consumer,Pacific Asia,Apparel,11,0.16,324.53,5,Tuesday,9,0
Standard Class,Medium,Corporate,USCA,Furniture,5,0.25,409.48,5,Thursday,5,0
First Class,Medium,Corporate,Europe,Apparel,4,0.01,568.31,3,Tuesday,12,0
Standard Class,High,Consumer,Africa,Grocery,7,0.37,85.01,5,Wednesday,2,1
Standard Class,High,Home Office,Pacific Asia,Apparel,6,0.33,136.14,5,Sunday,3,0
First Class,Low,Home Office,USCA,Electronics,15,0.09,878.03,7,Thursday,4,0
First Class,Medium,Consumer,Africa,Grocery,15,0.13,228.24,2,Monday,4,1
Standard Class,Medium,Corporate,Pacific Asia,Apparel,17,0.27,413.38,1,Tuesday,2,1
Standard Class,Medium,Consumer,LATAM,Apparel,10,0.14,767.97,5,Monday,3,0
Standard Class,Medium,Corporate,Pacific Asia,Electronics,18,0.34,1172.56,5,Tuesday,4,1
Second Class,Low,Corporate,USCA,Electronics,11,0.1,168.26,3,Saturday,12,0
Standard Class,Medium,Consumer,LATAM,Apparel,18,0.33,911.27,5,Tuesday,4,1
First Class,Medium,Home Office,Europe,Furniture,2,0.19,594.62,3,Saturday,2,0
Same Day,Medium,Corporate,LATAM,Grocery,3,0.18,121.58,5,Tuesday,6,0
First Class,High,Home Office,LATAM,Apparel,6,0.07,211.09,4,Tuesday,3,0
Standard Class,High,Consumer,LATAM,Electronics,3,0.39,836.16,4,Saturday,4,0
First Class,Medium,Home Office,Pacific Asia,Grocery,7,0.14,1056.56,2,Sunday,3,0
Standard Class,Medium,Corporate,LATAM,Electronics,3,0.08,24.43,7,Saturday,9,0
Standard Class,Medium,Consumer,LATAM,Grocery,15,0.01,275.17,2,Thursday,1,1
Standard Class,Medium,Consumer,Europe,Apparel,13,0.2,435.98,3,Friday,8,0
Standard Class,Critical,Home Office,LATAM,Office Supplies,6,0.01,1186.67,4,Thursday,1,1
Same Day,Medium,Corporate,Pacific Asia,Office Supplies,2,0.18,786.11,7,Friday,9,0
Standard Class,Low,Consumer,Africa,Grocery,2,0.36,439.38,7,Thursday,9,1
Standard Class,Medium,Home Office,Africa,Electronics,19,0.2,250.0,3,Wednesday,9,1
Same Day,Medium,Consumer,Pacific Asia,Electronics,8,0.02,279.86,4,Wednesday,11,0
Standard Class,Medium,Consumer,Pacific Asia,Electronics,9,0.11,68.88,6,Wednesday,12,0
First Class,Medium,Corporate,LATAM,Apparel,2,0.02,1193.65,5,Friday,11,0
Standard Class,Low,Corporate,Pacific Asia,Grocery,7,0.35,1178.86,2,Tuesday,10,1
Standard Class,Low,Consumer,LATAM,Apparel,17,0.1,23.31,5,Saturday,8,0
Same Day,Low,Corporate,USCA,Office Supplies,15,0.03,332.25,6,Wednesday,4,0
Standard Class,Medium,Corporate,Europe,Office Supplies,4,0.39,34.33,6,Sunday,12,0
Second Class,Low,Corporate,Europe,Electronics,13,0.19,369.07,7,Monday,9,0
Standard Class,High,Corporate,Europe,Electronics,3,0.16,1082.49,7,Friday,11,0
Standard Class,Low,Consumer,USCA,Grocery,12,0.37,1050.98,3,Friday,4,0
Standard Class,High,Home Office,Europe,Office Supplies,3,0.21,825.08,4,Friday,2,0
Standard Class,Low,Consumer,LATAM,Grocery,19,0.11,1184.7,6,Friday,11,0
Standard Class,Low,Home Office,Africa,Office Supplies,9,0.32,897.75,3,Friday,12,1
First Class,Medium,Consumer,Europe,Furniture,16,0.11,297.29,3,Thursday,7,0
Standard Class,Low,Consumer,Europe,Grocery,18,0.18,1003.58,4,Wednesday,4,0
Standard Class,High,Consumer,LATAM,Furniture,16,0.32,614.44,2,Friday,7,1
Standard Class,Low,Corporate,LATAM,Apparel,12,0.37,609.72,4,Thursday,8,0
Same Day,Medium,Consumer,Europe,Office Supplies,7,0.24,1001.18,2,Monday,11,0
Same Day,High,Corporate,Pacific Asia,Furniture,19,0.2,645.87,5,Thursday,2,0
Second Class,Low,Home Office,USCA,Apparel,12,0.03,399.45,3,Saturday,11,0
First Class,Low,Consumer,Africa,Grocery,11,0.25,1115.21,7,Monday,3,0
Standard Class,Low,Consumer,Africa,Furniture,12,0.13,97.55,7,Saturday,12,1
Standard Class,Medium,Home Office,USCA,Furniture,19,0.21,792.76,5,Sunday,4,0
Second Class,Low,Consumer,Europe,Apparel,17,0.3,944.67,7,Monday,6,0
Second Class,Medium,Consumer,Europe,Furniture,15,0.26,70.98,2,Tuesday,7,1
Standard Class,High,Consumer,Europe,Apparel,10,0.04,288.9,5,Monday,10,0
Standard Class,High,Consumer,Europe,Office Supplies,4,0.16,275.66,1,Sunday,10,1
Same Day,Low,Consumer,Europe,Office Supplies,18,0.08,1068.23,2,Thursday,4,0
First Class,Low,Corporate,Africa,Office Supplies,13,0.06,783.87,7,Thursday,4,0
Standard Class,Low,Consumer,Europe,Furniture,5,0.09,268.17,7,Monday,4,0
Second Class,Medium,Corporate,LATAM,Furniture,4,0.37,1092.64,2,Sunday,8,0
Standard Class,Low,Consumer,Pacific Asia,Electronics,16,0.29,300.0,4,Sunday,1,1
Standard Class,High,Corporate,Europe,Electronics,9,0.36,797.8,6,Wednesday,11,0
Standard Class,Medium,Consumer,LATAM,Apparel,7,0.2,548.39,7,Tuesday,3,0
Standard Class,Low,Home Office,Africa,Furniture,18,0.0,126.16,6,Friday,6,1
Standard Class,Medium,Corporate,LATAM,Apparel,10,0.01,906.37,2,Thursday,10,1
First Class,Low,Consumer,USCA,Grocery,15,0.06,399.95,7,Saturday,4,0
Standard Class,Low,Consumer,USCA,Furniture,9,0.31,438.41,5,Friday,4,0
Second Class,Low,Consumer,LATAM,Grocery,18,0.08,265.34,6,Thursday,11,0
Standard Class,Low,Consumer,Europe,Furniture,11,0.04,967.08,3,Friday,4,0
Standard Class,Medium,Corporate,Europe,Office Supplies,12,0.34,200.43,7,Sunday,2,0
First Class,Medium,Consumer,Europe,Apparel,2,0.09,269.68,3,Tuesday,11,0
Second Class,Low,Home Office,LATAM,Electronics,9,0.2,493.95,4,Wednesday,7,0
Same Day,Critical,Consumer,USCA,Office Supplies,17,0.14,187.1,1,Tuesday,12,1
Same Day,Medium,Corporate,USCA,Electronics,3,0.36,144.24,6,Tuesday,12,0
Standard Class,Low,Consumer,Africa,Furniture,14,0.28,630.81,6,Friday,5,1
Standard Class,Low,Consumer,USCA,Grocery,3,0.18,1144.74,5,Wednesday,3,0
First Class,Medium,Home Office,USCA,Grocery,6,0.35,964.12,7,Tuesday,11,0
Same Day,Critical,Home Office,Pacific Asia,Office Supplies,11,0.29,220.76,1,Tuesday,6,1
Second Class,Medium,Corporate,USCA,Electronics,3,0.32,709.24,1,Friday,6,0
First Class,High,Corporate,LATAM,Apparel,15,0.39,954.34,2,Saturday,8,1
First Class,Medium,Home Office,Europe,Apparel,8,0.08,182.48,6,Tuesday,8,0
Standard Class,Medium,Corporate,LATAM,Apparel,2,0.08,107.48,3,Friday,1,0
Second Class,Medium,Consumer,Europe,Electronics,11,0.22,1070.41,2,Sunday,1,0
First Class,Medium,Consumer,Europe,Grocery,14,0.21,301.6,5,Monday,8,0
Second Class,Low,Corporate,Africa,Grocery,3,0.35,602.47,1,Saturday,9,1
Standard Class,High,Corporate,USCA,Office Supplies,10,0.06,258.41,4,Saturday,1,0
Standard Class,Low,Corporate,Africa,Electronics,18,0.17,66.71,4,Saturday,10,1
Standard Class,Medium,Consumer,Europe,Furniture,18,0.21,620.72,7,Monday,10,0
Standard Class,Medium,Home Office,Pacific Asia,Furniture,12,0.19,527.75,1,Sunday,11,1
Same Day,Medium,Corporate,Pacific Asia,Apparel,19,0.03,874.52,1,Monday,1,0
Standard Class,Low,Corporate,Africa,Grocery,19,0.06,1030.32,1,Monday,1,1
Standard Class,Medium,Consumer,Africa,Grocery,9,0.06,178.53,4,Saturday,7,1
Standard Class,Medium,Home Office,USCA,Electronics,1,0.24,214.26,7,Friday,9,0
Second Class,Medium,Corporate,Africa,Electronics,12,0.17,1140.8,7,Tuesday,6,0
Standard Class,High,Corporate,Africa,Office Supplies,2,0.07,507.36,4,Thursday,7,1
Standard Class,Medium,Home Office,LATAM,Electronics,2,0.29,1143.72,2,Wednesday,12,1
Standard Class,Low,Home Office,Africa,Office Supplies,5,0.32,412.73,4,Saturday,3,1
Standard Class,Critical,Consumer,Africa,Apparel,1,0.08,423.76,2,Saturday,2,1
Standard Class,High,Home Office,LATAM,Apparel,12,0.29,851.31,5,Saturday,10,0
Standard Class,Low,Corporate,Europe,Grocery,5,0.03,125.39,1,Thursday,5,1
Same Day,Low,Consumer,Europe,Grocery,14,0.34,501.43,6,Monday,2,0
Standard Class,Low,Consumer,LATAM,Grocery,8,0.39,462.77,5,Saturday,5,0
Standard Class,Medium,Consumer,USCA,Furniture,11,0.06,52.05,6,Saturday,3,0
Second Class,High,Corporate,Africa,Office Supplies,18,0.31,382.02,6,Saturday,4,0
Standard Class,High,Corporate,USCA,Apparel,10,0.04,484.23,7,Monday,10,0
Second Class,High,Consumer,Pacific Asia,Office Supplies,9,0.38,79.01,4,Thursday,2,0
Standard Class,Low,Home Office,USCA,Furniture,15,0.18,33.97,6,Wednesday,4,0
Second Class,Medium,Home Office,Africa,Furniture,10,0.21,723.84,3,Friday,3,0
First Class,Low,Corporate,Europe,Apparel,4,0.31,254.95,3,Thursday,3,0
Same Day,Low,Home Office,Africa,Apparel,11,0.1,441.46,4,Wednesday,9,0
Standard Class,Medium,Home Office,Africa,Grocery,17,0.16,105.27,3,Sunday,4,1
Standard Class,Low,Consumer,Africa,Furniture,18,0.03,130.07,7,Sunday,2,1
Standard Class,Medium,Corporate,USCA,Grocery,17,0.25,193.78,7,Saturday,6,0
Same Day,Medium,Home Office,Europe,Apparel,1,0.32,45.47,6,Friday,8,0
Same Day,High,Consumer,Europe,Furniture,12,0.34,917.24,5,Sunday,9,0
Standard Class,Low,Home Office,USCA,Furniture,15,0.21,1088.33,2,Thursday,6,1
Standard Class,High,Consumer,USCA,Electronics,17,0.31,631.35,3,Monday,10,1
Standard Class,Critical,Corporate,USCA,Furniture,3,0.06,981.55,5,Wednesday,6,1
Standard Class,High,Corporate,Pacific Asia,Grocery,7,0.3,171.31,7,Wednesday,1,0
Standard Class,High,Corporate,Pacific Asia,Electronics,1,0.0,544.64,2,Tuesday,4,1
Standard Class,Medium,Corporate,Africa,Furniture,11,0.08,180.16,6,Friday,9,1
Second Class,Medium,Corporate,Pacific Asia,Electronics,5,0.25,1194.39,7,Monday,2,0
Same Day,Medium,Corporate,USCA,Furniture,3,0.13,79.18,3,Thursday,3,0
Same Day,Medium,Corporate,USCA,Office Supplies,9,0.16,538.35,6,Sunday,5,0
Standard Class,Medium,Consumer,USCA,Grocery,8,0.33,143.58,5,Thursday,8,0
Second Class,High,Corporate,Europe,Grocery,2,0.23,91.71,3,Sunday,10,0
First Class,Medium,Home Office,Europe,Electronics,19,0.16,884.63,6,Thursday,3,0
Standard Class,Low,Consumer,Pacific Asia,Office Supplies,16,0.19,105.35,7,Friday,9,0
Second Class,Medium,Corporate,LATAM,Electronics,16,0.34,38.51,5,Saturday,1,0
Standard Class,Low,Consumer,LATAM,Electronics,4,0.19,1140.08,5,Thursday,5,0
Standard Class,Low,Corporate,USCA,Apparel,10,0.35,229.87,4,Monday,3,0
Standard Class,Low,Consumer,Europe,Electronics,17,0.1,1014.88,1,Thursday,10,1
Standard Class,Low,Consumer,Africa,Furniture,15,0.21,1144.05,7,Friday,11,1
Second Class,High,Consumer,Pacific Asia,Apparel,18,0.15,904.85,4,Friday,6,0
Standard Class,Medium,Consumer,Europe,Apparel,2,0.24,133.53,6,Sunday,1,0
Standard Class,Low,Consumer,USCA,Electronics,8,0.23,212.86,4,Friday,4,0
Standard Class,Medium,Consumer,USCA,Apparel,10,0.23,223.17,3,Wednesday,2,0
First Class,Low,Consumer,LATAM,Grocery,1,0.21,788.19,4,Monday,2,0
Standard Class,Medium,Consumer,USCA,Apparel,18,0.18,223.68,4,Friday,10,0
Second Class,Medium,Home Office,USCA,Apparel,16,0.36,45.67,7,Wednesday,12,0
Second Class,High,Consumer,Africa,Furniture,10,0.11,555.69,3,Tuesday,5,0
Standard Class,Low,Home Office,Pacific Asia,Grocery,5,0.17,711.0,5,Wednesday,7,0
Standard Class,Medium,Corporate,Africa,Apparel,9,0.08,557.88,1,Sunday,6,1
Second Class,High,Consumer,LATAM,Furniture,10,0.13,592.08,3,Monday,7,0
Standard Class,Critical,Consumer,Europe,Grocery,5,0.1,553.62,3,Wednesday,3,1
Standard Class,Low,Home Office,LATAM,Apparel,7,0.27,325.87,7,Sunday,4,0
Second Class,Medium,Corporate,USCA,Electronics,6,0.28,1147.52,6,Friday,2,0
Standard Class,Low,Consumer,Pacific Asia,Apparel,14,0.11,1007.32,7,Thursday,11,0
Standard Class,Medium,Consumer,USCA,Grocery,18,0.39,394.19,5,Monday,3,1
Standard Class,Low,Consumer,Pacific Asia,Apparel,13,0.11,57.21,1,Saturday,3,1
Standard Class,High,Home Office,Pacific Asia,Grocery,10,0.33,1031.02,4,Friday,10,0
Second Class,Low,Home Office,Pacific Asia,Electronics,14,0.12,893.25,2,Monday,5,0
Second Class,Medium,Consumer,Europe,Apparel,8,0.17,106.69,6,Thursday,6,0
Second Class,Medium,Consumer,LATAM,Grocery,14,0.27,840.64,4,Monday,8,0
Second Class,Critical,Consumer,Europe,Furniture,4,0.22,548.61,6,Wednesday,11,0
Standard Class,Medium,Home Office,Europe,Apparel,9,0.2,165.12,5,Thursday,1,0
Standard Class,Low,Corporate,Europe,Electronics,6,0.32,872.41,1,Monday,11,1
Standard Class,Low,Home Office,Africa,Furniture,2,0.28,433.28,3,Friday,10,1
Standard Class,Low,Consumer,Africa,Apparel,3,0.37,1093.42,7,Tuesday,5,1
Same Day,High,Corporate,Africa,Grocery,11,0.09,61.04,1,Wednesday,2,1
First Class,Medium,Consumer,Europe,Office Supplies,17,0.01,1125.42,6,Sunday,4,0
Standard Class,Medium,Home Office,USCA,Furniture,1,0.4,114.69,5,Wednesday,11,0
Standard Class,Low,Consumer,Africa,Grocery,3,0.11,53.02,1,Monday,7,1
Standard Class,High,Home Office,Africa,Furniture,14,0.02,702.34,6,Sunday,5,1
Standard Class,Medium,Consumer,Europe,Apparel,11,0.1,736.56,5,Monday,12,0
Standard Class,Critical,Corporate,LATAM,Electronics,16,0.27,245.2,1,Thursday,3,1
Standard Class,Medium,Consumer,USCA,Electronics,14,0.24,1052.43,6,Friday,9,0
First Class,Low,Consumer,Pacific Asia,Furniture,19,0.08,964.41,1,Friday,9,0
Second Class,Low,Consumer,Pacific Asia,Office Supplies,9,0.07,346.27,7,Friday,6,0
Standard Class,Low,Corporate,USCA,Apparel,2,0.18,537.26,1,Sunday,12,1
Standard Class,Medium,Consumer,Europe,Grocery,10,0.01,942.14,6,Thursday,11,0
Standard Class,Medium,Consumer,LATAM,Apparel,3,0.0,1001.7,2,Wednesday,2,1
First Class,Low,Consumer,LATAM,Office Supplies,15,0.25,957.56,3,Monday,6,0
First Class,Low,Consumer,Pacific Asia,Grocery,12,0.13,328.83,6,Tuesday,11,0
Same Day,Low,Consumer,LATAM,Office Supplies,19,0.01,920.73,2,Monday,12,0
Standard Class,High,Consumer,Pacific Asia,Apparel,9,0.18,762.8,1,Wednesday,5,1
Second Class,Low,Consumer,Africa,Apparel,14,0.37,636.22,3,Sunday,1,0
Standard Class,Low,Consumer,Europe,Furniture,15,0.1,1156.66,4,Tuesday,8,0
Second Class,Low,Home Office,LATAM,Office Supplies,11,0.1,721.66,1,Sunday,2,0
Standard Class,Medium,Consumer,Europe,Electronics,11,0.19,1043.8,1,Tuesday,3,1
Standard Class,Medium,Corporate,Africa,Office Supplies,3,0.06,905.28,3,Wednesday,5,1
Second Class,High,Consumer,USCA,Office Supplies,11,0.26,63.65,4,Saturday,12,0
Standard Class,Low,Home Office,USCA,Grocery,1,0.34,327.65,6,Saturday,5,0
Standard Class,Medium,Consumer,USCA,Grocery,4,0.08,734.9,7,Tuesday,11,0
Standard Class,Low,Home Office,Pacific Asia,Furniture,10,0.26,531.57,6,Thursday,11,0
Standard Class,Critical,Consumer,Pacific Asia,Electronics,18,0.36,1147.04,6,Wednesday,8,1
Standard Class,Low,Consumer,USCA,Apparel,1,0.36,704.51,1,Thursday,3,1
Standard Class,Low,Consumer,Africa,Electronics,3,0.22,1115.61,1,Friday,9,1
Standard Class,Medium,Consumer,Pacific Asia,Electronics,3,0.06,255.01,5,Saturday,4,0
Standard Class,Low,Consumer,USCA,Electronics,19,0.26,1078.34,2,Sunday,4,1
Same Day,Low,Consumer,Europe,Furniture,18,0.29,649.2,3,Monday,3,0
Standard Class,Medium,Home Office,USCA,Furniture,13,0.3,264.75,7,Wednesday,9,1
Standard Class,Medium,Consumer,USCA,Electronics,3,0.37,474.37,2,Sunday,6,1
Standard Class,Medium,Consumer,Europe,Apparel,18,0.25,1162.91,1,Sunday,7,1
First Class,Medium,Corporate,Pacific Asia,Apparel,19,0.19,1151.78,2,Saturday,10,0
Second Class,Medium,Corporate,Europe,Apparel,8,0.2,36.16,7,Monday,6,0
Standard Class,Medium,Consumer,Pacific Asia,Furniture,14,0.13,375.82,4,Wednesday,8,0
Second Class,Medium,Corporate,Africa,Grocery,1,0.02,1080.21,1,Thursday,1,0
Second Class,Medium,Consumer,Pacific Asia,Apparel,1,0.29,48.7,7,Sunday,7,0
Second Class,Low,Consumer,LATAM,Grocery,8,0.01,1148.75,3,Tuesday,12,0
Second Class,Low,Consumer,Pacific Asia,Electronics,12,0.03,471.7,5,Wednesday,4,0
First Class,Medium,Consumer,LATAM,Apparel,8,0.13,146.62,1,Tuesday,11,0
First Class,Medium,Consumer,Pacific Asia,Electronics,11,0.37,368.36,3,Sunday,12,0
Second Class,High,Consumer,Europe,Electronics,14,0.19,971.71,4,Monday,10,0
Standard Class,Low,Consumer,Pacific Asia,Office Supplies,18,0.09,1198.14,5,Tuesday,9,1
Second Class,Low,Corporate,USCA,Electronics,12,0.36,169.23,1,Monday,2,0
First Class,Low,Corporate,Pacific Asia,Electronics,8,0.23,768.7,6,Wednesday,8,0
Standard Class,Low,Corporate,Europe,Furniture,1,0.15,1111.12,2,Wednesday,5,1
Same Day,Medium,Corporate,Europe,Electronics,10,0.29,1080.66,2,Friday,11,0
Standard Class,Medium,Home Office,Pacific Asia,Apparel,5,0.18,466.2,1,Friday,3,1
Standard Class,Medium,Home Office,Pacific Asia,Furniture,14,0.29,1040.27,6,Monday,8,1
First Class,Medium,Home Office,Pacific Asia,Office Supplies,8,0.09,237.99,3,Sunday,11,0
Standard Class,High,Consumer,Africa,Office Supplies,12,0.06,762.23,6,Tuesday,12,1
Standard Class,Critical,Consumer,LATAM,Electronics,4,0.18,721.62,4,Monday,5,1
Standard Class,Medium,Corporate,Pacific Asia,Grocery,18,0.13,941.63,3,Sunday,9,0
Standard Class,High,Consumer,Pacific Asia,Office Supplies,15,0.24,282.51,3,Monday,1,0
Standard Class,Medium,Consumer,LATAM,Office Supplies,6,0.32,758.33,2,Wednesday,10,1
Standard Class,High,Consumer,USCA,Office Supplies,11,0.36,736.41,6,Wednesday,10,0
Standard Class,High,Home Office,Africa,Apparel,13,0.3,110.23,1,Sunday,6,1
Same Day,Critical,Consumer,Africa,Grocery,2,0.14,403.4,5,Friday,5,1
Same Day,Medium,Consumer,USCA,Electronics,9,0.29,256.85,2,Thursday,2,0
Standard Class,High,Consumer,LATAM,Electronics,9,0.21,1199.51,7,Sunday,12,0
Second Class,Medium,Corporate,LATAM,Furniture,2,0.36,1188.81,2,Friday,7,0
Standard Class,Low,Consumer,Europe,Apparel,3,0.28,310.39,1,Tuesday,4,1
Standard Class,Low,Consumer,LATAM,Grocery,10,0.06,972.14,5,Sunday,2,0
Standard Class,High,Home Office,Africa,Furniture,18,0.03,981.59,7,Thursday,11,1
Same Day,Low,Corporate,Europe,Grocery,18,0.22,1123.73,5,Wednesday,12,0
Same Day,Medium,Corporate,Pacific Asia,Office Supplies,1,0.15,163.71,6,Friday,8,0
Standard Class,Low,Home Office,Pacific Asia,Grocery,15,0.07,804.44,3,Thursday,12,0
Standard Class,Low,Consumer,Pacific Asia,Furniture,13,0.32,255.0,2,Friday,9,1
Standard Class,High,Corporate,Europe,Apparel,15,0.15,792.61,7,Wednesday,5,0
Standard Class,High,Consumer,Africa,Apparel,4,0.03,1047.89,3,Saturday,11,1
Second Class,Medium,Corporate,LATAM,Office Supplies,19,0.1,106.68,6,Sunday,10,0
Standard Class,Low,Consumer,Europe,Electronics,3,0.27,768.02,5,Monday,9,0
First Class,Medium,Consumer,Africa,Furniture,13,0.26,649.75,1,Tuesday,6,1
Standard Class,Medium,Consumer,LATAM,Electronics,7,0.1,218.96,3,Thursday,2,0
Same Day,Low,Consumer,USCA,Office Supplies,12,0.14,292.69,7,Saturday,7,0
Second Class,Low,Consumer,Africa,Grocery,2,0.02,629.4,1,Wednesday,8,1
Standard Class,Medium,Corporate,USCA,Grocery,16,0.38,1033.99,3,Monday,4,1
First Class,Low,Corporate,Pacific Asia,Office Supplies,8,0.13,813.47,1,Monday,1,0
First Class,Medium,Consumer,Pacific Asia,Apparel,12,0.37,42.66,1,Sunday,12,0
Standard Class,Low,Consumer,Africa,Furniture,2,0.33,160.17,2,Friday,8,1
Standard Class,Medium,Corporate,USCA,Office Supplies,16,0.13,1060.37,6,Tuesday,7,0
Same Day,Low,Corporate,Europe,Office Supplies,15,0.28,786.63,1,Wednesday,11,1
Standard Class,Critical,Consumer,LATAM,Furniture,9,0.19,31.49,5,Tuesday,11,1
Standard Class,Medium,Corporate,Pacific Asia,Apparel,15,0.39,719.41,6,Friday,3,1
Standard Class,Low,Corporate,Pacific Asia,Apparel,3,0.26,210.61,1,Friday,3,1
First Class,Medium,Consumer,Pacific Asia,Furniture,11,0.21,1104.71,1,Thursday,11,0
First Class,High,Consumer,Pacific Asia,Electronics,19,0.26,155.68,7,Thursday,4,0
Same Day,High,Consumer,Africa,Grocery,15,0.09,101.6,6,Monday,4,0
Standard Class,Medium,Home Office,Africa,Furniture,1,0.12,777.32,4,Sunday,3,1
Standard Class,Low,Consumer,USCA,Apparel,7,0.29,953.37,2,Saturday,12,1
Second Class,Medium,Consumer,Europe,Electronics,4,0.03,335.83,2,Wednesday,10,0
First Class,High,Home Office,USCA,Office Supplies,1,0.12,368.6,7,Thursday,12,0
Standard Class,Medium,Consumer,Europe,Office Supplies,11,0.25,434.58,2,Thursday,8,1
Standard Class,High,Corporate,Africa,Office Supplies,19,0.4,921.31,2,Tuesday,1,1
Standard Class,Low,Consumer,Pacific Asia,Grocery,12,0.37,321.77,2,Friday,10,1
Second Class,Low,Home Office,USCA,Apparel,8,0.33,114.9,4,Saturday,6,0
First Class,High,Home Office,Europe,Electronics,13,0.2,377.91,1,Thursday,11,0
Second Class,Medium,Corporate,LATAM,Apparel,5,0.32,1159.58,3,Friday,11,0
Same Day,Low,Consumer,Europe,Grocery,1,0.22,527.1,1,Friday,10,0
Standard Class,Low,Consumer,USCA,Grocery,18,0.18,676.37,2,Saturday,1,1
Same Day,High,Corporate,Africa,Furniture,2,0.09,917.14,7,Monday,9,0
First Class,Low,Consumer,Pacific Asia,Apparel,9,0.38,674.65,5,Wednesday,7,0
Standard Class,Low,Corporate,LATAM,Office Supplies,13,0.24,791.65,4,Friday,1,0
Same Day,Low,Corporate,USCA,Furniture,13,0.27,1057.62,3,Friday,1,0
Standard Class,High,Home Office,Africa,Apparel,15,0.06,453.82,2,Monday,1,1
First Class,High,Consumer,Europe,Furniture,9,0.17,142.66,3,Thursday,5,0
First Class,Medium,Corporate,Africa,Furniture,15,0.39,122.41,4,Friday,1,0
First Class,Medium,Corporate,Africa,Electronics,7,0.3,941.35,6,Saturday,8,0
Second Class,Low,Consumer,Pacific Asia,Furniture,11,0.35,789.36,7,Tuesday,11,0
Standard Class,Low,Home Office,USCA,Grocery,5,0.16,684.11,2,Monday,5,1
Standard Class,High,Consumer,Africa,Office Supplies,9,0.03,1116.7,4,Sunday,8,1
Standard Class,Low,Corporate,Europe,Electronics,14,0.14,755.94,6,Thursday,10,0
First Class,Medium,Home Office,Europe,Furniture,19,0.15,66.74,7,Monday,1,0
First Class,Medium,Consumer,Pacific Asia,Electronics,15,0.12,567.7,4,Monday,6,0
Same Day,Low,Consumer,Africa,Office Supplies,16,0.21,265.72,1,Monday,3,1
Standard Class,Medium,Consumer,Europe,Office Supplies,15,0.08,749.35,6,Tuesday,5,0
First Class,Medium,Corporate,Europe,Electronics,15,0.38,233.35,2,Sunday,1,1
Same Day,Medium,Corporate,Pacific Asia,Apparel,4,0.36,777.53,2,Wednesday,5,0
First Class,Low,Consumer,Africa,Office Supplies,19,0.1,1061.16,5,Friday,10,0
Standard Class,Low,Corporate,Pacific Asia,Grocery,19,0.26,101.83,6,Monday,11,1
Standard Class,Medium,Home Office,Africa,Grocery,5,0.2,318.18,1,Tuesday,10,1
Standard Class,Critical,Home Office,Europe,Furniture,2,0.1,811.46,2,Saturday,3,1
Second Class,Low,Corporate,USCA,Apparel,1,0.36,856.35,7,Tuesday,12,0
Second Class,Critical,Consumer,Europe,Apparel,9,0.09,708.29,7,Wednesday,1,0
Same Day,Medium,Home Office,USCA,Furniture,8,0.25,175.52,6,Saturday,12,0
Standard Class,High,Consumer,Africa,Office Supplies,12,0.13,298.73,2,Monday,5,1
Standard Class,Low,Corporate,Africa,Electronics,3,0.33,1089.75,3,Sunday,10,1
Second Class,Low,Corporate,LATAM,Apparel,8,0.25,984.89,5,Monday,12,0
First Class,Low,Consumer,Africa,Apparel,18,0.33,1140.53,4,Thursday,2,0
Same Day,Low,Consumer,Africa,Office Supplies,9,0.14,496.8,5,Thursday,6,0
First Class,Critical,Consumer,LATAM,Electronics,4,0.0,533.08,6,Tuesday,12,0
Standard Class,Low,Consumer,USCA,Grocery,16,0.09,318.05,1,Monday,5,1
Second Class,Medium,Consumer,Africa,Apparel,18,0.33,634.19,5,Tuesday,1,1
First Class,Low,Home Office,Pacific Asia,Office Supplies,10,0.13,997.52,6,Tuesday,8,0
Standard Class,Medium,Consumer,Africa,Apparel,17,0.13,304.74,6,Thursday,6,1
Standard Class,Low,Consumer,Africa,Grocery,8,0.18,177.36,5,Saturday,12,1
Standard Class,Low,Consumer,Europe,Furniture,2,0.11,903.13,7,Wednesday,4,0
Standard Class,Low,Consumer,Africa,Office Supplies,10,0.32,835.14,5,Saturday,7,1
Second Class,High,Consumer,Africa,Electronics,12,0.13,996.77,3,Wednesday,5,0
Standard Class,Low,Consumer,Pacific Asia,Furniture,7,0.24,904.33,1,Friday,5,1
Standard Class,Low,Consumer,LATAM,Electronics,7,0.18,508.96,4,Sunday,9,0
Standard Class,Low,Consumer,LATAM,Grocery,13,0.11,196.59,7,Wednesday,11,0
Second Class,Critical,Consumer,LATAM,Electronics,19,0.11,860.28,6,Friday,11,0
Standard Class,Medium,Corporate,Europe,Apparel,10,0.2,1055.3,1,Saturday,2,1
Second Class,Medium,Consumer,Africa,Grocery,6,0.08,191.84,6,Monday,3,0
Standard Class,Medium,Consumer,USCA,Furniture,13,0.14,627.21,7,Friday,11,0
Standard Class,Low,Home Office,USCA,Apparel,18,0.02,401.34,4,Thursday,1,0
Standard Class,Medium,Corporate,Pacific Asia,Apparel,16,0.32,628.16,6,Wednesday,4,1
Standard Class,Low,Consumer,Europe,Grocery,7,0.02,47.28,6,Friday,7,0
Standard Class,Medium,Consumer,Europe,Electronics,8,0.35,430.69,3,Wednesday,1,0
Standard Class,Medium,Corporate,Africa,Electronics,8,0.02,586.23,7,Friday,7,1
First Class,Medium,Corporate,USCA,Furniture,16,0.34,189.54,1,Thursday,12,1
Second Class,Low,Consumer,Europe,Grocery,8,0.26,494.91,7,Saturday,8,0
Standard Class,Low,Consumer,Pacific Asia,Furniture,15,0.2,219.47,7,Friday,1,1
Standard Class,High,Home Office,USCA,Office Supplies,8,0.06,266.63,7,Sunday,6,0
Same Day,Medium,Corporate,Europe,Grocery,6,0.1,1173.42,3,Thursday,9,0
Second Class,Low,Consumer,Africa,Office Supplies,1,0.28,726.15,6,Friday,7,0
Standard Class,Low,Consumer,Africa,Furniture,16,0.2,473.41,6,Saturday,6,1
Second Class,High,Consumer,Africa,Office Supplies,13,0.21,630.32,3,Wednesday,4,0
First Class,High,Consumer,Africa,Office Supplies,4,0.05,465.85,2,Sunday,7,1
First Class,Critical,Home Office,USCA,Apparel,18,0.19,726.19,5,Wednesday,2,0
Standard Class,Low,Consumer,USCA,Apparel,7,0.24,10.57,4,Thursday,9,0
Standard Class,Medium,Home Office,Europe,Furniture,1,0.05,290.98,2,Wednesday,5,1
Standard Class,Low,Consumer,Pacific Asia,Furniture,5,0.39,1186.81,3,Monday,4,0
Same Day,Medium,Consumer,LATAM,Electronics,8,0.33,143.69,3,Monday,5,0
Second Class,Low,Consumer,LATAM,Office Supplies,4,0.13,103.93,2,Monday,5,0
Standard Class,Low,Corporate,Africa,Electronics,7,0.23,596.87,4,Thursday,10,1
Same Day,Low,Consumer,Europe,Electronics,16,0.22,356.09,5,Wednesday,4,0
Same Day,Medium,Corporate,LATAM,Grocery,5,0.04,645.21,1,Friday,3,0
Same Day,Medium,Corporate,LATAM,Electronics,17,0.18,1153.26,7,Tuesday,9,0
First Class,Medium,Consumer,LATAM,Electronics,11,0.08,160.14,5,Monday,12,0
Same Day,High,Corporate,LATAM,Office Supplies,18,0.13,533.57,7,Friday,9,0
Standard Class,Medium,Consumer,LATAM,Electronics,5,0.38,912.99,7,Saturday,6,0
First Class,Medium,Corporate,Europe,Office Supplies,3,0.22,201.28,5,Sunday,8,0
First Class,Critical,Consumer,LATAM,Office Supplies,3,0.03,857.4,7,Saturday,4,0
Standard Class,Medium,Consumer,LATAM,Electronics,12,0.27,486.24,2,Tuesday,4,1
Standard Class,Low,Corporate,Europe,Office Supplies,15,0.4,748.76,2,Thursday,2,1
Same Day,Critical,Consumer,USCA,Furniture,9,0.07,635.48,2,Tuesday,7,1
Standard Class,Low,Home Office,USCA,Furniture,14,0.27,546.16,4,Monday,12,1
First Class,Medium,Home Office,USCA,Office Supplies,8,0.33,580.05,6,Friday,4,0
Standard Class,Low,Consumer,LATAM,Furniture,18,0.34,185.22,2,Tuesday,9,1
Standard Class,Medium,Consumer,Europe,Grocery,10,0.28,526.68,2,Tuesday,7,1
Standard Class,Medium,Corporate,USCA,Apparel,17,0.36,906.16,2,Tuesday,1,1
Standard Class,Low,Home Office,Africa,Furniture,15,0.01,1077.02,3,Thursday,6,1
Second Class,Medium,Consumer,Africa,Electronics,2,0.03,755.76,4,Saturday,12,0
Second Class,High,Home Office,Europe,Furniture,3,0.05,994.49,7,Friday,7,0
Standard Class,Low,Home Office,LATAM,Grocery,9,0.02,614.0,6,Sunday,7,0
Standard Class,Low,Consumer,USCA,Grocery,19,0.05,267.23,1,Thursday,1,1
Standard Class,Low,Corporate,LATAM,Grocery,17,0.33,871.5,5,Friday,8,1
Standard Class,High,Consumer,USCA,Furniture,2,0.36,845.2,1,Sunday,8,1
First Class,Medium,Corporate,Pacific Asia,Apparel,6,0.13,18.65,4,Saturday,12,0
Standard Class,High,Consumer,Pacific Asia,Electronics,11,0.38,580.59,3,Sunday,12,0
Standard Class,Low,Consumer,LATAM,Apparel,11,0.17,1124.72,5,Thursday,8,0
Standard Class,Low,Corporate,Africa,Furniture,9,0.07,1181.39,2,Sunday,12,1
Standard Class,Low,Consumer,LATAM,Apparel,16,0.27,553.74,4,Thursday,10,1
Standard Class,Low,Corporate,USCA,Office Supplies,14,0.17,868.93,5,Sunday,4,0
Standard Class,Medium,Home Office,LATAM,Electronics,11,0.01,31.0,7,Monday,2,0
First Class,Critical,Consumer,LATAM,Office Supplies,10,0.39,329.02,5,Friday,11,0
Same Day,Low,Consumer,USCA,Office Supplies,2,0.24,868.9,1,Tuesday,12,0
First Class,Critical,Corporate,Africa,Apparel,7,0.25,787.07,6,Monday,5,0
Standard Class,Low,Consumer,Pacific Asia,Office Supplies,1,0.39,796.07,5,Wednesday,2,0
Standard Class,High,Home Office,USCA,Electronics,5,0.33,838.83,6,Monday,8,0
Standard Class,Low,Consumer,LATAM,Office Supplies,15,0.15,520.92,7,Sunday,7,0
Second Class,High,Corporate,Europe,Furniture,11,0.02,1126.09,5,Friday,8,0
Same Day,Low,Consumer,LATAM,Electronics,18,0.09,445.71,7,Tuesday,11,0
Standard Class,High,Consumer,LATAM,Furniture,9,0.14,1083.48,7,Thursday,4,0
Standard Class,Low,Consumer,Europe,Furniture,1,0.38,81.75,7,Sunday,6,0
Second Class,Low,Consumer,LATAM,Grocery,6,0.36,1020.54,6,Sunday,1,0
First Class,Medium,Consumer,Europe,Grocery,10,0.01,370.91,1,Saturday,6,0
First Class,Low,Corporate,LATAM,Furniture,4,0.39,795.12,3,Friday,10,0
Second Class,Medium,Consumer,Africa,Office Supplies,18,0.1,75.43,3,Sunday,6,0
Same Day,Critical,Consumer,Pacific Asia,Furniture,12,0.31,105.26,5,Friday,12,0
Standard Class,Medium,Consumer,Africa,Furniture,9,0.05,77.82,7,Wednesday,4,1
Same Day,Medium,Corporate,USCA,Grocery,17,0.09,587.03,6,Tuesday,1,0
Same Day,Low,Corporate,USCA,Apparel,17,0.2,505.27,4,Saturday,5,0
First Class,Medium,Consumer,LATAM,Apparel,14,0.28,389.79,4,Thursday,6,0
Standard Class,Medium,Home Office,USCA,Apparel,9,0.14,540.69,7,Wednesday,2,0
Standard Class,High,Home Office,USCA,Furniture,19,0.35,383.16,5,Saturday,7,1
Standard Class,Low,Consumer,LATAM,Furniture,13,0.38,1047.07,5,Monday,1,1
Standard Class,Medium,Corporate,LATAM,Office Supplies,3,0.05,679.74,5,Thursday,7,0
First Class,Low,Consumer,Pacific Asia,Grocery,18,0.29,379.16,3,Tuesday,11,0
Standard Class,Low,Home Office,Europe,Furniture,9,0.05,551.08,5,Tuesday,5,0
Standard Class,Low,Corporate,LATAM,Electronics,16,0.14,1041.91,7,Wednesday,11,0
First Class,Low,Home Office,Pacific Asia,Electronics,18,0.33,496.85,6,Thursday,11,0
Standard Class,Low,Consumer,Africa,Grocery,7,0.13,518.34,4,Sunday,1,1
Standard Class,Low,Consumer,USCA,Electronics,18,0.36,411.86,7,Tuesday,6,1
Standard Class,High,Corporate,Europe,Electronics,14,0.16,319.95,2,Saturday,4,1
Second Class,Low,Corporate,Africa,Grocery,10,0.12,571.39,1,Monday,12,0
Standard Class,High,Corporate,LATAM,Furniture,10,0.4,886.54,2,Thursday,1,1
First Class,Low,Home Office,Africa,Furniture,6,0.18,447.89,4,Saturday,10,0
Standard Class,Low,Corporate,Pacific Asia,Office Supplies,3,0.3,279.88,7,Tuesday,7,0
Same Day,Medium,Corporate,LATAM,Furniture,17,0.24,795.4,4,Sunday,5,0
Standard Class,Medium,Consumer,LATAM,Electronics,2,0.08,972.19,6,Monday,7,0
Standard Class,Medium,Consumer,Europe,Electronics,7,0.2,35.95,6,Wednesday,5,0
Standard Class,Medium,Consumer,Pacific Asia,Office Supplies,12,0.03,762.58,5,Tuesday,1,0
Standard Class,Low,Corporate,USCA,Grocery,1,0.28,1082.1,2,Saturday,6,1
Standard Class,Medium,Consumer,Africa,Electronics,5,0.21,115.21,7,Thursday,11,1
Standard Class,Medium,Consumer,Europe,Furniture,13,0.05,1080.12,2,Thursday,2,1
Standard Class,Low,Consumer,Europe,Furniture,19,0.31,150.13,3,Wednesday,4,1
Second Class,High,Home Office,LATAM,Furniture,6,0.32,1196.23,3,Thursday,12,0
Standard Class,Medium,Consumer,Africa,Electronics,5,0.29,618.99,6,Monday,5,1
Standard Class,Low,Consumer,Europe,Apparel,5,0.13,878.68,7,Wednesday,11,0
First Class,High,Consumer,LATAM,Electronics,18,0.29,84.71,3,Wednesday,6,0
Same Day,High,Consumer,LATAM,Electronics,10,0.23,131.95,2,Thursday,2,0
Standard Class,Medium,Consumer,Pacific Asia,Apparel,19,0.22,1156.33,5,Monday,8,0
Standard Class,Low,Consumer,LATAM,Apparel,2,0.26,1186.36,7,Monday,3,0
Same Day,High,Consumer,USCA,Furniture,11,0.25,339.79,1,Sunday,7,0
Standard Class,Low,Home Office,Pacific Asia,Furniture,1,0.32,416.88,2,Sunday,7,1
Same Day,Low,Corporate,Pacific Asia,Furniture,6,0.39,21.87,5,Sunday,5,0
Standard Class,Low,Consumer,USCA,Electronics,14,0.29,1147.66,1,Saturday,8,1
First Class,Medium,Corporate,USCA,Grocery,3,0.18,1102.0,5,Saturday,1,0
Standard Class,High,Corporate,Europe,Office Supplies,7,0.18,147.99,7,Thursday,3,0
Same Day,Medium,Corporate,Europe,Grocery,15,0.01,444.42,5,Thursday,3,0
Standard Class,Critical,Consumer,USCA,Apparel,19,0.06,1160.32,3,Tuesday,6,1
Second Class,Low,Consumer,Europe,Electronics,7,0.09,159.69,7,Thursday,5,0
Standard Class,Low,Corporate,USCA,Electronics,3,0.4,1049.74,7,Friday,12,0
Standard Class,Medium,Consumer,USCA,Office Supplies,11,0.31,250.02,7,Wednesday,8,0
First Class,Critical,Consumer,LATAM,Grocery,5,0.06,91.31,2,Sunday,10,1
Standard Class,Medium,Consumer,Europe,Apparel,14,0.2,179.19,1,Sunday,12,1
Same Day,Low,Corporate,Pacific Asia,Office Supplies,3,0.09,854.74,7,Sunday,10,0
Standard Class,Low,Consumer,Pacific Asia,Electronics,4,0.12,173.39,3,Saturday,3,0
First Class,Low,Consumer,Europe,Office Supplies,5,0.24,14.45,7,Monday,3,0
Standard Class,Low,Home Office,Europe,Furniture,4,0.24,933.08,1,Tuesday,12,1
Same Day,Low,Home Office,Europe,Grocery,4,0.35,790.05,6,Saturday,1,0
Same Day,High,Consumer,Europe,Apparel,2,0.07,1055.0,1,Sunday,4,0
Standard Class,Medium,Consumer,LATAM,Furniture,5,0.2,697.44,4,Tuesday,8,0
First Class,Medium,Corporate,USCA,Grocery,3,0.24,64.23,7,Saturday,10,0
First Class,Low,Consumer,Europe,Furniture,14,0.37,35.69,1,Wednesday,8,1
Standard Class,Low,Corporate,Europe,Office Supplies,4,0.21,944.51,5,Sunday,12,0
Second Class,Medium,Corporate,USCA,Apparel,16,0.14,1069.01,1,Tuesday,3,0
Standard Class,High,Consumer,USCA,Office Supplies,4,0.12,962.34,6,Friday,12,0
First Class,Medium,Consumer,USCA,Office Supplies,6,0.09,455.1,3,Saturday,6,0
Standard Class,High,Consumer,Africa,Grocery,19,0.38,797.86,6,Monday,1,1
Standard Class,High,Corporate,Pacific Asia,Apparel,17,0.24,102.58,4,Thursday,1,0
Standard Class,Low,Consumer,Europe,Apparel,4,0.12,864.7,4,Friday,5,0
Second Class,Low,Consumer,LATAM,Office Supplies,12,0.3,307.01,6,Wednesday,2,0
First Class,Medium,Consumer,LATAM,Apparel,7,0.12,1121.83,5,Wednesday,6,0
Same Day,Medium,Consumer,USCA,Electronics,16,0.2,411.87,7,Wednesday,10,0
Standard Class,Low,Corporate,LATAM,Apparel,14,0.01,413.76,3,Thursday,7,0
Standard Class,Medium,Consumer,Pacific Asia,Office Supplies,13,0.34,350.73,7,Monday,10,1
Second Class,Medium,Corporate,Europe,Electronics,11,0.38,763.88,4,Tuesday,7,0
Second Class,High,Consumer,LATAM,Electronics,11,0.35,125.28,4,Saturday,9,0
Standard Class,Low,Consumer,Pacific Asia,Grocery,1,0.07,73.66,7,Tuesday,5,0
Standard Class,Low,Home Office,Pacific Asia,Office Supplies,8,0.33,838.39,6,Friday,4,0
Standard Class,Medium,Corporate,Africa,Apparel,13,0.14,1135.28,4,Saturday,6,1
Standard Class,Medium,Corporate,Africa,Electronics,4,0.37,895.03,7,Friday,11,1
First Class,Medium,Consumer,LATAM,Office Supplies,19,0.12,307.33,7,Wednesday,3,0
Standard Class,High,Consumer,Pacific Asia,Grocery,6,0.04,440.97,2,Friday,2,1
First Class,High,Corporate,USCA,Furniture,3,0.34,252.02,3,Sunday,6,0
Standard Class,Medium,Home Office,Africa,Furniture,9,0.05,824.07,4,Friday,2,1
Standard Class,Low,Home Office,Pacific Asia,Apparel,19,0.22,292.44,3,Wednesday,11,0
First Class,Medium,Home Office,Africa,Furniture,7,0.15,689.85,5,Saturday,8,0
Second Class,Medium,Consumer,Europe,Electronics,11,0.3,1008.97,3,Sunday,1,0
Standard Class,High,Home Office,Pacific Asia,Electronics,15,0.3,624.53,5,Friday,5,1
Second Class,Critical,Home Office,Pacific Asia,Office Supplies,15,0.31,716.25,2,Saturday,7,1
Standard Class,Medium,Consumer,Europe,Apparel,17,0.03,1162.08,5,Wednesday,6,0
First Class,Medium,Consumer,Africa,Office Supplies,15,0.34,389.85,6,Tuesday,1,0
Standard Class,Low,Corporate,Europe,Office Supplies,12,0.19,958.93,7,Monday,5,0
Second Class,Low,Consumer,LATAM,Apparel,19,0.09,827.3,5,Saturday,11,0
Standard Class,Low,Corporate,USCA,Office Supplies,3,0.12,144.67,1,Tuesday,9,1
Standard Class,Low,Home Office,Africa,Furniture,2,0.36,1187.81,5,Thursday,11,1
Same Day,Medium,Home Office,Pacific Asia,Grocery,1,0.0,830.6,2,Friday,6,0
First Class,Low,Home Office,LATAM,Office Supplies,4,0.32,26.59,5,Thursday,3,0
Standard Class,Medium,Consumer,Africa,Electronics,7,0.37,869.6,7,Monday,11,1
Standard Class,Medium,Consumer,USCA,Electronics,12,0.1,169.33,7,Friday,6,0
Standard Class,Medium,Corporate,Pacific Asia,Furniture,17,0.33,359.04,5,Wednesday,5,1
Second Class,Medium,Consumer,Europe,Office Supplies,3,0.06,424.56,7,Saturday,10,0
First Class,Low,Consumer,USCA,Office Supplies,17,0.01,378.62,2,Wednesday,5,0
Second Class,Critical,Corporate,Africa,Apparel,17,0.24,895.89,5,Wednesday,3,1
Standard Class,Low,Consumer,Pacific Asia,Office Supplies,10,0.26,906.39,5,Thursday,8,0
First Class,High,Consumer,Africa,Office Supplies,15,0.06,638.88,3,Monday,7,0
Standard Class,Low,Consumer,USCA,Electronics,9,0.2,684.75,6,Tuesday,4,0
Standard Class,Medium,Home Office,Pacific Asia,Apparel,17,0.15,383.19,1,Saturday,3,1
Second Class,Low,Consumer,USCA,Office Supplies,4,0.03,37.61,5,Saturday,4,0
Same Day,Low,Consumer,Africa,Furniture,9,0.2,428.55,7,Wednesday,10,0
First Class,Medium,Home Office,Pacific Asia,Office Supplies,6,0.23,21.21,4,Tuesday,4,0
Second Class,Medium,Consumer,Pacific Asia,Apparel,15,0.09,1039.1,2,Monday,7,0
Second Class,Low,Consumer,Pacific Asia,Furniture,12,0.3,772.52,4,Saturday,12,0
Same Day,Medium,Corporate,Africa,Furniture,8,0.03,1175.33,6,Saturday,12,0
Standard Class,Low,Consumer,LATAM,Furniture,9,0.22,227.67,7,Saturday,3,0
Standard Class,Low,Consumer,Africa,Electronics,9,0.12,792.81,4,Monday,10,1
Same Day,High,Home Office,Europe,Electronics,18,0.17,233.63,4,Friday,1,0
First Class,High,Consumer,LATAM,Furniture,2,0.36,770.39,7,Saturday,6,0
Standard Class,Medium,Corporate,Africa,Electronics,10,0.27,595.22,6,Saturday,1,1
Standard Class,Low,Corporate,Europe,Furniture,4,0.06,800.97,6,Wednesday,4,0
Standard Class,Low,Consumer,USCA,Furniture,6,0.35,873.13,4,Monday,11,0
Standard Class,Critical,Corporate,Europe,Grocery,12,0.15,632.17,2,Thursday,12,1
Same Day,Low,Consumer,Pacific Asia,Electronics,13,0.14,597.57,1,Friday,4,0
Standard Class,High,Consumer,LATAM,Grocery,17,0.2,92.95,7,Thursday,9,0
First Class,Low,Corporate,Africa,Furniture,6,0.08,442.85,6,Thursday,9,0
Standard Class,Critical,Consumer,Africa,Furniture,15,0.37,369.33,4,Tuesday,11,1
Standard Class,Low,Corporate,Pacific Asia,Grocery,8,0.19,754.44,6,Monday,8,0
Standard Class,Low,Consumer,LATAM,Apparel,4,0.16,338.4,6,Thursday,9,0
First Class,Medium,Consumer,LATAM,Furniture,4,0.07,286.52,3,Saturday,3,0
Second Class,Critical,Corporate,Pacific Asia,Electronics,3,0.32,1019.93,5,Sunday,11,0
Second Class,Critical,Consumer,LATAM,Office Supplies,16,0.38,995.86,4,Wednesday,3,1
Standard Class,Medium,Home Office,Pacific Asia,Office Supplies,8,0.35,400.97,4,Wednesday,4,0
Standard Class,High,Corporate,Europe,Office Supplies,6,0.06,112.0,5,Monday,10,0
Standard Class,Medium,Home Office,Pacific Asia,Grocery,13,0.3,602.13,7,Friday,7,1
Standard Class,High,Consumer,Africa,Furniture,16,0.08,546.99,5,Friday,2,1
Second Class,High,Home Office,USCA,Apparel,18,0.02,1045.11,6,Saturday,10,0
Second Class,Medium,Corporate,Europe,Electronics,9,0.19,660.85,2,Wednesday,11,0
Second Class,Medium,Corporate,Africa,Office Supplies,2,0.27,1131.9,6,Friday,6,0
Standard Class,Medium,Home Office,Europe,Office Supplies,6,0.05,585.18,5,Sunday,6,0
Standard Class,Medium,Corporate,Africa,Electronics,14,0.24,804.08,1,Saturday,12,1
Standard Class,High,Home Office,LATAM,Office Supplies,17,0.34,580.85,7,Friday,11,1
Standard Class,Low,Corporate,Pacific Asia,Grocery,15,0.08,392.13,3,Tuesday,8,1
First Class,Low,Corporate,Africa,Furniture,5,0.17,42.67,4,Friday,3,0
Second Class,Medium,Consumer,Africa,Furniture,2,0.2,954.06,2,Thursday,11,1
Standard Class,Low,Consumer,LATAM,Apparel,12,0.33,1084.73,4,Sunday,8,0
Standard Class,Medium,Corporate,USCA,Grocery,5,0.31,882.97,7,Wednesday,4,0
First Class,High,Home Office,USCA,Apparel,1,0.31,334.11,7,Saturday,7,0
Second Class,Medium,Corporate,Pacific Asia,Office Supplies,2,0.27,982.18,1,Friday,11,0
Second Class,High,Corporate,LATAM,Furniture,1,0.25,739.31,6,Monday,12,0
Standard Class,Low,Corporate,Europe,Apparel,11,0.2,822.7,4,Tuesday,11,0
Standard Class,High,Consumer,Africa,Apparel,2,0.15,88.86,3,Tuesday,10,1
Same Day,Medium,Consumer,Pacific Asia,Grocery,11,0.21,702.38,7,Saturday,7,0
First Class,Low,Consumer,USCA,Office Supplies,2,0.34,677.77,1,Monday,9,0
Standard Class,Medium,Consumer,Europe,Electronics,7,0.23,797.39,4,Thursday,3,0
First Class,Critical,Corporate,LATAM,Grocery,7,0.39,928.24,6,Friday,11,0
First Class,Low,Home Office,Africa,Grocery,7,0.06,491.52,5,Sunday,5,0
Standard Class,Medium,Consumer,Africa,Office Supplies,2,0.18,194.42,5,Thursday,11,1
Standard Class,High,Consumer,USCA,Electronics,16,0.08,1109.4,6,Tuesday,1,0
Standard Class,Low,Consumer,USCA,Grocery,3,0.15,934.12,3,Friday,10,0
Standard Class,Medium,Consumer,Pacific Asia,Apparel,2,0.32,653.04,1,Friday,6,1
Second Class,Medium,Consumer,Africa,Apparel,5,0.33,431.89,2,Saturday,7,1
Standard Class,Low,Consumer,Africa,Apparel,3,0.01,1180.93,5,Thursday,5,1
First Class,Medium,Consumer,Africa,Apparel,6,0.38,121.21,7,Monday,1,0
Same Day,Low,Home Office,Africa,Electronics,5,0.35,1122.19,7,Sunday,1,0
Standard Class,High,Consumer,Europe,Office Supplies,18,0.36,490.93,5,Friday,10,1
Standard Class,Low,Corporate,LATAM,Office Supplies,8,0.15,125.22,4,Sunday,5,0
First Class,Low,Corporate,Europe,Electronics,13,0.2,461.22,7,Thursday,5,0
First Class,Medium,Consumer,LATAM,Office Supplies,2,0.07,902.09,1,Sunday,11,0
First Class,Low,Home Office,Europe,Apparel,13,0.16,515.48,5,Monday,12,0
Standard Class,Low,Corporate,Pacific Asia,Electronics,17,0.05,596.71,4,Wednesday,12,1
Standard Class,High,Consumer,LATAM,Apparel,6,0.35,989.92,2,Saturday,9,1
Second Class,High,Consumer,Africa,Office Supplies,2,0.23,742.47,2,Sunday,7,1
Same Day,High,Corporate,LATAM,Grocery,12,0.05,805.02,5,Wednesday,11,0
Standard Class,Medium,Consumer,Africa,Electronics,16,0.35,193.28,5,Tuesday,4,1
Same Day,High,Consumer,Pacific Asia,Furniture,4,0.03,310.42,5,Sunday,6,0
Standard Class,High,Consumer,LATAM,Furniture,16,0.37,499.4,1,Saturday,12,1
Same Day,Medium,Consumer,USCA,Apparel,13,0.04,140.7,5,Thursday,7,0
Second Class,Low,Corporate,Africa,Office Supplies,14,0.29,342.14,4,Sunday,10,0
Standard Class,Low,Home Office,LATAM,Apparel,9,0.26,1001.85,2,Tuesday,11,1
Second Class,Medium,Corporate,Europe,Furniture,12,0.31,36.34,1,Wednesday,12,0
Standard Class,High,Consumer,LATAM,Electronics,14,0.23,70.61,2,Thursday,10,1
Standard Class,Medium,Home Office,Africa,Apparel,11,0.14,827.59,7,Monday,5,1
Standard Class,Medium,Corporate,USCA,Office Supplies,10,0.11,469.51,1,Sunday,12,1
Standard Class,Low,Corporate,USCA,Furniture,7,0.38,929.91,2,Saturday,3,1
Standard Class,Low,Consumer,Europe,Electronics,6,0.18,1118.89,6,Friday,12,0
First Class,Medium,Consumer,Pacific Asia,Apparel,17,0.34,327.41,7,Friday,2,0
Second Class,Critical,Home Office,USCA,Electronics,13,0.29,54.02,7,Monday,11,1
Standard Class,Low,Consumer,Pacific Asia,Grocery,15,0.26,552.55,7,Monday,10,1
First Class,High,Corporate,Africa,Furniture,4,0.39,1157.42,5,Wednesday,9,0
Second Class,Low,Corporate,LATAM,Apparel,3,0.23,659.06,5,Friday,3,0
Same Day,Medium,Consumer,Pacific Asia,Electronics,11,0.29,459.16,4,Monday,12,0
Second Class,Medium,Corporate,Africa,Apparel,2,0.34,666.88,5,Monday,11,0
Standard Class,High,Consumer,Africa,Office Supplies,11,0.02,206.78,7,Sunday,2,1
Standard Class,Low,Corporate,Africa,Office Supplies,4,0.4,904.1,2,Thursday,4,1
Second Class,Low,Home Office,Europe,Apparel,17,0.1,819.74,4,Saturday,8,0
Standard Class,Low,Home Office,Europe,Furniture,17,0.28,871.71,2,Saturday,11,1
Standard Class,High,Home Office,Pacific Asia,Apparel,17,0.38,369.73,3,Wednesday,7,1
Standard Class,Low,Corporate,Africa,Apparel,13,0.31,978.09,4,Friday,4,1
Standard Class,Low,Corporate,Pacific Asia,Apparel,13,0.09,1072.66,4,Saturday,10,0
Standard Class,Medium,Corporate,USCA,Apparel,19,0.14,1147.08,1,Monday,12,1
Standard Class,Medium,Consumer,Pacific Asia,Furniture,3,0.17,769.87,6,Friday,2,0
Standard Class,High,Consumer,LATAM,Grocery,10,0.23,424.33,2,Saturday,9,1
Second Class,High,Corporate,Africa,Grocery,16,0.24,471.13,2,Sunday,8,1
Second Class,Medium,Consumer,Pacific Asia,Electronics,1,0.32,683.1,2,Friday,6,0
Standard Class,High,Home Office,Europe,Furniture,5,0.34,694.8,5,Friday,10,0
Standard Class,Medium,Consumer,LATAM,Furniture,1,0.04,952.96,1,Saturday,5,1
Standard Class,Low,Consumer,Pacific Asia,Furniture,16,0.11,111.07,1,Saturday,11,1
Standard Class,High,Consumer,Pacific Asia,Office Supplies,11,0.14,684.25,2,Saturday,9,1
Standard Class,Medium,Home Office,Pacific Asia,Furniture,4,0.01,424.79,5,Tuesday,12,0
Standard Class,Medium,Home Office,Europe,Office Supplies,5,0.17,1002.4,2,Friday,12,1
Second Class,Medium,Consumer,Pacific Asia,Grocery,16,0.14,428.96,5,Tuesday,7,0
Standard Class,Medium,Corporate,USCA,Grocery,12,0.21,566.71,6,Thursday,3,0
Standard Class,Low,Corporate,USCA,Office Supplies,12,0.04,280.91,3,Thursday,11,0
Standard Class,Medium,Corporate,USCA,Apparel,4,0.17,361.92,1,Monday,9,1
Second Class,High,Corporate,Pacific Asia,Grocery,17,0.24,671.18,3,Saturday,4,0
First Class,Medium,Consumer,LATAM,Apparel,9,0.32,516.83,4,Friday,10,0
First Class,Low,Corporate,Europe,Electronics,6,0.31,249.79,1,Saturday,10,0
Second Class,Critical,Consumer,USCA,Office Supplies,8,0.16,573.91,3,Thursday,7,0
Standard Class,Low,Consumer,USCA,Electronics,8,0.16,206.76,3,Friday,1,0
Standard Class,Low,Consumer,LATAM,Office Supplies,8,0.01,1059.26,7,Thursday,1,0
First Class,Low,Consumer,USCA,Electronics,8,0.03,1109.8,4,Sunday,10,0
Standard Class,Low,Corporate,Europe,Electronics,15,0.35,279.45,5,Thursday,12,1
Same Day,Medium,Consumer,LATAM,Furniture,14,0.32,72.26,6,Sunday,1,0
Second Class,Medium,Corporate,Africa,Grocery,6,0.01,1113.17,6,Tuesday,12,0
Second Class,High,Corporate,Europe,Office Supplies,10,0.35,381.23,6,Saturday,7,0
Standard Class,Critical,Home Office,Europe,Grocery,8,0.25,233.67,4,Thursday,11,1
Second Class,High,Corporate,Pacific Asia,Furniture,10,0.32,1103.99,5,Sunday,9,0
Standard Class,Medium,Home Office,Africa,Grocery,8,0.2,1060.33,6,Tuesday,10,1
Standard Class,Medium,Consumer,Africa,Office Supplies,3,0.06,73.27,4,Sunday,3,1
Standard Class,High,Corporate,LATAM,Furniture,4,0.14,257.1,1,Tuesday,8,1
First Class,Medium,Consumer,USCA,Apparel,11,0.18,976.96,6,Monday,9,0
Standard Class,High,Corporate,Africa,Furniture,13,0.3,327.96,3,Friday,5,1
Standard Class,Medium,Consumer,LATAM,Office Supplies,3,0.33,805.44,3,Sunday,9,0
Standard Class,Low,Corporate,Africa,Electronics,5,0.3,57.65,7,Saturday,6,1
Second Class,Medium,Consumer,Europe,Grocery,12,0.19,1011.55,5,Saturday,4,0
Second Class,Medium,Consumer,Africa,Electronics,12,0.27,512.45,7,Thursday,9,0
Second Class,Medium,Corporate,USCA,Apparel,18,0.12,569.37,4,Thursday,6,0
Standard Class,Low,Home Office,LATAM,Electronics,12,0.4,971.84,7,Sunday,10,0
Standard Class,Medium,Consumer,USCA,Grocery,18,0.07,550.47,2,Thursday,5,1
Second Class,High,Home Office,Pacific Asia,Electronics,10,0.29,133.9,1,Sunday,6,0
Standard Class,Critical,Consumer,USCA,Furniture,7,0.06,610.19,2,Sunday,11,1
Same Day,Low,Corporate,USCA,Office Supplies,3,0.11,553.54,7,Thursday,7,0
Second Class,Low,Home Office,LATAM,Electronics,5,0.3,545.54,3,Monday,6,0
Standard Class,Medium,Consumer,Europe,Office Supplies,12,0.29,239.37,6,Wednesday,8,0
Standard Class,Medium,Consumer,Africa,Office Supplies,14,0.05,205.15,4,Friday,1,1
First Class,Low,Consumer,Africa,Office Supplies,13,0.27,935.67,5,Thursday,7,0
Standard Class,Low,Consumer,LATAM,Furniture,9,0.08,746.82,5,Tuesday,5,0
Standard Class,High,Corporate,LATAM,Office Supplies,10,0.39,17.56,6,Saturday,10,0
Second Class,High,Corporate,Europe,Electronics,1,0.24,1004.0,6,Wednesday,8,0
Standard Class,Medium,Home Office,Europe,Office Supplies,6,0.0,154.44,5,Saturday,11,0
First Class,Medium,Consumer,Pacific Asia,Furniture,6,0.08,887.84,7,Sunday,2,0
Standard Class,Medium,Corporate,Africa,Office Supplies,2,0.09,124.32,3,Tuesday,10,1
First Class,Low,Consumer,Africa,Electronics,16,0.1,1165.94,1,Thursday,12,1
Standard Class,Medium,Home Office,Pacific Asia,Furniture,5,0.22,1081.61,2,Tuesday,6,1
Standard Class,Low,Consumer,LATAM,Apparel,14,0.08,227.79,3,Monday,3,0
First Class,Medium,Home Office,Africa,Apparel,16,0.17,20.03,4,Tuesday,9,0
Second Class,Low,Consumer,USCA,Electronics,9,0.07,80.99,5,Monday,2,0
Standard Class,Medium,Corporate,LATAM,Grocery,11,0.27,972.4,4,Tuesday,9,0
Standard Class,Medium,Consumer,LATAM,Office Supplies,16,0.23,101.37,3,Saturday,9,0
Second Class,Low,Home Office,Europe,Grocery,12,0.25,935.99,4,Saturday,3,0
Standard Class,Low,Corporate,Pacific Asia,Furniture,15,0.39,985.57,2,Saturday,4,1
Same Day,Low,Corporate,LATAM,Office Supplies,5,0.16,375.22,7,Wednesday,11,0
Same Day,Medium,Corporate,Europe,Grocery,17,0.09,884.79,5,Sunday,8,0
Second Class,Low,Consumer,USCA,Electronics,8,0.4,986.16,2,Saturday,12,0
Standard Class,Low,Consumer,USCA,Furniture,1,0.02,938.95,5,Monday,7,0
Standard Class,Medium,Home Office,Africa,Office Supplies,2,0.32,237.96,5,Tuesday,4,1
Second Class,High,Consumer,Pacific Asia,Apparel,1,0.06,544.65,7,Tuesday,1,0
Standard Class,Low,Home Office,Pacific Asia,Office Supplies,9,0.27,91.21,4,Saturday,10,0
Standard Class,Medium,Corporate,Europe,Furniture,1,0.19,635.13,4,Wednesday,10,0
Standard Class,High,Consumer,Africa,Apparel,3,0.34,536.37,5,Tuesday,5,1
Standard Class,High,Corporate,Pacific Asia,Electronics,16,0.29,1084.12,5,Tuesday,8,1
Standard Class,Low,Corporate,Africa,Office Supplies,11,0.07,31.52,4,Saturday,6,0
Standard Class,High,Corporate,Europe,Grocery,7,0.27,640.99,4,Thursday,8,0
First Class,Medium,Home Office,Africa,Grocery,13,0.09,881.44,7,Wednesday,6,0
Standard Class,Critical,Consumer,LATAM,Electronics,6,0.07,562.1,7,Tuesday,1,1
Standard Class,Medium,Home Office,LATAM,Furniture,12,0.03,293.33,3,Friday,9,0
Standard Class,High,Consumer,LATAM,Electronics,6,0.05,735.72,4,Friday,12,0
Second Class,High,Home Office,LATAM,Furniture,2,0.28,1184.66,2,Thursday,12,0
Standard Class,Medium,Consumer,USCA,Apparel,1,0.4,58.79,3,Thursday,5,0
Second Class,High,Consumer,USCA,Furniture,7,0.27,243.29,7,Sunday,12,0
Same Day,Low,Corporate,Pacific Asia,Apparel,19,0.28,593.82,6,Wednesday,11,0
Standard Class,Low,Consumer,USCA,Office Supplies,14,0.31,721.14,2,Wednesday,5,1
Standard Class,Medium,Home Office,Africa,Office Supplies,4,0.36,752.74,7,Wednesday,3,1
Standard Class,High,Consumer,Africa,Electronics,16,0.11,81.65,3,Monday,6,1
Same Day,Medium,Consumer,USCA,Electronics,14,0.24,156.28,3,Sunday,4,0
First Class,Medium,Consumer,Africa,Office Supplies,18,0.09,1134.17,5,Monday,11,0
First Class,Medium,Consumer,Pacific Asia,Grocery,7,0.21,99.66,3,Thursday,6,0
Standard Class,Low,Corporate,Europe,Apparel,4,0.08,508.74,7,Tuesday,4,0
Same Day,Low,Corporate,USCA,Office Supplies,1,0.03,696.93,7,Monday,2,0
Standard Class,Medium,Consumer,LATAM,Grocery,19,0.04,383.85,6,Wednesday,6,0
Standard Class,Critical,Consumer,Africa,Furniture,18,0.39,314.26,1,Wednesday,11,1
First Class,Low,Consumer,Africa,Office Supplies,7,0.0,355.35,3,Thursday,7,0
Same Day,Medium,Consumer,Europe,Grocery,16,0.28,346.31,7,Thursday,9,0
Standard Class,Low,Corporate,Pacific Asia,Office Supplies,17,0.35,461.48,3,Saturday,1,1
Standard Class,Low,Corporate,Africa,Furniture,19,0.16,148.13,2,Monday,6,1
Standard Class,Low,Corporate,LATAM,Furniture,1,0.28,1025.7,3,Wednesday,1,0
Standard Class,Medium,Home Office,Europe,Apparel,16,0.14,913.69,7,Tuesday,8,0
Standard Class,Low,Home Office,Africa,Furniture,7,0.21,50.58,4,Friday,3,1
Same Day,Low,Consumer,LATAM,Furniture,7,0.37,915.9,6,Saturday,10,0
Second Class,High,Consumer,Africa,Apparel,15,0.02,995.38,2,Wednesday,2,1
First Class,Critical,Home Office,LATAM,Office Supplies,2,0.11,1107.2,2,Sunday,12,1
First Class,Low,Corporate,Europe,Office Supplies,13,0.04,739.41,2,Monday,7,0
Standard Class,Medium,Consumer,Pacific Asia,Apparel,2,0.2,1024.88,2,Tuesday,4,1
First Class,Low,Corporate,USCA,Office Supplies,17,0.31,913.33,4,Monday,5,0
Second Class,High,Home Office,USCA,Office Supplies,2,0.39,40.24,2,Tuesday,11,0
Standard Class,Medium,Home Office,Pacific Asia,Grocery,15,0.06,975.12,6,Sunday,1,0
Second Class,High,Consumer,Africa,Apparel,14,0.02,701.41,2,Thursday,1,1
Standard Class,Low,Home Office,Europe,Apparel,16,0.06,784.16,4,Tuesday,10,0
First Class,Medium,Home Office,LATAM,Electronics,11,0.39,1063.07,6,Thursday,5,0
Same Day,Medium,Consumer,Europe,Grocery,12,0.13,22.41,3,Wednesday,8,0
Standard Class,Low,Home Office,Pacific Asia,Office Supplies,9,0.11,138.39,1,Friday,12,1
First Class,Low,Home Office,Africa,Electronics,7,0.29,692.82,3,Wednesday,1,0
Standard Class,Medium,Consumer,Africa,Grocery,11,0.05,497.47,6,Thursday,1,1
First Class,Medium,Corporate,Pacific Asia,Office Supplies,19,0.14,507.47,4,Tuesday,12,0
Standard Class,Low,Consumer,Europe,Grocery,4,0.06,381.52,3,Sunday,1,0
Standard Class,Medium,Corporate,USCA,Furniture,5,0.39,984.07,2,Tuesday,11,1
Standard Class,Low,Home Office,Europe,Office Supplies,2,0.11,133.24,4,Monday,6,0
Second Class,Low,Consumer,Africa,Grocery,16,0.11,644.24,4,Wednesday,10,0
Standard Class,Medium,Consumer,Africa,Grocery,9,0.25,555.28,1,Thursday,12,1
Same Day,Low,Home Office,Pacific Asia,Electronics,15,0.01,666.06,1,Friday,2,0
Standard Class,Medium,Home Office,Europe,Grocery,14,0.26,70.17,6,Saturday,5,1
Same Day,Low,Consumer,USCA,Furniture,16,0.18,811.78,6,Tuesday,5,0
Second Class,Medium,Home Office,Europe,Furniture,6,0.07,26.09,7,Tuesday,11,0
Standard Class,Medium,Consumer,Africa,Grocery,1,0.19,638.12,3,Monday,2,1
Standard Class,Critical,Consumer,Europe,Office Supplies,18,0.4,325.96,2,Thursday,12,1
Second Class,Low,Corporate,Africa,Electronics,15,0.34,382.53,1,Saturday,8,1
Second Class,Medium,Corporate,Africa,Office Supplies,12,0.39,888.7,3,Wednesday,5,0
Second Class,Low,Corporate,LATAM,Grocery,8,0.37,1183.2,3,Sunday,11,0
Standard Class,Medium,Consumer,USCA,Furniture,9,0.33,575.67,5,Sunday,11,0
Standard Class,Medium,Consumer,Pacific Asia,Apparel,1,0.13,806.72,5,Monday,11,0
Same Day,Low,Home Office,USCA,Electronics,16,0.29,305.67,7,Wednesday,5,0
Standard Class,Medium,Consumer,Europe,Office Supplies,14,0.16,669.27,2,Sunday,3,1
Standard Class,Low,Consumer,LATAM,Furniture,12,0.17,128.99,5,Saturday,8,0
Standard Class,Low,Home Office,Africa,Office Supplies,15,0.35,1021.78,7,Tuesday,7,1
First Class,Low,Corporate,USCA,Grocery,8,0.08,552.31,2,Saturday,9,0
First Class,Medium,Consumer,Africa,Office Supplies,4,0.12,440.14,2,Saturday,9,1
Standard Class,High,Consumer,Africa,Electronics,5,0.37,620.94,6,Friday,9,1
Standard Class,Low,Home Office,LATAM,Apparel,14,0.28,1096.41,4,Tuesday,8,1
Standard Class,Medium,Home Office,USCA,Apparel,7,0.03,933.98,7,Thursday,2,0
Standard Class,Low,Consumer,LATAM,Grocery,15,0.05,191.74,3,Sunday,3,0
Standard Class,Low,Corporate,Africa,Electronics,19,0.23,923.92,5,Sunday,8,1
Same Day,High,Consumer,USCA,Apparel,14,0.32,477.5,1,Friday,2,1
Standard Class,Medium,Home Office,Africa,Furniture,7,0.32,480.07,2,Tuesday,7,1
Standard Class,Low,Consumer,Africa,Office Supplies,6,0.17,911.79,2,Tuesday,9,1
First Class,Low,Corporate,USCA,Grocery,2,0.1,557.02,3,Sunday,5,0
Standard Class,High,Corporate,Pacific Asia,Furniture,9,0.32,96.24,3,Wednesday,6,0
Second Class,Low,Corporate,LATAM,Grocery,18,0.38,303.66,5,Sunday,3,0
Standard Class,Low,Home Office,Europe,Electronics,15,0.18,1074.6,5,Sunday,4,0
Standard Class,Medium,Consumer,Africa,Grocery,15,0.05,714.42,7,Tuesday,11,1
Same Day,Medium,Home Office,LATAM,Apparel,10,0.24,1036.03,2,Thursday,5,0
Second Class,Medium,Consumer,LATAM,Electronics,3,0.03,373.13,4,Sunday,3,0
Standard Class,High,Consumer,USCA,Grocery,4,0.24,829.86,6,Saturday,7,0
Second Class,Low,Consumer,USCA,Furniture,2,0.07,944.5,1,Saturday,4,0
Same Day,Medium,Consumer,USCA,Electronics,7,0.21,227.64,1,Thursday,12,0
Standard Class,Low,Consumer,LATAM,Electronics,1,0.25,37.75,2,Saturday,5,1
Standard Class,Medium,Home Office,USCA,Grocery,12,0.18,764.96,3,Sunday,6,0
Same Day,High,Corporate,Europe,Grocery,5,0.33,696.49,6,Saturday,12,0
Standard Class,Medium,Home Office,LATAM,Electronics,16,0.15,57.4,2,Thursday,2,1
Second Class,Medium,Corporate,USCA,Office Supplies,3,0.06,498.84,2,Tuesday,9,0
Second Class,High,Consumer,Africa,Office Supplies,11,0.19,680.47,1,Monday,10,1
Second Class,Low,Consumer,LATAM,Apparel,15,0.39,262.37,6,Saturday,1,0
Standard Class,Medium,Home Office,Pacific Asia,Electronics,5,0.35,124.88,2,Wednesday,9,1
Standard Class,High,Consumer,Pacific Asia,Office Supplies,6,0.12,963.54,6,Tuesday,6,0
Second Class,Medium,Consumer,LATAM,Furniture,4,0.1,1110.77,2,Wednesday,11,0
Standard Class,Low,Consumer,LATAM,Electronics,12,0.19,542.52,3,Monday,5,0
Standard Class,Low,Consumer,Pacific Asia,Office Supplies,10,0.26,169.43,4,Friday,5,0
Standard Class,Low,Corporate,Africa,Grocery,9,0.37,511.34,7,Sunday,11,1
Standard Class,Low,Consumer,Africa,Furniture,1,0.25,342.16,1,Monday,1,1
Same Day,Medium,Corporate,Africa,Apparel,10,0.33,593.7,4,Monday,6,0
Standard Class,Low,Consumer,Europe,Office Supplies,6,0.28,20.74,6,Monday,5,0
Same Day,Low,Corporate,Europe,Grocery,14,0.04,1041.69,3,Friday,6,0
Standard Class,Medium,Home Office,Africa,Furniture,11,0.36,79.14,5,Sunday,11,1
Second Class,Medium,Corporate,Pacific Asia,Furniture,14,0.08,521.54,6,Tuesday,12,0
Standard Class,Medium,Consumer,Europe,Apparel,11,0.15,796.76,6,Wednesday,11,0
First Class,Medium,Consumer,USCA,Grocery,2,0.34,784.86,6,Monday,9,0
First Class,Low,Home Office,Europe,Office Supplies,15,0.39,364.87,2,Tuesday,9,1
Standard Class,Low,Consumer,Pacific Asia,Electronics,10,0.12,604.49,4,Tuesday,8,0
Same Day,Low,Consumer,Pacific Asia,Furniture,11,0.15,601.32,7,Thursday,1,0
Standard Class,Medium,Home Office,LATAM,Office Supplies,8,0.19,166.2,7,Sunday,6,0
Second Class,Low,Home Office,Pacific Asia,Electronics,8,0.2,453.17,2,Thursday,10,0
Same Day,Medium,Home Office,Africa,Office Supplies,5,0.3,151.94,2,Monday,12,1
First Class,Low,Home Office,Pacific Asia,Office Supplies,14,0.33,77.94,1,Wednesday,10,1
Same Day,High,Home Office,Europe,Furniture,16,0.4,76.22,7,Tuesday,10,0
Standard Class,Medium,Corporate,Europe,Furniture,13,0.32,527.63,4,Monday,2,1
Standard Class,Medium,Consumer,Europe,Office Supplies,7,0.12,878.23,6,Sunday,8,0
Standard Class,High,Home Office,Pacific Asia,Office Supplies,5,0.14,1181.61,5,Wednesday,9,0
Standard Class,Medium,Home Office,Africa,Apparel,15,0.25,689.75,1,Thursday,3,1
First Class,Medium,Consumer,Africa,Electronics,11,0.27,366.22,2,Sunday,10,1
Standard Class,High,Consumer,LATAM,Grocery,17,0.04,256.45,7,Thursday,8,0
Second Class,Medium,Consumer,USCA,Grocery,8,0.14,836.84,4,Friday,12,0
Standard Class,High,Home Office,Africa,Apparel,10,0.08,71.61,4,Wednesday,2,1
Standard Class,Low,Corporate,Europe,Office Supplies,6,0.2,322.13,1,Friday,4,1
Second Class,High,Consumer,LATAM,Office Supplies,10,0.07,829.37,5,Monday,10,0
Standard Class,Low,Consumer,Africa,Apparel,19,0.23,539.58,1,Sunday,10,1
First Class,Low,Home Office,Africa,Grocery,7,0.19,605.25,5,Monday,9,0
Standard Class,Medium,Corporate,USCA,Furniture,5,0.16,1170.82,1,Sunday,2,1
First Class,Low,Consumer,USCA,Furniture,13,0.26,491.5,4,Sunday,7,0
Standard Class,Low,Consumer,USCA,Office Supplies,3,0.17,718.21,2,Thursday,12,1
Standard Class,Low,Consumer,Africa,Electronics,16,0.16,1198.35,5,Wednesday,6,1
Second Class,Medium,Consumer,Africa,Grocery,6,0.26,826.78,7,Friday,5,0
First Class,High,Corporate,Europe,Electronics,8,0.02,622.21,7,Friday,5,0
Standard Class,Medium,Corporate,Pacific Asia,Office Supplies,16,0.17,395.43,4,Wednesday,12,0
Standard Class,High,Consumer,USCA,Grocery,17,0.08,1171.98,5,Saturday,11,0
Standard Class,Medium,Corporate,Europe,Furniture,10,0.02,359.65,5,Sunday,12,0
Standard Class,Low,Consumer,Europe,Furniture,17,0.01,147.83,5,Friday,2,1
First Class,Low,Home Office,LATAM,Electronics,10,0.07,1111.77,6,Sunday,12,0
First Class,Medium,Consumer,Europe,Grocery,7,0.17,389.61,1,Monday,10,0
Standard Class,Low,Consumer,USCA,Office Supplies,11,0.23,710.78,6,Sunday,4,0
Standard Class,Low,Consumer,Pacific Asia,Apparel,3,0.32,778.63,5,Tuesday,7,0
First Class,Medium,Consumer,Europe,Apparel,8,0.24,320.48,6,Saturday,3,0
Standard Class,Medium,Consumer,Africa,Apparel,3,0.21,513.85,2,Monday,12,1
Second Class,Low,Consumer,Africa,Office Supplies,13,0.01,195.03,5,Wednesday,12,0
Standard Class,High,Corporate,Europe,Apparel,6,0.12,1062.61,1,Friday,5,1
Second Class,Medium,Consumer,USCA,Electronics,17,0.28,705.59,5,Sunday,12,0
Standard Class,Medium,Consumer,Pacific Asia,Furniture,2,0.11,1069.42,1,Saturday,3,1
First Class,Critical,Home Office,Pacific Asia,Apparel,7,0.24,315.97,4,Saturday,7,0
Standard Class,Low,Consumer,USCA,Furniture,6,0.24,764.45,2,Saturday,12,1
Standard Class,Medium,Corporate,Africa,Electronics,1,0.12,269.37,1,Monday,7,1
First Class,High,Consumer,Africa,Grocery,10,0.23,353.97,3,Friday,10,0
Standard Class,Medium,Consumer,LATAM,Grocery,1,0.05,439.77,3,Sunday,9,0
Standard Class,High,Consumer,Europe,Office Supplies,14,0.29,663.82,4,Sunday,2,1
Standard Class,Medium,Consumer,Europe,Furniture,3,0.01,671.38,5,Wednesday,11,0
Standard Class,Medium,Home Office,Africa,Office Supplies,9,0.01,248.39,2,Saturday,10,1
Same Day,Low,Consumer,Europe,Apparel,7,0.35,64.82,7,Wednesday,11,0
First Class,Critical,Corporate,USCA,Office Supplies,8,0.23,928.8,6,Tuesday,12,0
Standard Class,High,Corporate,Pacific Asia,Electronics,7,0.07,636.0,4,Wednesday,8,0
Second Class,High,Consumer,LATAM,Office Supplies,10,0.24,382.77,5,Thursday,12,0
Standard Class,Medium,Corporate,USCA,Apparel,15,0.15,72.78,4,Saturday,9,0
Same Day,Low,Consumer,USCA,Apparel,19,0.11,134.47,5,Monday,11,0
Standard Class,Low,Corporate,USCA,Electronics,2,0.32,514.06,5,Friday,1,0
Second Class,High,Home Office,Europe,Furniture,10,0.19,585.76,3,Friday,12,0
Standard Class,Low,Consumer,Pacific Asia,Grocery,4,0.12,459.19,4,Tuesday,6,0
Standard Class,Low,Consumer,LATAM,Electronics,15,0.38,684.15,5,Monday,2,1
Standard Class,Medium,Consumer,Africa,Grocery,6,0.07,978.73,6,Thursday,4,1
Standard Class,Medium,Consumer,USCA,Electronics,3,0.06,815.78,2,Wednesday,6,1
First Class,Medium,Consumer,USCA,Electronics,12,0.04,1041.76,2,Thursday,9,0
Standard Class,Medium,Home Office,USCA,Office Supplies,1,0.05,742.81,4,Sunday,2,0
Same Day,Medium,Consumer,Africa,Office Supplies,9,0.1,134.99,1,Wednesday,12,0
Standard Class,High,Consumer,Europe,Office Supplies,9,0.28,188.44,6,Tuesday,5,0
Second Class,Low,Consumer,Europe,Electronics,6,0.27,474.71,3,Tuesday,6,0
Same Day,Low,Consumer,Pacific Asia,Office Supplies,3,0.31,347.83,7,Wednesday,6,0
Second Class,Medium,Consumer,Europe,Electronics,9,0.23,786.17,6,Saturday,10,0
First Class,Critical,Consumer,Europe,Office Supplies,14,0.2,754.74,3,Saturday,5,0
First Class,Low,Consumer,LATAM,Grocery,17,0.17,560.49,2,Sunday,9,0
Standard Class,Low,Consumer,LATAM,Furniture,17,0.35,775.93,3,Monday,11,1
Second Class,Medium,Corporate,Europe,Office Supplies,18,0.14,1094.29,4,Monday,8,0
Standard Class,Medium,Home Office,LATAM,Apparel,11,0.36,595.14,7,Wednesday,8,0
Standard Class,Critical,Consumer,Pacific Asia,Furniture,19,0.11,423.25,1,Tuesday,2,1
Standard Class,High,Home Office,Europe,Apparel,17,0.06,576.72,6,Wednesday,10,1
Second Class,Medium,Consumer,LATAM,Furniture,14,0.1,182.68,4,Sunday,8,0
Standard Class,Medium,Corporate,Africa,Office Supplies,16,0.2,125.88,2,Tuesday,8,1
Standard Class,Low,Consumer,LATAM,Grocery,16,0.37,498.54,3,Thursday,8,1
Standard Class,Medium,Home Office,LATAM,Office Supplies,11,0.07,1108.85,7,Tuesday,5,0
Same Day,Medium,Home Office,Africa,Electronics,1,0.23,1036.86,4,Saturday,10,0
Standard Class,Low,Corporate,Pacific Asia,Apparel,16,0.09,817.15,1,Wednesday,2,1
Standard Class,Low,Home Office,Africa,Furniture,6,0.27,865.49,6,Friday,5,1
Standard Class,High,Corporate,Pacific Asia,Grocery,15,0.19,1034.06,5,Monday,1,0
Same Day,Medium,Consumer,Africa,Apparel,1,0.29,1099.37,3,Friday,4,0
Same Day,Medium,Corporate,Pacific Asia,Grocery,7,0.34,794.73,3,Monday,4,0
Second Class,Low,Consumer,Pacific Asia,Apparel,8,0.13,469.29,5,Sunday,7,0
First Class,Medium,Consumer,USCA,Office Supplies,10,0.38,185.5,7,Friday,6,0
Standard Class,High,Consumer,USCA,Electronics,7,0.19,18.24,3,Tuesday,4,0
Same Day,Low,Corporate,LATAM,Apparel,8,0.37,781.03,4,Thursday,5,0
Standard Class,Medium,Consumer,Africa,Grocery,13,0.09,483.4,6,Wednesday,6,1
Standard Class,Low,Corporate,Pacific Asia,Office Supplies,14,0.36,104.82,7,Monday,2,1
Standard Class,Medium,Corporate,USCA,Furniture,3,0.13,341.61,6,Saturday,5,0
Second Class,High,Consumer,LATAM,Furniture,12,0.3,567.79,7,Sunday,6,0
First Class,Medium,Consumer,LATAM,Office Supplies,2,0.39,942.47,2,Wednesday,9,0
Standard Class,High,Home Office,LATAM,Furniture,5,0.36,384.6,3,Wednesday,4,0
Same Day,High,Home Office,USCA,Grocery,12,0.19,790.92,2,Saturday,3,0
Standard Class,High,Consumer,Europe,Electronics,4,0.14,61.38,2,Sunday,3,1
Standard Class,High,Consumer,LATAM,Office Supplies,1,0.25,1155.23,6,Friday,5,0
Standard Class,Low,Consumer,Europe,Electronics,8,0.28,1166.3,4,Thursday,1,0
Second Class,High,Consumer,Europe,Electronics,2,0.22,638.7,6,Saturday,6,0
First Class,Low,Consumer,Europe,Office Supplies,17,0.34,792.49,5,Sunday,7,0
Standard Class,Low,Home Office,LATAM,Apparel,9,0.02,919.84,6,Saturday,10,0
Second Class,Low,Home Office,Pacific Asia,Grocery,11,0.24,1164.75,3,Thursday,7,0
Standard Class,Low,Home Office,Europe,Office Supplies,17,0.21,658.1,1,Monday,8,1
Second Class,Medium,Consumer,USCA,Grocery,5,0.02,908.87,3,Sunday,3,0
Same Day,Medium,Consumer,USCA,Electronics,9,0.01,238.91,4,Sunday,1,0
Standard Class,Low,Corporate,Europe,Electronics,7,0.24,193.31,4,Sunday,12,0
First Class,Medium,Corporate,Europe,Apparel,18,0.05,857.9,7,Friday,6,0
Second Class,Medium,Consumer,Europe,Electronics,15,0.31,1109.48,5,Wednesday,10,0
Standard Class,High,Corporate,USCA,Office Supplies,16,0.38,685.47,2,Thursday,7,1
Same Day,Low,Corporate,Africa,Grocery,16,0.07,646.06,1,Thursday,11,1
Standard Class,Low,Corporate,Pacific Asia,Apparel,13,0.32,689.64,3,Sunday,11,1
Standard Class,Low,Corporate,Africa,Office Supplies,5,0.24,1056.65,1,Sunday,11,1
Standard Class,Low,Corporate,USCA,Grocery,2,0.18,962.05,2,Saturday,10,1
Standard Class,Medium,Consumer,USCA,Grocery,19,0.26,963.99,2,Monday,2,1
First Class,Medium,Corporate,LATAM,Furniture,5,0.32,136.74,1,Tuesday,6,0
Second Class,Low,Consumer,Africa,Furniture,1,0.39,914.1,4,Monday,7,0
Same Day,Low,Consumer,Europe,Office Supplies,1,0.26,924.28,7,Wednesday,4,0
Standard Class,Low,Consumer,Europe,Apparel,16,0.3,167.27,2,Wednesday,2,1
Standard Class,Critical,Consumer,USCA,Grocery,17,0.24,571.07,6,Tuesday,10,1
Standard Class,Low,Home Office,LATAM,Grocery,7,0.23,126.47,3,Monday,4,0
Standard Class,High,Consumer,Africa,Office Supplies,10,0.03,482.46,1,Saturday,9,1
Same Day,Medium,Home Office,LATAM,Apparel,4,0.06,772.8,2,Thursday,9,0
Second Class,Low,Consumer,Pacific Asia,Electronics,4,0.15,269.77,4,Thursday,3,0
Standard Class,Critical,Consumer,LATAM,Apparel,13,0.26,167.3,7,Monday,11,1
First Class,High,Corporate,Pacific Asia,Electronics,13,0.03,769.57,1,Sunday,12,0
First Class,Medium,Consumer,Africa,Grocery,3,0.22,993.83,4,Monday,7,0
Standard Class,Medium,Corporate,Europe,Furniture,11,0.01,193.62,3,Tuesday,7,0
First Class,Medium,Consumer,Pacific Asia,Furniture,18,0.31,1086.05,7,Wednesday,7,0
Standard Class,Low,Home Office,Europe,Office Supplies,11,0.27,887.06,7,Saturday,3,0
Standard Class,Low,Consumer,LATAM,Apparel,18,0.21,816.87,5,Thursday,9,0
Standard Class,High,Corporate,LATAM,Apparel,14,0.23,153.95,1,Thursday,7,1
Standard Class,High,Consumer,Africa,Electronics,11,0.37,1116.39,3,Sunday,7,1
Standard Class,Low,Corporate,Europe,Office Supplies,13,0.36,573.43,4,Tuesday,9,1
Standard Class,High,Corporate,Africa,Apparel,11,0.32,647.37,4,Monday,3,1
Standard Class,Medium,Consumer,Pacific Asia,Office Supplies,7,0.13,620.03,4,Thursday,12,0
First Class,Low,Consumer,LATAM,Electronics,10,0.04,641.97,1,Saturday,5,0
Same Day,Medium,Corporate,LATAM,Grocery,6,0.13,989.21,3,Tuesday,2,0
First Class,Medium,Home Office,LATAM,Office Supplies,6,0.3,127.58,4,Tuesday,5,0
Standard Class,High,Consumer,LATAM,Furniture,18,0.24,585.72,4,Wednesday,5,0
Standard Class,High,Corporate,LATAM,Grocery,11,0.28,740.57,5,Monday,11,0
Standard Class,Low,Corporate,Pacific Asia,Apparel,15,0.04,150.12,3,Tuesday,6,1
Standard Class,Medium,Corporate,Pacific Asia,Electronics,18,0.06,701.41,6,Monday,8,0
Second Class,High,Home Office,Africa,Electronics,8,0.27,615.9,3,Thursday,11,0
Second Class,High,Corporate,USCA,Furniture,9,0.15,275.03,5,Tuesday,4,0
Second Class,Low,Home Office,LATAM,Office Supplies,3,0.15,316.27,4,Saturday,12,0
Second Class,Medium,Corporate,LATAM,Furniture,15,0.16,112.58,2,Saturday,4,0
Standard Class,High,Consumer,USCA,Office Supplies,14,0.32,849.45,6,Saturday,11,1
Standard Class,Low,Corporate,Africa,Furniture,2,0.28,186.52,7,Wednesday,3,1
Second Class,Medium,Home Office,Pacific Asia,Furniture,18,0.04,948.86,4,Sunday,9,0
Standard Class,High,Home Office,LATAM,Electronics,1,0.14,1068.71,2,Tuesday,1,1
Standard Class,Low,Consumer,Africa,Office Supplies,2,0.27,296.92,6,Wednesday,2,1
Standard Class,High,Consumer,USCA,Furniture,13,0.39,319.79,4,Monday,10,1
Standard Class,Low,Corporate,Pacific Asia,Apparel,13,0.36,156.5,3,Friday,9,1
Standard Class,Low,Corporate,Pacific Asia,Electronics,14,0.1,653.64,6,Saturday,7,0
First Class,Low,Consumer,Africa,Electronics,12,0.03,1157.41,3,Saturday,9,0
First Class,Low,Consumer,Europe,Electronics,2,0.23,300.04,2,Thursday,1,0
Standard Class,Low,Corporate,Europe,Electronics,2,0.16,200.19,1,Friday,10,1
Standard Class,Medium,Corporate,Europe,Furniture,14,0.07,731.3,7,Sunday,1,0
Second Class,Low,Home Office,USCA,Furniture,7,0.26,1029.27,1,Tuesday,8,0
Standard Class,High,Home Office,Europe,Electronics,4,0.06,1045.59,4,Saturday,8,0
Standard Class,Medium,Consumer,Africa,Furniture,11,0.14,421.06,5,Wednesday,10,1
Standard Class,Medium,Home Office,Pacific Asia,Furniture,7,0.32,946.3,7,Saturday,1,0
Standard Class,Medium,Corporate,Africa,Office Supplies,1,0.27,714.88,4,Tuesday,2,1
First Class,Medium,Home Office,Africa,Apparel,13,0.24,882.15,2,Sunday,4,1
First Class,Medium,Consumer,LATAM,Office Supplies,8,0.37,815.47,7,Monday,1,0
Standard Class,Low,Consumer,USCA,Grocery,16,0.05,161.92,2,Sunday,9,1
Standard Class,High,Corporate,Pacific Asia,Office Supplies,19,0.28,435.42,7,Monday,12,1
Standard Class,Medium,Home Office,LATAM,Apparel,16,0.05,918.09,3,Saturday,4,0
Standard Class,Low,Home Office,USCA,Apparel,13,0.05,914.3,4,Tuesday,6,0
Same Day,Medium,Corporate,Pacific Asia,Office Supplies,7,0.2,155.28,5,Friday,6,0
Second Class,Medium,Consumer,LATAM,Office Supplies,19,0.01,559.88,7,Monday,10,0
Standard Class,Low,Corporate,Europe,Grocery,5,0.2,1044.09,4,Thursday,10,0
First Class,High,Home Office,Africa,Electronics,2,0.0,951.97,4,Friday,5,0
First Class,Medium,Corporate,Europe,Apparel,9,0.24,701.3,4,Monday,8,0
First Class,Medium,Corporate,Pacific Asia,Electronics,16,0.12,255.66,1,Wednesday,2,0
Standard Class,Medium,Consumer,LATAM,Grocery,4,0.03,396.2,5,Saturday,6,0
Standard Class,Critical,Corporate,LATAM,Furniture,10,0.31,787.86,4,Friday,9,1
Second Class,Low,Consumer,LATAM,Furniture,3,0.16,939.88,1,Thursday,9,0
Standard Class,Medium,Home Office,Africa,Electronics,1,0.18,740.24,4,Thursday,2,1
Same Day,Low,Corporate,LATAM,Office Supplies,7,0.15,480.5,5,Tuesday,1,0
Second Class,Medium,Corporate,USCA,Apparel,3,0.03,696.19,3,Saturday,2,0
Same Day,Low,Home Office,USCA,Electronics,11,0.18,14.55,1,Friday,4,0
Standard Class,Low,Consumer,USCA,Office Supplies,13,0.27,885.39,2,Sunday,9,1
First Class,High,Consumer,Europe,Grocery,17,0.36,1014.32,2,Friday,3,1
Standard Class,Medium,Corporate,Pacific Asia,Office Supplies,10,0.31,64.84,1,Thursday,12,1
Same Day,Low,Consumer,Europe,Grocery,8,0.03,485.36,2,Tuesday,3,0
Standard Class,Medium,Consumer,Europe,Electronics,8,0.07,1020.02,2,Tuesday,12,1
Standard Class,Medium,Home Office,Africa,Furniture,19,0.02,720.59,2,Wednesday,5,1
First Class,Low,Corporate,Europe,Apparel,19,0.05,585.23,5,Saturday,1,0
Standard Class,Low,Consumer,Africa,Electronics,18,0.19,113.6,6,Saturday,5,1
Standard Class,Critical,Consumer,USCA,Furniture,9,0.09,887.27,7,Friday,3,1
Same Day,Medium,Consumer,USCA,Grocery,12,0.26,830.23,7,Tuesday,10,0
Standard Class,Low,Corporate,Europe,Apparel,13,0.01,711.79,2,Saturday,10,1
Second Class,High,Consumer,Europe,Office Supplies,5,0.34,81.93,3,Saturday,12,0
Standard Class,Medium,Home Office,USCA,Electronics,19,0.27,774.87,7,Tuesday,9,1
First Class,Low,Corporate,LATAM,Office Supplies,5,0.39,71.49,7,Thursday,9,0
Second Class,Low,Consumer,USCA,Apparel,4,0.38,988.37,5,Friday,2,0
Standard Class,Low,Consumer,LATAM,Electronics,2,0.28,1044.44,1,Friday,7,1
Standard Class,High,Corporate,USCA,Electronics,15,0.06,641.75,4,Thursday,11,0
Second Class,Low,Consumer,Pacific Asia,Office Supplies,8,0.09,1019.64,6,Thursday,2,0
Standard Class,Low,Corporate,Africa,Office Supplies,14,0.11,486.93,7,Friday,8,1
Standard Class,High,Home Office,Africa,Furniture,4,0.17,355.15,7,Thursday,10,1
Second Class,Low,Consumer,Pacific Asia,Office Supplies,12,0.23,586.08,1,Monday,6,0
Standard Class,Medium,Consumer,LATAM,Grocery,6,0.27,674.95,5,Wednesday,7,0
Standard Class,Low,Home Office,Europe,Furniture,8,0.03,922.08,2,Saturday,2,1
Second Class,Medium,Consumer,Europe,Office Supplies,9,0.24,726.46,4,Saturday,3,0
Standard Class,Low,Consumer,Africa,Electronics,9,0.02,1028.46,4,Friday,7,1
Standard Class,Low,Consumer,Europe,Office Supplies,16,0.33,1123.63,6,Friday,1,1
Standard Class,Medium,Home Office,LATAM,Apparel,9,0.02,631.18,4,Monday,2,0
Second Class,Medium,Home Office,Europe,Furniture,19,0.16,864.03,6,Sunday,5,0
Second Class,Medium,Consumer,USCA,Electronics,8,0.17,583.01,6,Sunday,7,0
Second Class,Medium,Corporate,Pacific Asia,Office Supplies,7,0.23,1088.22,5,Saturday,6,0
Standard Class,Medium,Consumer,Africa,Apparel,13,0.04,46.33,1,Sunday,12,1
Standard Class,Medium,Corporate,Europe,Furniture,5,0.37,865.15,3,Tuesday,4,0
Standard Class,Medium,Consumer,LATAM,Furniture,18,0.15,600.65,4,Monday,3,0
Standard Class,Medium,Consumer,Europe,Furniture,7,0.16,82.75,1,Monday,9,1
Same Day,Medium,Home Office,Pacific Asia,Electronics,6,0.1,897.37,1,Thursday,11,0
Standard Class,Medium,Consumer,USCA,Office Supplies,10,0.31,477.46,7,Monday,6,0
Standard Class,Low,Consumer,Africa,Electronics,15,0.0,637.39,7,Friday,4,1
Standard Class,Low,Home Office,Africa,Grocery,17,0.04,858.24,3,Monday,1,1
Second Class,Low,Corporate,LATAM,Office Supplies,13,0.19,309.96,3,Saturday,7,0
Second Class,High,Corporate,USCA,Grocery,1,0.39,353.11,5,Saturday,5,0
Second Class,High,Home Office,Europe,Office Supplies,9,0.01,434.43,3,Wednesday,6,0
First Class,Medium,Consumer,Europe,Furniture,19,0.02,899.66,3,Monday,6,0
Standard Class,Low,Consumer,LATAM,Electronics,6,0.29,1178.36,7,Sunday,9,0
Standard Class,Low,Consumer,USCA,Grocery,4,0.29,441.93,4,Wednesday,8,0
Standard Class,High,Consumer,LATAM,Furniture,18,0.36,736.85,1,Tuesday,9,1
Second Class,High,Consumer,Pacific Asia,Furniture,6,0.23,395.62,3,Saturday,7,0
Second Class,Low,Corporate,Pacific Asia,Grocery,10,0.16,1053.37,2,Wednesday,8,0
Standard Class,High,Consumer,Europe,Office Supplies,3,0.18,1123.25,7,Saturday,3,0
Second Class,Medium,Consumer,Pacific Asia,Grocery,14,0.17,235.65,5,Tuesday,4,0
Second Class,Low,Consumer,LATAM,Electronics,2,0.39,788.37,3,Monday,5,0
First Class,Medium,Consumer,Africa,Apparel,19,0.15,1088.08,3,Thursday,3,0
Second Class,Medium,Corporate,Pacific Asia,Office Supplies,9,0.04,575.23,3,Saturday,1,0
First Class,High,Consumer,LATAM,Furniture,2,0.12,409.06,3,Tuesday,2,0
Standard Class,Low,Consumer,Africa,Grocery,15,0.38,1087.73,5,Wednesday,5,1
Second Class,Low,Home Office,Africa,Apparel,13,0.17,316.87,4,Tuesday,2,0
Same Day,Low,Corporate,Pacific Asia,Grocery,12,0.13,256.45,4,Thursday,4,0
Standard Class,Low,Corporate,USCA,Apparel,17,0.12,1057.84,5,Tuesday,1,0
First Class,Medium,Corporate,Pacific Asia,Office Supplies,16,0.0,764.0,3,Monday,2,0
Second Class,Low,Corporate,Pacific Asia,Grocery,3,0.25,230.2,7,Sunday,2,0
Standard Class,Medium,Consumer,USCA,Grocery,6,0.29,775.01,1,Wednesday,1,1
Second Class,Low,Consumer,Pacific Asia,Apparel,10,0.14,1052.69,6,Monday,12,0
Standard Class,Medium,Corporate,LATAM,Electronics,5,0.35,116.28,7,Friday,4,0
Same Day,Medium,Consumer,USCA,Furniture,14,0.3,315.46,3,Wednesday,5,0
First Class,Medium,Consumer,LATAM,Apparel,18,0.24,729.01,1,Friday,9,0
Standard Class,Low,Consumer,Africa,Grocery,8,0.28,146.84,7,Tuesday,7,1
Standard Class,Low,Consumer,USCA,Apparel,16,0.31,1087.49,6,Friday,10,1
Second Class,Low,Home Office,Africa,Apparel,2,0.21,715.61,2,Thursday,5,1
Standard Class,Low,Consumer,Europe,Grocery,9,0.16,706.13,4,Saturday,11,0
Standard Class,Low,Consumer,Europe,Grocery,19,0.05,76.51,4,Sunday,1,0
Standard Class,Low,Corporate,LATAM,Electronics,1,0.16,511.36,1,Friday,6,1
Standard Class,Medium,Corporate,Africa,Electronics,9,0.22,241.96,2,Saturday,12,1
Standard Class,Critical,Corporate,Africa,Electronics,7,0.38,972.15,4,Friday,8,1
First Class,Low,Consumer,USCA,Grocery,3,0.06,409.99,2,Saturday,10,0
Same Day,High,Consumer,Europe,Office Supplies,1,0.3,489.61,4,Wednesday,1,0
First Class,Low,Corporate,LATAM,Electronics,13,0.1,772.38,1,Monday,8,0
First Class,Medium,Consumer,LATAM,Furniture,14,0.38,863.73,4,Wednesday,5,0
Standard Class,Medium,Consumer,USCA,Office Supplies,1,0.24,950.08,4,Monday,11,0
Standard Class,High,Home Office,USCA,Electronics,18,0.17,218.09,7,Sunday,8,0
Standard Class,Low,Consumer,LATAM,Furniture,7,0.14,322.44,1,Friday,12,1
First Class,Low,Consumer,USCA,Grocery,15,0.08,119.94,7,Sunday,2,0
Same Day,Low,Consumer,Africa,Furniture,1,0.29,1029.17,5,Saturday,10,0
Second Class,Medium,Consumer,LATAM,Electronics,7,0.25,385.37,5,Sunday,9,0
First Class,High,Consumer,Pacific Asia,Apparel,2,0.36,160.12,4,Monday,6,0
Second Class,High,Consumer,Europe,Apparel,14,0.24,380.51,5,Friday,10,0
Standard Class,Medium,Consumer,Europe,Furniture,7,0.07,78.02,7,Tuesday,8,0
Standard Class,Medium,Consumer,Pacific Asia,Grocery,14,0.27,1005.53,3,Wednesday,5,1
Standard Class,High,Consumer,Pacific Asia,Office Supplies,15,0.35,351.57,5,Wednesday,3,1
Standard Class,Medium,Corporate,Africa,Apparel,7,0.4,426.59,2,Monday,7,1
Second Class,Low,Corporate,LATAM,Office Supplies,3,0.27,1129.0,3,Sunday,12,0
Standard Class,High,Consumer,USCA,Grocery,10,0.12,235.3,5,Thursday,9,0
Second Class,Low,Home Office,Europe,Apparel,12,0.23,252.74,3,Thursday,6,0
Second Class,Low,Corporate,Pacific Asia,Grocery,9,0.21,676.96,6,Wednesday,6,0
Standard Class,Low,Corporate,LATAM,Electronics,8,0.2,1167.01,3,Monday,2,0
Standard Class,Medium,Consumer,USCA,Office Supplies,10,0.03,1082.41,5,Monday,7,0
Standard Class,Medium,Home Office,Europe,Electronics,17,0.08,715.54,2,Saturday,5,1
Standard Class,Low,Home Office,LATAM,Grocery,9,0.21,976.55,2,Tuesday,7,1
First Class,Medium,Consumer,Europe,Grocery,10,0.32,590.27,3,Tuesday,9,0
Standard Class,High,Corporate,Africa,Furniture,15,0.07,527.21,5,Tuesday,4,1
Second Class,High,Corporate,Europe,Furniture,4,0.07,486.55,2,Friday,6,0
First Class,Medium,Consumer,Africa,Apparel,7,0.3,550.89,6,Monday,12,0
First Class,High,Consumer,Africa,Electronics,16,0.28,851.25,5,Sunday,9,0
First Class,High,Consumer,Africa,Electronics,8,0.19,987.55,5,Saturday,4,0
Standard Class,Low,Consumer,USCA,Grocery,14,0.02,695.44,4,Monday,12,0
Standard Class,Low,Consumer,USCA,Furniture,7,0.19,1044.05,4,Thursday,6,0
Standard Class,Medium,Corporate,Africa,Office Supplies,14,0.33,770.06,4,Friday,12,1
Standard Class,Low,Corporate,LATAM,Grocery,6,0.0,965.26,6,Thursday,11,0
Same Day,Low,Home Office,Africa,Electronics,9,0.04,830.63,5,Tuesday,11,0
Second Class,Medium,Corporate,LATAM,Electronics,14,0.32,930.8,6,Saturday,6,0
Standard Class,Low,Consumer,Europe,Grocery,16,0.21,32.67,1,Saturday,1,1
Standard Class,Low,Consumer,USCA,Grocery,4,0.26,1041.99,5,Monday,2,0
Standard Class,Medium,Home Office,LATAM,Grocery,3,0.3,1064.26,2,Friday,12,1
Second Class,Medium,Consumer,LATAM,Electronics,13,0.12,1011.16,2,Sunday,3,0
Second Class,High,Corporate,LATAM,Office Supplies,16,0.12,878.89,2,Sunday,7,0
First Class,Medium,Consumer,Pacific Asia,Electronics,4,0.11,947.15,1,Tuesday,8,0
Same Day,Medium,Consumer,USCA,Grocery,3,0.07,225.66,3,Tuesday,12,0
Standard Class,Low,Consumer,Pacific Asia,Furniture,7,0.12,66.67,5,Monday,9,0
Standard Class,Low,Consumer,Europe,Office Supplies,15,0.38,354.79,4,Wednesday,6,1
Standard Class,Low,Corporate,LATAM,Apparel,2,0.03,536.51,2,Monday,9,1
Standard Class,High,Corporate,USCA,Electronics,9,0.1,332.23,6,Friday,9,0
Same Day,Medium,Consumer,USCA,Office Supplies,3,0.13,1046.09,2,Wednesday,5,0
Second Class,High,Home Office,USCA,Office Supplies,10,0.06,1157.64,3,Wednesday,12,0
Second Class,Medium,Consumer,LATAM,Grocery,18,0.03,927.24,7,Monday,4,0
Standard Class,Low,Consumer,Africa,Office Supplies,15,0.06,577.16,3,Monday,4,1
Standard Class,Medium,Home Office,Africa,Electronics,16,0.21,183.46,3,Saturday,11,1
Standard Class,Medium,Consumer,Africa,Furniture,13,0.24,1047.73,5,Saturday,5,1
Standard Class,Medium,Home Office,Pacific Asia,Office Supplies,12,0.09,1011.98,2,Monday,5,1
Second Class,Medium,Home Office,LATAM,Electronics,12,0.2,203.14,1,Thursday,7,0
Standard Class,Critical,Consumer,Europe,Grocery,1,0.0,67.96,1,Sunday,10,1
Second Class,High,Consumer,Pacific Asia,Office Supplies,15,0.24,1079.77,3,Wednesday,9,0
First Class,High,Consumer,USCA,Apparel,1,0.0,988.11,1,Monday,3,0
Standard Class,Low,Consumer,Africa,Apparel,8,0.26,1121.76,5,Friday,3,1
Second Class,Low,Corporate,USCA,Furniture,16,0.19,435.88,1,Sunday,5,0
Standard Class,Low,Consumer,Pacific Asia,Grocery,16,0.04,792.94,3,Monday,7,0
Second Class,Low,Consumer,Africa,Electronics,3,0.04,1038.4,1,Friday,10,1
First Class,Medium,Corporate,LATAM,Office Supplies,19,0.0,416.3,2,Wednesday,2,0
Same Day,Medium,Corporate,Africa,Electronics,14,0.22,574.69,5,Monday,4,0
Standard Class,Medium,Corporate,Africa,Apparel,9,0.32,642.71,5,Friday,11,1
Standard Class,High,Corporate,Africa,Grocery,12,0.34,44.83,5,Monday,3,1
Standard Class,High,Corporate,Pacific Asia,Electronics,16,0.23,995.77,2,Thursday,11,1
Standard Class,Low,Home Office,Africa,Office Supplies,1,0.35,1133.12,7,Wednesday,2,1
Second Class,High,Consumer,Pacific Asia,Grocery,7,0.34,506.39,6,Sunday,2,0
Same Day,Medium,Corporate,USCA,Office Supplies,18,0.28,737.27,2,Sunday,6,1
Standard Class,Medium,Consumer,LATAM,Office Supplies,11,0.15,654.53,2,Wednesday,7,1
Standard Class,High,Home Office,Africa,Grocery,3,0.33,424.0,4,Monday,7,1
Standard Class,Low,Consumer,Pacific Asia,Grocery,10,0.16,108.09,5,Thursday,7,0
Standard Class,High,Home Office,Africa,Office Supplies,12,0.16,628.96,6,Saturday,8,1
Standard Class,Medium,Corporate,Africa,Apparel,8,0.27,300.49,3,Thursday,6,1
Standard Class,High,Corporate,Africa,Office Supplies,3,0.37,786.29,1,Friday,4,1
Second Class,Critical,Consumer,Europe,Grocery,2,0.2,649.29,4,Tuesday,1,0
Standard Class,Medium,Consumer,LATAM,Furniture,7,0.07,712.73,1,Tuesday,6,1
Standard Class,Low,Corporate,LATAM,Electronics,12,0.06,726.07,1,Saturday,1,1
First Class,Low,Consumer,Pacific Asia,Office Supplies,13,0.12,1063.96,2,Friday,9,0
Standard Class,Low,Home Office,USCA,Electronics,19,0.18,185.43,4,Tuesday,10,0
Second Class,Low,Corporate,USCA,Office Supplies,11,0.12,968.74,3,Monday,8,0
Second Class,High,Home Office,USCA,Office Supplies,13,0.28,1146.12,1,Saturday,12,1
Second Class,Low,Consumer,Africa,Furniture,8,0.22,868.36,1,Saturday,11,1
Standard Class,Critical,Consumer,Pacific Asia,Grocery,5,0.16,175.47,4,Monday,2,1
Standard Class,Medium,Corporate,Africa,Apparel,19,0.09,1021.79,3,Saturday,1,1
First Class,Low,Consumer,Europe,Grocery,8,0.24,952.24,3,Friday,7,0
First Class,Medium,Home Office,Pacific Asia,Electronics,7,0.27,1036.67,6,Sunday,5,0
Standard Class,Medium,Corporate,Pacific Asia,Electronics,5,0.31,588.75,3,Saturday,5,0
Standard Class,Medium,Consumer,Pacific Asia,Office Supplies,9,0.4,986.09,1,Wednesday,2,1
Standard Class,Medium,Corporate,Europe,Grocery,12,0.09,193.28,2,Tuesday,11,1
Standard Class,Low,Corporate,Pacific Asia,Furniture,4,0.01,696.24,4,Friday,9,0
Second Class,Medium,Corporate,Europe,Apparel,3,0.2,666.57,3,Tuesday,3,0
Standard Class,Medium,Corporate,USCA,Grocery,11,0.37,1077.11,6,Sunday,9,0
Standard Class,High,Consumer,Pacific Asia,Office Supplies,18,0.1,1036.86,2,Tuesday,8,1
First Class,High,Consumer,Africa,Electronics,19,0.3,862.09,3,Wednesday,5,0
Standard Class,Low,Corporate,LATAM,Grocery,2,0.13,218.07,1,Sunday,3,1
First Class,Low,Consumer,Europe,Electronics,9,0.16,970.03,3,Friday,6,0
Second Class,Medium,Corporate,USCA,Office Supplies,10,0.38,740.96,6,Wednesday,4,0
Standard Class,Critical,Corporate,USCA,Electronics,19,0.18,981.75,1,Sunday,11,1
Second Class,Medium,Home Office,LATAM,Office Supplies,6,0.29,1126.64,4,Sunday,3,0
Second Class,Low,Home Office,Pacific Asia,Apparel,9,0.22,545.61,1,Saturday,11,0
Standard Class,Low,Corporate,Africa,Furniture,19,0.31,895.96,3,Monday,10,1
Standard Class,Low,Consumer,LATAM,Electronics,18,0.13,1167.81,6,Wednesday,1,0
Standard Class,Low,Consumer,Pacific Asia,Grocery,19,0.35,264.25,5,Saturday,9,1
Same Day,Medium,Consumer,Pacific Asia,Apparel,4,0.22,1017.93,6,Tuesday,8,0
Second Class,Medium,Consumer,Europe,Furniture,4,0.12,178.9,2,Sunday,9,0
Standard Class,Low,Corporate,Africa,Grocery,17,0.02,30.39,1,Sunday,4,1
Second Class,Low,Home Office,Africa,Grocery,13,0.01,1017.96,7,Friday,6,0
Standard Class,Low,Consumer,Europe,Office Supplies,3,0.14,1152.25,1,Wednesday,3,1
Second Class,High,Consumer,Pacific Asia,Furniture,4,0.09,48.33,5,Friday,5,0
Second Class,Medium,Corporate,Pacific Asia,Grocery,7,0.02,1014.86,7,Thursday,9,0
Standard Class,Critical,Home Office,Africa,Grocery,10,0.22,842.28,3,Sunday,5,1
First Class,Medium,Consumer,Africa,Grocery,13,0.4,842.75,2,Sunday,5,1
Second Class,Low,Consumer,Africa,Apparel,4,0.17,556.95,6,Monday,9,0
Second Class,Low,Home Office,Africa,Furniture,7,0.22,506.35,2,Tuesday,9,1
Standard Class,Medium,Consumer,Pacific Asia,Office Supplies,11,0.09,453.89,6,Monday,12,0
First Class,Medium,Corporate,Africa,Apparel,16,0.08,464.39,2,Friday,7,1
Same Day,Medium,Corporate,Pacific Asia,Apparel,12,0.13,1125.22,2,Wednesday,11,0
Standard Class,High,Consumer,Europe,Apparel,6,0.33,980.78,7,Thursday,3,0
Standard Class,Medium,Consumer,USCA,Office Supplies,5,0.38,383.32,4,Tuesday,3,0
Standard Class,Low,Home Office,Europe,Office Supplies,13,0.3,891.27,1,Friday,3,1
First Class,High,Consumer,Europe,Apparel,1,0.01,791.22,6,Friday,10,0
Second Class,Medium,Consumer,LATAM,Apparel,15,0.18,1016.72,4,Saturday,2,0
Standard Class,Low,Corporate,Europe,Electronics,19,0.17,119.38,4,Tuesday,3,0
First Class,Medium,Consumer,LATAM,Office Supplies,8,0.37,843.17,3,Tuesday,1,0
Standard Class,Medium,Corporate,LATAM,Grocery,11,0.3,301.47,1,Thursday,8,1
First Class,Low,Home Office,LATAM,Furniture,1,0.29,297.5,6,Thursday,12,0
Standard Class,Medium,Home Office,Europe,Furniture,1,0.23,849.82,3,Saturday,5,0
Standard Class,Low,Consumer,USCA,Furniture,12,0.26,1074.98,4,Wednesday,5,0
Standard Class,Low,Consumer,LATAM,Apparel,16,0.28,624.08,3,Wednesday,7,1
Standard Class,Low,Consumer,Africa,Office Supplies,8,0.22,563.98,4,Sunday,9,1
Second Class,Low,Home Office,Africa,Electronics,14,0.34,979.98,5,Tuesday,9,0
Second Class,Low,Consumer,Pacific Asia,Electronics,7,0.01,40.28,4,Wednesday,6,0
Standard Class,Low,Consumer,Africa,Furniture,18,0.38,851.41,1,Thursday,6,1
Standard Class,High,Home Office,Africa,Grocery,13,0.31,76.79,3,Saturday,6,1
Standard Class,Low,Corporate,LATAM,Grocery,13,0.21,300.86,2,Friday,4,1
Second Class,Medium,Consumer,Europe,Grocery,9,0.34,803.81,2,Sunday,12,0
Second Class,Low,Consumer,Africa,Grocery,18,0.33,462.43,7,Thursday,9,0
Standard Class,High,Corporate,Europe,Electronics,3,0.17,361.32,1,Monday,2,1
Second Class,Low,Corporate,USCA,Electronics,3,0.34,610.13,3,Friday,7,0
Standard Class,Low,Corporate,Africa,Office Supplies,14,0.08,1021.34,2,Thursday,4,1
Same Day,Low,Consumer,USCA,Electronics,9,0.19,516.94,3,Monday,7,0
Same Day,Critical,Consumer,USCA,Office Supplies,16,0.09,644.13,7,Saturday,6,0
Second Class,Medium,Corporate,Pacific Asia,Office Supplies,5,0.05,197.99,2,Sunday,1,0
Same Day,Low,Home Office,Europe,Apparel,13,0.36,539.12,7,Tuesday,8,0
First Class,Low,Consumer,Europe,Electronics,8,0.15,29.68,1,Tuesday,10,0
First Class,Low,Consumer,Pacific Asia,Grocery,19,0.27,1007.38,2,Saturday,12,1
Second Class,Low,Corporate,LATAM,Furniture,9,0.15,256.13,6,Sunday,3,0
Standard Class,High,Corporate,Pacific Asia,Office Supplies,9,0.22,1104.67,2,Saturday,10,1
Standard Class,Medium,Consumer,Pacific Asia,Furniture,10,0.14,435.66,7,Friday,3,0
Standard Class,Medium,Corporate,Pacific Asia,Grocery,9,0.3,1004.69,2,Wednesday,2,1
Second Class,Low,Home Office,USCA,Office Supplies,12,0.31,473.65,1,Tuesday,1,0
Standard Class,Medium,Corporate,Europe,Office Supplies,12,0.17,191.75,4,Saturday,6,0
Standard Class,Low,Consumer,LATAM,Electronics,11,0.34,609.43,7,Friday,4,0
Standard Class,Low,Home Office,Africa,Apparel,18,0.14,320.1,3,Monday,2,1
Standard Class,Medium,Consumer,Africa,Furniture,7,0.3,394.37,5,Thursday,3,1
Second Class,Low,Consumer,Africa,Grocery,1,0.26,386.19,5,Friday,12,0
Same Day,Medium,Corporate,LATAM,Apparel,7,0.18,421.55,2,Monday,2,0
Second Class,High,Corporate,Africa,Apparel,1,0.36,602.77,3,Wednesday,2,0
Second Class,Low,Home Office,LATAM,Electronics,14,0.23,161.95,2,Sunday,6,0
Second Class,High,Consumer,Africa,Office Supplies,13,0.34,316.59,3,Monday,12,0
Standard Class,Low,Consumer,Africa,Grocery,13,0.29,762.46,7,Monday,9,1
Standard Class,Low,Home Office,LATAM,Apparel,17,0.21,909.29,5,Sunday,6,0
First Class,Medium,Consumer,Europe,Apparel,8,0.13,300.13,6,Thursday,2,0
Standard Class,Medium,Consumer,LATAM,Furniture,17,0.38,321.79,7,Sunday,4,1
Standard Class,Low,Corporate,LATAM,Grocery,13,0.02,578.86,2,Monday,10,1
First Class,High,Home Office,Pacific Asia,Grocery,17,0.36,1177.51,7,Sunday,5,0
Standard Class,Critical,Corporate,USCA,Apparel,15,0.2,664.74,2,Friday,9,1
Standard Class,Low,Consumer,USCA,Office Supplies,2,0.3,978.06,3,Tuesday,3,0
Standard Class,High,Corporate,Europe,Grocery,13,0.13,1103.23,6,Sunday,3,0
Standard Class,Medium,Home Office,Europe,Grocery,8,0.15,767.89,4,Tuesday,4,0
Standard Class,High,Home Office,Europe,Furniture,3,0.08,627.79,2,Monday,7,1
Standard Class,Low,Consumer,USCA,Furniture,7,0.38,919.81,5,Monday,4,0
Second Class,High,Home Office,Europe,Furniture,17,0.02,389.47,2,Tuesday,8,0
First Class,Low,Home Office,Europe,Office Supplies,6,0.15,1167.41,1,Wednesday,1,0
Standard Class,High,Corporate,LATAM,Office Supplies,6,0.13,575.7,1,Sunday,1,1
First Class,Medium,Corporate,LATAM,Grocery,11,0.33,1114.67,6,Friday,9,0
Standard Class,Low,Consumer,USCA,Office Supplies,6,0.2,914.15,4,Friday,11,0
Standard Class,Low,Corporate,LATAM,Furniture,2,0.07,261.7,3,Friday,3,0
Standard Class,High,Corporate,Europe,Office Supplies,3,0.2,272.63,1,Monday,12,1
Second Class,Medium,Consumer,LATAM,Grocery,2,0.09,426.3,2,Wednesday,2,0
Standard Class,Low,Consumer,Pacific Asia,Apparel,3,0.01,452.73,2,Monday,10,1
Second Class,Medium,Consumer,LATAM,Electronics,1,0.22,27.85,6,Thursday,5,0
First Class,High,Home Office,USCA,Office Supplies,7,0.14,1028.39,3,Wednesday,9,0
Standard Class,Low,Corporate,Europe,Apparel,16,0.1,296.13,1,Thursday,6,1
Second Class,Low,Consumer,Europe,Grocery,16,0.07,991.48,5,Sunday,7,0
Same Day,High,Home Office,USCA,Apparel,17,0.18,584.62,3,Saturday,12,0
Standard Class,Low,Corporate,LATAM,Apparel,1,0.35,714.52,5,Wednesday,2,0
Standard Class,Low,Home Office,Europe,Apparel,18,0.3,648.38,7,Monday,8,1
Second Class,Low,Consumer,Europe,Furniture,7,0.0,1134.17,2,Monday,1,0
Second Class,High,Corporate,Pacific Asia,Office Supplies,9,0.29,507.39,5,Wednesday,1,0
Standard Class,Low,Corporate,USCA,Apparel,3,0.03,472.63,3,Sunday,6,0
Standard Class,Medium,Consumer,LATAM,Grocery,16,0.22,741.73,1,Sunday,12,1
Standard Class,High,Consumer,LATAM,Electronics,3,0.31,464.4,3,Tuesday,11,0
Standard Class,Low,Consumer,Europe,Electronics,6,0.18,732.86,4,Wednesday,1,0
Standard Class,High,Corporate,Africa,Electronics,19,0.15,691.13,4,Saturday,6,1
Same Day,Medium,Consumer,Pacific Asia,Furniture,14,0.38,932.3,5,Tuesday,8,0
First Class,Medium,Consumer,Pacific Asia,Office Supplies,3,0.01,1188.04,2,Monday,9,0
Standard Class,Low,Consumer,Pacific Asia,Electronics,6,0.04,1173.01,1,Tuesday,3,1
Second Class,Medium,Consumer,Europe,Furniture,17,0.35,157.29,5,Saturday,8,0
First Class,Low,Home Office,USCA,Grocery,4,0.35,548.02,3,Thursday,10,0
Standard Class,Low,Consumer,USCA,Grocery,4,0.15,512.61,4,Thursday,8,0
Standard Class,High,Corporate,Pacific Asia,Furniture,10,0.22,236.9,1,Monday,11,1
Standard Class,Low,Consumer,Africa,Office Supplies,15,0.07,895.04,4,Sunday,9,1
First Class,High,Consumer,Africa,Grocery,17,0.35,1162.57,1,Saturday,7,1
Standard Class,Low,Home Office,LATAM,Office Supplies,17,0.19,191.63,7,Tuesday,7,0
Same Day,Low,Home Office,Africa,Furniture,11,0.23,333.97,7,Monday,5,0
Standard Class,High,Consumer,Pacific Asia,Grocery,4,0.05,1027.48,1,Sunday,3,1
Standard Class,Low,Consumer,LATAM,Grocery,13,0.25,373.26,7,Friday,4,0
Standard Class,High,Consumer,Pacific Asia,Apparel,19,0.28,535.1,4,Thursday,3,1
Standard Class,Medium,Consumer,USCA,Grocery,14,0.12,891.03,7,Wednesday,7,1
First Class,Low,Corporate,Pacific Asia,Electronics,11,0.36,159.95,4,Sunday,4,0
Same Day,Medium,Consumer,LATAM,Apparel,6,0.08,637.3,7,Sunday,4,0
Standard Class,Low,Corporate,Pacific Asia,Furniture,16,0.36,140.5,6,Thursday,4,1
Same Day,Low,Corporate,Europe,Electronics,11,0.28,373.38,3,Saturday,4,0
First Class,Medium,Consumer,LATAM,Electronics,19,0.33,291.93,3,Sunday,1,0
Standard Class,Low,Corporate,Africa,Office Supplies,6,0.28,878.98,1,Wednesday,5,1
Second Class,Low,Home Office,USCA,Apparel,12,0.17,189.3,3,Monday,6,0
Standard Class,High,Corporate,Africa,Office Supplies,19,0.13,797.7,3,Wednesday,4,1
Second Class,High,Home Office,Pacific Asia,Apparel,18,0.29,694.97,3,Tuesday,9,0
Standard Class,Medium,Corporate,Africa,Apparel,14,0.12,814.21,7,Sunday,4,1
Second Class,Medium,Corporate,LATAM,Electronics,9,0.02,1053.13,6,Friday,6,0
Standard Class,Medium,Home Office,Europe,Grocery,10,0.1,645.61,7,Saturday,4,0
First Class,Medium,Corporate,Africa,Office Supplies,15,0.3,867.52,1,Tuesday,10,1
First Class,Medium,Corporate,Pacific Asia,Office Supplies,18,0.32,967.42,2,Tuesday,12,1
Standard Class,Critical,Consumer,Africa,Electronics,17,0.11,837.8,2,Friday,8,1
Standard Class,Low,Home Office,Africa,Grocery,13,0.13,389.69,7,Wednesday,11,1
Standard Class,Medium,Consumer,LATAM,Apparel,16,0.22,1154.14,5,Wednesday,2,0
Second Class,High,Consumer,Pacific Asia,Apparel,7,0.1,82.28,2,Monday,3,0
Standard Class,Medium,Corporate,Pacific Asia,Grocery,6,0.24,453.04,4,Wednesday,7,0
Second Class,High,Corporate,Europe,Apparel,13,0.11,987.36,4,Saturday,8,0
Standard Class,Low,Corporate,LATAM,Office Supplies,12,0.05,426.39,7,Wednesday,12,0
Standard Class,Low,Corporate,LATAM,Office Supplies,15,0.06,659.65,3,Sunday,4,0
Standard Class,High,Consumer,USCA,Office Supplies,4,0.1,170.04,7,Thursday,5,0
Standard Class,Low,Home Office,Europe,Electronics,12,0.07,1029.67,5,Monday,9,0
First Class,Medium,Corporate,Europe,Apparel,10,0.39,1118.08,6,Sunday,4,0
Same Day,Low,Home Office,Pacific Asia,Electronics,8,0.26,1180.98,6,Wednesday,6,0
Standard Class,High,Consumer,Pacific Asia,Apparel,14,0.07,101.74,3,Thursday,4,0
Standard Class,Medium,Corporate,Europe,Office Supplies,14,0.17,247.0,3,Friday,9,0
Standard Class,Low,Corporate,LATAM,Office Supplies,7,0.11,599.04,2,Thursday,9,1
Second Class,Medium,Consumer,USCA,Grocery,10,0.27,334.41,7,Tuesday,12,0
Standard Class,Medium,Home Office,Pacific Asia,Apparel,10,0.35,774.72,3,Thursday,12,0
Second Class,Low,Consumer,USCA,Furniture,18,0.16,1016.07,5,Tuesday,5,0
Same Day,Medium,Corporate,Europe,Electronics,17,0.17,161.21,2,Saturday,8,0
Standard Class,Medium,Corporate,LATAM,Office Supplies,18,0.16,13.79,5,Wednesday,6,1
First Class,Low,Corporate,USCA,Grocery,14,0.18,1192.54,3,Sunday,10,0
Standard Class,High,Corporate,Africa,Grocery,5,0.01,546.02,3,Tuesday,12,1
Standard Class,Low,Consumer,Europe,Office Supplies,7,0.24,91.46,2,Friday,4,1
Standard Class,Low,Corporate,LATAM,Apparel,17,0.38,710.31,1,Thursday,4,1
Standard Class,Medium,Consumer,Europe,Grocery,2,0.31,906.31,7,Wednesday,12,0
Standard Class,Medium,Consumer,Europe,Apparel,4,0.34,963.48,2,Monday,1,1
Standard Class,High,Consumer,USCA,Grocery,9,0.09,687.46,7,Tuesday,9,0
Standard Class,Low,Consumer,USCA,Electronics,8,0.24,818.62,1,Saturday,12,1
Standard Class,Low,Corporate,Africa,Apparel,4,0.36,576.75,1,Thursday,7,1
Second Class,Low,Home Office,Pacific Asia,Grocery,11,0.03,747.51,6,Thursday,1,0
Same Day,High,Consumer,Africa,Office Supplies,7,0.35,1142.39,2,Saturday,5,1
Standard Class,Medium,Consumer,LATAM,Furniture,11,0.03,1185.15,3,Sunday,11,0
Standard Class,Medium,Consumer,LATAM,Office Supplies,3,0.39,756.8,5,Wednesday,9,0
Standard Class,Low,Corporate,Europe,Apparel,12,0.03,704.87,3,Sunday,10,0
First Class,High,Consumer,USCA,Office Supplies,8,0.15,421.15,1,Thursday,4,0
Second Class,Medium,Consumer,Europe,Office Supplies,7,0.02,395.85,4,Friday,5,0
Standard Class,High,Corporate,Pacific Asia,Furniture,13,0.02,1110.15,5,Wednesday,2,0
Standard Class,Low,Consumer,Europe,Office Supplies,4,0.35,801.53,7,Wednesday,7,0
Standard Class,Medium,Consumer,LATAM,Grocery,19,0.03,555.71,7,Monday,11,0
Standard Class,High,Consumer,LATAM,Electronics,3,0.32,802.48,3,Tuesday,11,0
Same Day,Medium,Consumer,Africa,Furniture,11,0.36,153.89,4,Tuesday,12,0
First Class,Low,Consumer,Europe,Apparel,6,0.37,1132.7,4,Thursday,12,0
Standard Class,Critical,Corporate,USCA,Grocery,16,0.35,631.57,5,Sunday,1,1
Standard Class,Low,Consumer,Pacific Asia,Apparel,8,0.38,407.56,1,Friday,9,1
Standard Class,Low,Consumer,Pacific Asia,Furniture,11,0.02,25.82,6,Wednesday,9,0
Standard Class,Medium,Consumer,USCA,Furniture,9,0.4,815.83,4,Sunday,4,0
First Class,Medium,Corporate,Pacific Asia,Office Supplies,1,0.01,1163.79,4,Monday,3,0
Standard Class,High,Home Office,USCA,Furniture,7,0.07,674.66,5,Sunday,12,0
Standard Class,Low,Corporate,USCA,Apparel,10,0.03,405.89,2,Tuesday,3,1
Standard Class,Medium,Corporate,Africa,Furniture,9,0.3,507.82,5,Thursday,4,1
First Class,Medium,Corporate,Europe,Electronics,13,0.03,686.74,6,Friday,1,0
Second Class,Low,Consumer,LATAM,Office Supplies,18,0.12,829.62,1,Sunday,1,0
Standard Class,High,Consumer,LATAM,Furniture,16,0.26,228.17,3,Monday,9,1
Standard Class,High,Consumer,Europe,Electronics,4,0.2,1122.79,7,Thursday,3,0
Standard Class,Medium,Consumer,Pacific Asia,Apparel,6,0.05,503.03,3,Saturday,12,0
Same Day,Low,Consumer,USCA,Apparel,9,0.21,753.1,6,Wednesday,3,0
Standard Class,High,Corporate,LATAM,Electronics,12,0.14,1094.6,4,Tuesday,1,0
Standard Class,Low,Consumer,Africa,Electronics,12,0.23,698.24,4,Thursday,1,1
Standard Class,Low,Home Office,Pacific Asia,Furniture,1,0.22,823.42,6,Thursday,11,0
First Class,Low,Home Office,Africa,Office Supplies,9,0.4,763.49,4,Sunday,10,0
Standard Class,Low,Home Office,LATAM,Office Supplies,10,0.35,305.17,3,Tuesday,1,0
Standard Class,High,Consumer,Europe,Grocery,17,0.0,1155.91,3,Saturday,7,1
Second Class,Medium,Home Office,Europe,Electronics,1,0.07,572.17,1,Tuesday,7,0
Second Class,Critical,Home Office,Africa,Apparel,1,0.37,127.09,6,Friday,3,1
Second Class,Low,Home Office,Pacific Asia,Grocery,10,0.22,1197.6,2,Tuesday,7,0
First Class,Medium,Corporate,LATAM,Electronics,9,0.3,783.53,2,Thursday,10,0
Standard Class,Critical,Corporate,USCA,Electronics,9,0.2,734.09,4,Wednesday,5,1
Standard Class,High,Consumer,Europe,Grocery,5,0.31,1100.73,1,Thursday,6,1
Same Day,Medium,Consumer,Africa,Office Supplies,2,0.05,654.83,2,Saturday,8,1
Standard Class,Low,Consumer,LATAM,Electronics,14,0.3,438.88,4,Tuesday,5,1
Second Class,High,Home Office,Pacific Asia,Grocery,12,0.35,217.94,2,Saturday,3,0
Second Class,Low,Consumer,USCA,Furniture,16,0.11,974.59,7,Saturday,11,0
Standard Class,Medium,Consumer,USCA,Furniture,16,0.15,403.9,7,Monday,10,0
Standard Class,Medium,Home Office,Europe,Apparel,9,0.24,624.52,2,Tuesday,1,1
First Class,Medium,Consumer,USCA,Office Supplies,19,0.35,615.57,3,Saturday,3,0
First Class,Medium,Home Office,LATAM,Grocery,19,0.36,891.07,1,Tuesday,3,1
Second Class,Medium,Corporate,Europe,Office Supplies,10,0.21,824.17,3,Saturday,7,0
Standard Class,Low,Consumer,Europe,Office Supplies,11,0.26,514.06,4,Thursday,4,0
Standard Class,Medium,Consumer,Europe,Grocery,5,0.35,516.98,2,Tuesday,1,1
Standard Class,Medium,Corporate,LATAM,Electronics,16,0.09,331.69,6,Tuesday,10,0
Standard Class,Low,Home Office,Africa,Furniture,19,0.33,415.69,7,Thursday,7,1
Standard Class,Low,Home Office,USCA,Apparel,12,0.1,856.65,3,Tuesday,5,0
Same Day,Low,Consumer,USCA,Electronics,17,0.23,679.18,3,Thursday,12,0
First Class,Medium,Consumer,Africa,Office Supplies,2,0.37,70.75,3,Monday,10,0
Second Class,Critical,Consumer,Europe,Office Supplies,9,0.2,614.74,6,Sunday,8,0
Standard Class,Low,Corporate,Pacific Asia,Grocery,18,0.04,1146.5,7,Thursday,10,0
Standard Class,Medium,Consumer,LATAM,Furniture,2,0.36,140.06,2,Thursday,7,1
Same Day,Medium,Consumer,Europe,Furniture,10,0.23,134.84,2,Saturday,2,0
Standard Class,Low,Corporate,Europe,Apparel,9,0.03,804.63,6,Saturday,11,0
Standard Class,High,Consumer,Europe,Electronics,3,0.0,1149.72,4,Saturday,4,0
Standard Class,Low,Consumer,USCA,Apparel,9,0.1,41.78,7,Sunday,3,0
First Class,High,Corporate,USCA,Office Supplies,4,0.05,419.99,3,Friday,3,0
First Class,Low,Corporate,Pacific Asia,Office Supplies,13,0.25,89.73,2,Thursday,9,0
Standard Class,Low,Consumer,LATAM,Furniture,19,0.24,326.32,4,Thursday,10,0
First Class,Low,Corporate,Europe,Office Supplies,12,0.34,669.88,7,Tuesday,4,0
Standard Class,Low,Corporate,USCA,Electronics,12,0.21,536.12,7,Friday,2,0
Standard Class,High,Corporate,Africa,Electronics,15,0.1,442.36,7,Monday,11,1
First Class,Low,Home Office,USCA,Apparel,12,0.02,260.7,4,Sunday,10,0
First Class,Medium,Corporate,Europe,Electronics,2,0.0,747.15,3,Thursday,10,0
Second Class,Low,Corporate,Europe,Office Supplies,12,0.37,695.15,4,Monday,1,0
Second Class,High,Corporate,USCA,Grocery,7,0.06,799.07,7,Saturday,12,0
First Class,High,Corporate,Africa,Furniture,7,0.2,953.92,5,Sunday,2,0
First Class,Medium,Consumer,Africa,Furniture,18,0.32,878.07,1,Saturday,12,1
First Class,Low,Consumer,Europe,Furniture,12,0.37,1149.16,4,Sunday,5,0
Second Class,Medium,Corporate,USCA,Grocery,18,0.08,211.61,1,Saturday,9,0
Same Day,Low,Consumer,LATAM,Office Supplies,6,0.09,1142.17,4,Sunday,4,0
Same Day,Low,Consumer,LATAM,Electronics,8,0.07,214.85,3,Thursday,7,0
Standard Class,Medium,Corporate,Europe,Office Supplies,17,0.06,1012.98,7,Wednesday,8,0
First Class,Critical,Consumer,Africa,Apparel,15,0.18,948.25,1,Thursday,10,1
Standard Class,High,Corporate,LATAM,Office Supplies,12,0.25,802.62,1,Monday,11,1
Standard Class,Medium,Consumer,USCA,Office Supplies,7,0.28,850.43,1,Thursday,2,1
Second Class,Medium,Consumer,Pacific Asia,Furniture,13,0.13,832.91,6,Tuesday,10,0
Standard Class,Critical,Consumer,Pacific Asia,Office Supplies,12,0.25,640.6,7,Monday,10,1
Standard Class,Medium,Consumer,Africa,Grocery,16,0.0,48.86,6,Saturday,12,1
First Class,Medium,Consumer,Pacific Asia,Furniture,19,0.36,699.68,1,Monday,6,1
Standard Class,High,Consumer,USCA,Apparel,10,0.35,473.06,4,Friday,8,0
Standard Class,Low,Consumer,Europe,Grocery,16,0.22,334.12,6,Thursday,8,1
Same Day,Low,Corporate,Europe,Grocery,12,0.1,593.25,1,Sunday,7,0
Standard Class,Medium,Consumer,USCA,Apparel,3,0.39,1019.25,6,Wednesday,3,0
Standard Class,Low,Corporate,Europe,Electronics,4,0.32,698.24,3,Saturday,6,0
Standard Class,Low,Corporate,USCA,Office Supplies,1,0.01,1158.06,6,Monday,1,0
Standard Class,Medium,Consumer,USCA,Office Supplies,4,0.19,510.48,3,Sunday,3,0
Second Class,Medium,Consumer,Pacific Asia,Electronics,4,0.04,210.25,5,Tuesday,10,0
First Class,Critical,Consumer,Pacific Asia,Apparel,3,0.05,384.44,6,Monday,11,0
Standard Class,Low,Home Office,Africa,Electronics,18,0.0,182.15,3,Sunday,2,1
First Class,Low,Home Office,Pacific Asia,Furniture,18,0.28,825.0,4,Tuesday,5,0
Standard Class,Low,Consumer,Europe,Furniture,8,0.1,199.83,3,Friday,10,0
Standard Class,Medium,Corporate,Pacific Asia,Furniture,8,0.12,626.72,7,Saturday,9,0
Second Class,Medium,Home Office,USCA,Electronics,7,0.02,1108.87,2,Saturday,12,0
Second Class,Medium,Corporate,Pacific Asia,Grocery,8,0.0,526.3,1,Saturday,12,0
Second Class,Low,Consumer,Europe,Furniture,16,0.32,489.24,3,Saturday,9,0
Standard Class,Medium,Consumer,Africa,Electronics,3,0.26,251.73,4,Monday,12,1
Standard Class,Medium,Consumer,LATAM,Furniture,15,0.15,907.01,7,Sunday,10,0
Standard Class,Low,Corporate,USCA,Furniture,18,0.03,372.06,6,Monday,3,0
Standard Class,Medium,Corporate,Europe,Office Supplies,11,0.31,1188.58,3,Thursday,2,0
Second Class,Medium,Corporate,Europe,Electronics,2,0.37,208.44,4,Wednesday,1,0
Standard Class,Critical,Consumer,LATAM,Office Supplies,19,0.21,12.67,7,Wednesday,4,1
First Class,High,Home Office,Africa,Apparel,16,0.06,651.91,2,Thursday,8,1
Standard Class,Medium,Home Office,USCA,Furniture,6,0.26,91.68,1,Saturday,2,1
Standard Class,High,Consumer,Africa,Furniture,9,0.03,449.9,6,Monday,3,1
Standard Class,Medium,Consumer,LATAM,Office Supplies,15,0.07,547.46,2,Sunday,11,1
Standard Class,High,Corporate,USCA,Electronics,9,0.19,305.51,2,Sunday,9,1
First Class,Low,Consumer,Pacific Asia,Grocery,10,0.1,1173.97,6,Sunday,5,0
Standard Class,Medium,Consumer,Africa,Grocery,2,0.37,420.35,7,Tuesday,7,1
Standard Class,Medium,Consumer,Pacific Asia,Apparel,15,0.32,182.2,5,Thursday,10,1
First Class,Medium,Home Office,USCA,Electronics,1,0.11,54.41,7,Thursday,10,0
Second Class,Low,Home Office,LATAM,Electronics,6,0.39,378.21,1,Tuesday,11,0
Standard Class,Low,Consumer,Pacific Asia,Office Supplies,13,0.15,987.06,7,Sunday,10,1
Standard Class,Low,Home Office,Pacific Asia,Furniture,7,0.23,302.66,7,Saturday,5,0
Second Class,Low,Corporate,Europe,Furniture,17,0.23,722.47,2,Thursday,3,0
Same Day,Low,Consumer,USCA,Electronics,19,0.26,1187.05,2,Wednesday,8,1
First Class,Medium,Home Office,LATAM,Grocery,17,0.1,418.87,7,Wednesday,9,0
Standard Class,High,Corporate,Europe,Apparel,1,0.37,743.03,6,Sunday,12,0
Same Day,Medium,Home Office,Africa,Office Supplies,17,0.11,723.44,1,Sunday,5,1
Standard Class,High,Consumer,LATAM,Electronics,7,0.27,717.21,2,Sunday,11,1
Standard Class,High,Corporate,Europe,Apparel,3,0.31,1144.53,3,Thursday,8,0
First Class,Medium,Consumer,Africa,Electronics,4,0.35,945.26,3,Friday,7,0
Standard Class,Low,Consumer,LATAM,Apparel,14,0.18,20.5,7,Tuesday,8,0
Standard Class,Low,Corporate,Europe,Apparel,12,0.28,43.2,3,Tuesday,8,0
Standard Class,High,Home Office,LATAM,Furniture,7,0.03,57.65,1,Saturday,12,1
Standard Class,Low,Corporate,Pacific Asia,Office Supplies,14,0.31,443.88,3,Friday,6,1
Second Class,Medium,Consumer,Europe,Office Supplies,13,0.3,533.16,2,Monday,9,1
Second Class,Low,Consumer,Pacific Asia,Furniture,17,0.16,970.58,7,Sunday,11,0
Standard Class,High,Home Office,Europe,Grocery,5,0.13,767.19,3,Sunday,12,0
Standard Class,Medium,Consumer,Pacific Asia,Office Supplies,8,0.15,1199.97,6,Thursday,9,0
Same Day,High,Consumer,USCA,Furniture,11,0.04,954.91,5,Saturday,5,0
First Class,Low,Home Office,Pacific Asia,Apparel,15,0.26,1049.45,6,Tuesday,4,0
Standard Class,Low,Home Office,USCA,Apparel,15,0.37,226.56,1,Saturday,3,1
Same Day,Medium,Corporate,LATAM,Office Supplies,13,0.27,773.3,4,Friday,3,0
Second Class,Critical,Consumer,Africa,Apparel,7,0.23,187.33,3,Tuesday,8,0
Standard Class,Medium,Consumer,Africa,Office Supplies,17,0.4,813.22,5,Thursday,2,1
Standard Class,High,Corporate,Africa,Electronics,18,0.22,973.49,3,Tuesday,1,1
Standard Class,High,Home Office,USCA,Furniture,12,0.14,367.32,4,Friday,1,0
Second Class,High,Home Office,Africa,Grocery,15,0.28,208.99,4,Wednesday,7,0
Standard Class,Medium,Corporate,Africa,Office Supplies,5,0.21,292.52,5,Monday,3,1
Standard Class,Low,Home Office,Pacific Asia,Grocery,19,0.39,975.02,7,Sunday,10,1
Standard Class,Low,Consumer,Africa,Furniture,8,0.36,661.0,6,Monday,1,1
Same Day,Critical,Consumer,USCA,Furniture,4,0.38,648.39,4,Tuesday,8,0
Standard Class,Critical,Consumer,Pacific Asia,Electronics,5,0.0,696.35,7,Tuesday,11,1
Same Day,Medium,Home Office,USCA,Furniture,8,0.13,595.85,7,Tuesday,5,0
Same Day,Low,Consumer,Europe,Apparel,19,0.25,1037.44,3,Tuesday,9,0
Standard Class,Low,Consumer,Africa,Grocery,19,0.12,613.86,7,Saturday,7,1
Standard Class,Critical,Home Office,USCA,Furniture,2,0.26,719.2,5,Sunday,12,1
Standard Class,Low,Consumer,USCA,Furniture,6,0.29,1175.96,5,Thursday,7,0
Same Day,High,Consumer,Pacific Asia,Grocery,18,0.25,551.83,2,Sunday,10,0
Standard Class,Low,Corporate,Europe,Grocery,17,0.18,232.7,1,Thursday,8,1
Standard Class,Medium,Corporate,Europe,Electronics,17,0.28,679.94,4,Monday,2,1
Standard Class,High,Consumer,Africa,Furniture,17,0.31,848.5,2,Monday,6,1
Standard Class,Low,Home Office,LATAM,Apparel,15,0.28,158.95,3,Monday,9,1
Same Day,Low,Consumer,LATAM,Apparel,7,0.32,202.76,1,Monday,5,0
Second Class,Critical,Home Office,Pacific Asia,Electronics,5,0.38,39.0,6,Friday,11,0
First Class,Medium,Corporate,Africa,Furniture,19,0.04,895.81,3,Monday,4,0
Standard Class,High,Consumer,Pacific Asia,Grocery,7,0.36,250.55,2,Thursday,5,1
Standard Class,High,Home Office,Africa,Apparel,2,0.11,1082.29,2,Saturday,7,1
